time,open,high,low,close,volume
2007-02-06 00:00:00+00:00,0.7758,0.7781,0.7741,0.7774,1765
2007-02-07 00:00:00+00:00,0.7773,0.7795,0.7758,0.779,1794
2007-02-08 00:00:00+00:00,0.7791,0.7818,0.7766,0.7814,2650
2007-02-09 00:00:00+00:00,0.7815,0.782,0.7751,0.7762,2218
2007-02-12 00:00:00+00:00,0.777,0.7775,0.7711,0.7717,2023
2007-02-13 00:00:00+00:00,0.7716,0.7795,0.7707,0.7789,2406
2007-02-14 00:00:00+00:00,0.7788,0.7849,0.7785,0.7832,2689
2007-02-15 00:00:00+00:00,0.7833,0.7863,0.7824,0.7836,2780
2007-02-16 00:00:00+00:00,0.7835,0.7871,0.7832,0.7868,1720
2007-02-19 00:00:00+00:00,0.7869,0.7886,0.7845,0.786,1508
2007-02-20 00:00:00+00:00,0.7861,0.7869,0.7849,0.7862,1415
2007-02-21 00:00:00+00:00,0.786,0.7919,0.7851,0.7911,2930
2007-02-22 00:00:00+00:00,0.7914,0.7914,0.7873,0.7889,2085
2007-02-23 00:00:00+00:00,0.7892,0.7923,0.788,0.7915,1714
2007-02-26 00:00:00+00:00,0.7922,0.7943,0.791,0.7935,1596
2007-02-27 00:00:00+00:00,0.7937,0.7944,0.7871,0.7873,3818
2007-02-28 00:00:00+00:00,0.7872,0.7893,0.7853,0.7875,5030
2007-03-01 00:00:00+00:00,0.7875,0.7883,0.7835,0.7841,3437
2007-03-02 00:00:00+00:00,0.7842,0.7861,0.781,0.782,2851
2007-03-05 00:00:00+00:00,0.7822,0.7822,0.7681,0.7682,4082
2007-03-06 00:00:00+00:00,0.7684,0.7754,0.768,0.7745,3638
2007-03-07 00:00:00+00:00,0.7746,0.7795,0.7739,0.7768,3379
2007-03-08 00:00:00+00:00,0.777,0.7789,0.775,0.7774,2825
2007-03-09 00:00:00+00:00,0.7771,0.7814,0.777,0.7799,2663
2007-03-12 00:00:00+00:00,0.7808,0.7871,0.7796,0.7865,2786
2007-03-13 00:00:00+00:00,0.7867,0.7883,0.7797,0.7801,3663
2007-03-14 00:00:00+00:00,0.7804,0.7874,0.7801,0.7868,3609
2007-03-15 00:00:00+00:00,0.7871,0.7896,0.7847,0.7878,3097
2007-03-16 00:00:00+00:00,0.7876,0.7973,0.7876,0.7957,3735
2007-03-19 00:00:00+00:00,0.7941,0.8032,0.7933,0.8018,3725
2007-03-20 00:00:00+00:00,0.8019,0.8038,0.7962,0.803,4146
2007-03-21 00:00:00+00:00,0.8032,0.8087,0.8001,0.8084,3383
2007-03-22 00:00:00+00:00,0.8083,0.809,0.805,0.8055,3071
2007-03-23 00:00:00+00:00,0.8056,0.8077,0.8043,0.8047,2887
2007-03-26 00:00:00+00:00,0.8051,0.8105,0.8027,0.8098,2901
2007-03-27 00:00:00+00:00,0.8099,0.8108,0.8065,0.8077,2832
2007-03-28 00:00:00+00:00,0.8076,0.8081,0.8037,0.8052,3666
2007-03-29 00:00:00+00:00,0.8054,0.8098,0.805,0.8073,2509
2007-03-30 00:00:00+00:00,0.8072,0.8126,0.8056,0.8084,3147
2007-04-02 00:00:00+00:00,0.8095,0.8181,0.8081,0.8169,3163
2007-04-03 00:00:00+00:00,0.8167,0.8173,0.8115,0.8129,2774
2007-04-04 00:00:00+00:00,0.8127,0.8194,0.8062,0.8184,4079
2007-04-05 00:00:00+00:00,0.8183,0.821,0.8163,0.8195,3092
2007-04-06 00:00:00+00:00,0.8192,0.8201,0.8151,0.8162,1385
2007-04-09 00:00:00+00:00,0.8165,0.8174,0.8151,0.8167,1301
2007-04-10 00:00:00+00:00,0.8169,0.8266,0.8158,0.8255,2931
2007-04-11 00:00:00+00:00,0.8256,0.8266,0.8234,0.8253,2702
2007-04-12 00:00:00+00:00,0.825,0.8295,0.8231,0.8291,3044
2007-04-13 00:00:00+00:00,0.8289,0.8338,0.8289,0.8333,3146
2007-04-16 00:00:00+00:00,0.8342,0.8358,0.8311,0.8323,2811
2007-04-17 00:00:00+00:00,0.8324,0.8385,0.8314,0.8367,2430
2007-04-18 00:00:00+00:00,0.8366,0.8389,0.8314,0.8389,2210
2007-04-19 00:00:00+00:00,0.8388,0.8388,0.8281,0.8356,3273
2007-04-20 00:00:00+00:00,0.8359,0.8378,0.8338,0.8375,2350
2007-04-23 00:00:00+00:00,0.8374,0.8375,0.8314,0.8323,2216
2007-04-24 00:00:00+00:00,0.8324,0.8338,0.8232,0.8277,4095
2007-04-25 00:00:00+00:00,0.8278,0.8357,0.8271,0.8352,3166
2007-04-26 00:00:00+00:00,0.8353,0.8354,0.825,0.8263,2930
2007-04-27 00:00:00+00:00,0.826,0.8336,0.8238,0.8298,3969
2007-04-30 00:00:00+00:00,0.8285,0.8329,0.8256,0.8295,2826
2007-05-01 00:00:00+00:00,0.8295,0.8327,0.827,0.8274,2684
2007-05-02 00:00:00+00:00,0.8275,0.8281,0.822,0.8241,3378
2007-05-03 00:00:00+00:00,0.8242,0.8257,0.8221,0.8232,2272
2007-05-04 00:00:00+00:00,0.8234,0.8235,0.8169,0.8213,3008
2007-05-07 00:00:00+00:00,0.821,0.8264,0.8203,0.8245,2112
2007-05-08 00:00:00+00:00,0.8242,0.8307,0.8241,0.8281,2707
2007-05-09 00:00:00+00:00,0.828,0.8306,0.8263,0.8273,2318
2007-05-10 00:00:00+00:00,0.8274,0.8334,0.8235,0.8253,3621
2007-05-11 00:00:00+00:00,0.8252,0.8327,0.8228,0.8314,3039
2007-05-14 00:00:00+00:00,0.8318,0.835,0.8317,0.832,2053
2007-05-15 00:00:00+00:00,0.8321,0.8346,0.8302,0.8336,2288
2007-05-16 00:00:00+00:00,0.8335,0.8338,0.823,0.8235,3079
2007-05-17 00:00:00+00:00,0.8237,0.8269,0.8202,0.823,2756
2007-05-18 00:00:00+00:00,0.8231,0.8256,0.8205,0.8227,2591
2007-05-21 00:00:00+00:00,0.8238,0.8246,0.8181,0.8212,2117
2007-05-22 00:00:00+00:00,0.821,0.823,0.8185,0.8191,2241
2007-05-23 00:00:00+00:00,0.8192,0.8266,0.8192,0.8227,2708
2007-05-24 00:00:00+00:00,0.8228,0.8235,0.8178,0.8184,2569
2007-05-25 00:00:00+00:00,0.8183,0.8217,0.8173,0.8177,2599
2007-05-28 00:00:00+00:00,0.8183,0.8198,0.818,0.8192,439
2007-05-29 00:00:00+00:00,0.8195,0.821,0.8162,0.8181,2065
2007-05-30 00:00:00+00:00,0.8183,0.8238,0.8173,0.823,2662
2007-05-31 00:00:00+00:00,0.8228,0.8291,0.8214,0.8267,3200
2007-06-01 00:00:00+00:00,0.827,0.8329,0.827,0.8329,2672
2007-06-04 00:00:00+00:00,0.8324,0.8346,0.8309,0.8345,2663
2007-06-05 00:00:00+00:00,0.8343,0.8406,0.8335,0.837,3067
2007-06-06 00:00:00+00:00,0.8371,0.8438,0.8368,0.8413,3409
2007-06-07 00:00:00+00:00,0.8411,0.8475,0.8386,0.8407,4189
2007-06-08 00:00:00+00:00,0.8406,0.8447,0.8364,0.8447,4747
2007-06-11 00:00:00+00:00,0.844,0.8443,0.8389,0.8432,3215
2007-06-12 00:00:00+00:00,0.8431,0.8446,0.839,0.84,3010
2007-06-13 00:00:00+00:00,0.8402,0.8424,0.8357,0.8396,4005
2007-06-14 00:00:00+00:00,0.8395,0.8406,0.8332,0.8353,3373
2007-06-15 00:00:00+00:00,0.8352,0.8421,0.835,0.842,3288
2007-06-18 00:00:00+00:00,0.8414,0.8452,0.8398,0.8423,3365
2007-06-19 00:00:00+00:00,0.8424,0.8469,0.842,0.8461,3044
2007-06-20 00:00:00+00:00,0.8463,0.8475,0.8428,0.8431,3453
2007-06-21 00:00:00+00:00,0.843,0.8474,0.8429,0.8472,3158
2007-06-22 00:00:00+00:00,0.8469,0.8493,0.8454,0.8471,3341
2007-06-25 00:00:00+00:00,0.8482,0.8497,0.846,0.8473,3167
2007-06-26 00:00:00+00:00,0.8472,0.851,0.8451,0.8453,3762
2007-06-27 00:00:00+00:00,0.8452,0.8459,0.8355,0.8388,5427
2007-06-28 00:00:00+00:00,0.8387,0.8469,0.8382,0.8467,4861
2007-06-29 00:00:00+00:00,0.8468,0.8521,0.8461,0.8492,4476
2007-07-02 00:00:00+00:00,0.8525,0.8599,0.8496,0.8591,4235
2007-07-03 00:00:00+00:00,0.859,0.8599,0.854,0.8545,4249
2007-07-04 00:00:00+00:00,0.8548,0.8589,0.8542,0.8574,2872
2007-07-05 00:00:00+00:00,0.8575,0.8608,0.8553,0.8558,3382
2007-07-06 00:00:00+00:00,0.8561,0.8589,0.8549,0.8581,3195
2007-07-09 00:00:00+00:00,0.858,0.8613,0.8568,0.8602,2806
2007-07-10 00:00:00+00:00,0.8601,0.8634,0.8565,0.8605,4025
2007-07-11 00:00:00+00:00,0.8603,0.8639,0.8573,0.8631,4934
2007-07-12 00:00:00+00:00,0.863,0.8668,0.8603,0.8665,4027
2007-07-13 00:00:00+00:00,0.8667,0.8716,0.8653,0.8711,4104
2007-07-16 00:00:00+00:00,0.87,0.8759,0.8696,0.872,2270
2007-07-17 00:00:00+00:00,0.8721,0.8751,0.8708,0.8725,3161
2007-07-18 00:00:00+00:00,0.8726,0.8787,0.8717,0.8775,4032
2007-07-19 00:00:00+00:00,0.8776,0.8808,0.8762,0.8799,3873
2007-07-20 00:00:00+00:00,0.8802,0.8833,0.8752,0.8801,4252
2007-07-23 00:00:00+00:00,0.8797,0.8842,0.879,0.8827,3159
2007-07-24 00:00:00+00:00,0.8828,0.8862,0.8805,0.8811,4456
2007-07-25 00:00:00+00:00,0.8816,0.887,0.8786,0.8845,6199
2007-07-26 00:00:00+00:00,0.8844,0.8867,0.8666,0.8683,6557
2007-07-27 00:00:00+00:00,0.8684,0.8766,0.8509,0.8517,11489
2007-07-30 00:00:00+00:00,0.8482,0.8582,0.8458,0.8581,8463
2007-07-31 00:00:00+00:00,0.8582,0.8614,0.8495,0.8496,7206
2007-08-01 00:00:00+00:00,0.8497,0.8567,0.8446,0.8563,8554
2007-08-02 00:00:00+00:00,0.8564,0.8602,0.8491,0.858,5976
2007-08-03 00:00:00+00:00,0.8579,0.8602,0.8536,0.8547,4974
2007-08-06 00:00:00+00:00,0.8534,0.859,0.852,0.8583,4235
2007-08-07 00:00:00+00:00,0.8584,0.8591,0.8513,0.8549,4939
2007-08-08 00:00:00+00:00,0.8553,0.8635,0.8539,0.8622,4960
2007-08-09 00:00:00+00:00,0.8621,0.8662,0.8484,0.8496,7388
2007-08-10 00:00:00+00:00,0.8495,0.8511,0.8399,0.8444,8541
2007-08-13 00:00:00+00:00,0.8464,0.8504,0.8407,0.8418,6277
2007-08-14 00:00:00+00:00,0.842,0.8427,0.8337,0.8338,6084
2007-08-15 00:00:00+00:00,0.8339,0.8346,0.8178,0.8178,8509
2007-08-16 00:00:00+00:00,0.818,0.8201,0.782,0.7953,17397
2007-08-17 00:00:00+00:00,0.7954,0.8008,0.7675,0.7975,18759
2007-08-20 00:00:00+00:00,0.7991,0.8092,0.7891,0.8067,10497
2007-08-21 00:00:00+00:00,0.8064,0.8078,0.7956,0.8002,10942
2007-08-22 00:00:00+00:00,0.7994,0.8092,0.7969,0.8082,7568
2007-08-23 00:00:00+00:00,0.8083,0.8215,0.8073,0.8195,9162
2007-08-24 00:00:00+00:00,0.8196,0.8272,0.8152,0.8272,7612
2007-08-27 00:00:00+00:00,0.8278,0.8333,0.8256,0.826,4911
2007-08-28 00:00:00+00:00,0.8261,0.8277,0.8129,0.8135,7994
2007-08-29 00:00:00+00:00,0.8137,0.8234,0.805,0.8214,9752
2007-08-30 00:00:00+00:00,0.8212,0.8216,0.8127,0.8153,8118
2007-08-31 00:00:00+00:00,0.8154,0.8251,0.8106,0.8184,8058
2007-09-03 00:00:00+00:00,0.8164,0.8238,0.8164,0.8225,4538
2007-09-04 00:00:00+00:00,0.8224,0.827,0.8199,0.8246,6814
2007-09-05 00:00:00+00:00,0.8245,0.8287,0.8182,0.8217,8035
2007-09-06 00:00:00+00:00,0.8215,0.8297,0.8187,0.8288,6696
2007-09-07 00:00:00+00:00,0.8289,0.8309,0.8228,0.8264,5539
2007-09-10 00:00:00+00:00,0.8266,0.8267,0.8171,0.8253,7337
2007-09-11 00:00:00+00:00,0.8254,0.8349,0.8236,0.8336,6644
2007-09-12 00:00:00+00:00,0.8337,0.8434,0.8326,0.8413,6871
2007-09-13 00:00:00+00:00,0.8408,0.8438,0.8342,0.8348,6678
2007-09-14 00:00:00+00:00,0.8349,0.843,0.8347,0.8419,5699
2007-09-17 00:00:00+00:00,0.8417,0.8456,0.8311,0.8328,5270
2007-09-18 00:00:00+00:00,0.833,0.8529,0.8275,0.8515,8458
2007-09-19 00:00:00+00:00,0.8516,0.857,0.8486,0.8561,7815
2007-09-20 00:00:00+00:00,0.856,0.8659,0.8551,0.8628,7319
2007-09-21 00:00:00+00:00,0.8626,0.8703,0.8605,0.8668,6105
2007-09-24 00:00:00+00:00,0.8678,0.8699,0.8656,0.8678,5077
2007-09-25 00:00:00+00:00,0.8679,0.8738,0.8612,0.8735,6604
2007-09-26 00:00:00+00:00,0.8733,0.877,0.8713,0.8766,5184
2007-09-27 00:00:00+00:00,0.8767,0.8833,0.8749,0.8796,6272
2007-09-28 00:00:00+00:00,0.8794,0.8886,0.8785,0.8878,6326
2007-10-01 00:00:00+00:00,0.8886,0.8948,0.8853,0.8941,5736
2007-10-02 00:00:00+00:00,0.8942,0.8948,0.8807,0.8812,7710
2007-10-03 00:00:00+00:00,0.8815,0.8914,0.8812,0.8827,7284
2007-10-04 00:00:00+00:00,0.8826,0.8899,0.8795,0.8879,6985
2007-10-05 00:00:00+00:00,0.888,0.9003,0.8865,0.8973,6791
2007-10-08 00:00:00+00:00,0.8997,0.9032,0.8919,0.8929,4139
2007-10-09 00:00:00+00:00,0.8928,0.9012,0.8912,0.9006,6061
2007-10-10 00:00:00+00:00,0.9007,0.9009,0.8939,0.8968,6167
2007-10-11 00:00:00+00:00,0.8969,0.9059,0.8966,0.9007,7722
2007-10-12 00:00:00+00:00,0.9006,0.9051,0.8951,0.9045,7286
2007-10-15 00:00:00+00:00,0.9059,0.9077,0.8958,0.9002,6585
2007-10-16 00:00:00+00:00,0.9001,0.9012,0.8822,0.8895,11716
2007-10-17 00:00:00+00:00,0.8894,0.8971,0.8815,0.8916,11832
2007-10-18 00:00:00+00:00,0.8915,0.8971,0.888,0.8945,9069
2007-10-19 00:00:00+00:00,0.8944,0.8992,0.889,0.8902,8667
2007-10-22 00:00:00+00:00,0.8891,0.8915,0.8748,0.887,11598
2007-10-23 00:00:00+00:00,0.8875,0.899,0.8855,0.8977,8316
2007-10-24 00:00:00+00:00,0.8975,0.9046,0.8935,0.903,11122
2007-10-25 00:00:00+00:00,0.9031,0.9093,0.9009,0.9085,8393
2007-10-26 00:00:00+00:00,0.9083,0.9186,0.9076,0.9182,7178
2007-10-29 00:00:00+00:00,0.9216,0.927,0.9185,0.9231,7816
2007-10-30 00:00:00+00:00,0.9228,0.9229,0.9146,0.9197,8362
2007-10-31 00:00:00+00:00,0.92,0.9342,0.9189,0.9317,9730
2007-11-01 00:00:00+00:00,0.9318,0.9336,0.9107,0.9136,11836
2007-11-02 00:00:00+00:00,0.9135,0.9246,0.9135,0.9231,12007
2007-11-05 00:00:00+00:00,0.9214,0.9223,0.9156,0.9214,8565
2007-11-06 00:00:00+00:00,0.9211,0.9313,0.9204,0.9311,7460
2007-11-07 00:00:00+00:00,0.9309,0.9398,0.9187,0.923,12751
2007-11-08 00:00:00+00:00,0.9225,0.9331,0.9218,0.9264,12258
2007-11-09 00:00:00+00:00,0.9265,0.9319,0.91,0.9115,12750
2007-11-12 00:00:00+00:00,0.9052,0.9088,0.8752,0.8802,14451
2007-11-13 00:00:00+00:00,0.8799,0.9,0.8775,0.8994,12429
2007-11-14 00:00:00+00:00,0.8993,0.9068,0.893,0.8955,11990
2007-11-15 00:00:00+00:00,0.8954,0.9015,0.883,0.8852,10596
2007-11-16 00:00:00+00:00,0.8853,0.894,0.8816,0.8926,11064
2007-11-19 00:00:00+00:00,0.8942,0.8995,0.8802,0.8827,9190
2007-11-20 00:00:00+00:00,0.8828,0.8952,0.8757,0.8945,12865
2007-11-21 00:00:00+00:00,0.8946,0.8946,0.8651,0.8715,13662
2007-11-22 00:00:00+00:00,0.8713,0.8788,0.868,0.8723,6901
2007-11-23 00:00:00+00:00,0.8722,0.8777,0.8684,0.8775,7511
2007-11-26 00:00:00+00:00,0.878,0.8868,0.8666,0.8697,9453
2007-11-27 00:00:00+00:00,0.87,0.8812,0.8697,0.8764,12007
2007-11-28 00:00:00+00:00,0.8767,0.8918,0.8719,0.8876,10428
2007-11-29 00:00:00+00:00,0.8879,0.8884,0.8774,0.8811,10483
2007-11-30 00:00:00+00:00,0.8813,0.8894,0.8805,0.8839,9531
2007-12-03 00:00:00+00:00,0.885,0.8851,0.8785,0.8802,6945
2007-12-04 00:00:00+00:00,0.8804,0.8811,0.8696,0.8714,8387
2007-12-05 00:00:00+00:00,0.8715,0.8734,0.8659,0.8703,9164
2007-12-06 00:00:00+00:00,0.8707,0.8795,0.8689,0.8786,7187
2007-12-07 00:00:00+00:00,0.8788,0.8826,0.8741,0.876,6808
2007-12-10 00:00:00+00:00,0.8756,0.8867,0.8741,0.8862,6195
2007-12-11 00:00:00+00:00,0.8858,0.8895,0.871,0.8742,7452
2007-12-12 00:00:00+00:00,0.874,0.8906,0.874,0.8834,9054
2007-12-13 00:00:00+00:00,0.8836,0.8867,0.8733,0.8765,7863
2007-12-14 00:00:00+00:00,0.8767,0.8792,0.8604,0.8605,8377
2007-12-17 00:00:00+00:00,0.8634,0.8648,0.8557,0.8585,8533
2007-12-18 00:00:00+00:00,0.8582,0.8642,0.8551,0.8611,7272
2007-12-19 00:00:00+00:00,0.8614,0.8634,0.8557,0.8583,6277
2007-12-20 00:00:00+00:00,0.8584,0.8603,0.857,0.8585,4592
2007-12-21 00:00:00+00:00,0.8586,0.8695,0.8585,0.8673,5431
2007-12-24 00:00:00+00:00,0.868,0.8718,0.8672,0.871,3002
2007-12-26 00:00:00+00:00,0.8726,0.8746,0.8722,0.8739,1195
2007-12-27 00:00:00+00:00,0.874,0.8793,0.871,0.877,3460
2007-12-28 00:00:00+00:00,0.8766,0.8788,0.8721,0.8762,3186
2007-12-31 00:00:00+00:00,0.8769,0.8827,0.8752,0.8775,2019
2008-01-02 00:00:00+00:00,0.8793,0.8844,0.8789,0.8842,4160
2008-01-03 00:00:00+00:00,0.8841,0.8846,0.8785,0.8802,6191
2008-01-04 00:00:00+00:00,0.8807,0.8836,0.8699,0.8721,7407
2008-01-07 00:00:00+00:00,0.8714,0.8747,0.8683,0.8726,7374
2008-01-08 00:00:00+00:00,0.8728,0.8838,0.8705,0.8795,8209
2008-01-09 00:00:00+00:00,0.8793,0.8856,0.8784,0.8837,8959
2008-01-10 00:00:00+00:00,0.8836,0.8975,0.881,0.8942,7684
2008-01-11 00:00:00+00:00,0.8943,0.897,0.89,0.8908,7542
2008-01-14 00:00:00+00:00,0.8916,0.9002,0.8909,0.8986,5948
2008-01-15 00:00:00+00:00,0.8988,0.9018,0.878,0.8813,9797
2008-01-16 00:00:00+00:00,0.8811,0.8865,0.8743,0.8791,14127
2008-01-17 00:00:00+00:00,0.879,0.8879,0.8759,0.8779,12670
2008-01-18 00:00:00+00:00,0.8776,0.8851,0.8699,0.879,13305
2008-01-21 00:00:00+00:00,0.8811,0.8817,0.8578,0.8583,9681
2008-01-22 00:00:00+00:00,0.8584,0.8718,0.8513,0.8702,17345
2008-01-23 00:00:00+00:00,0.8701,0.8747,0.861,0.8733,15361
2008-01-24 00:00:00+00:00,0.8732,0.8831,0.8691,0.8823,11784
2008-01-25 00:00:00+00:00,0.8825,0.8853,0.8772,0.8795,10107
2008-01-28 00:00:00+00:00,0.8801,0.8894,0.8769,0.8886,7195
2008-01-29 00:00:00+00:00,0.8885,0.8903,0.8858,0.8874,7461
2008-01-30 00:00:00+00:00,0.8875,0.9014,0.8859,0.8909,8761
2008-01-31 00:00:00+00:00,0.891,0.8981,0.8819,0.8956,12484
2008-02-01 00:00:00+00:00,0.8957,0.9046,0.8943,0.9042,10018
2008-02-04 00:00:00+00:00,0.9025,0.91,0.9023,0.908,7309
2008-02-05 00:00:00+00:00,0.9077,0.909,0.894,0.8958,11704
2008-02-06 00:00:00+00:00,0.8959,0.8998,0.8907,0.8944,10299
2008-02-07 00:00:00+00:00,0.8937,0.8974,0.8874,0.8951,10767
2008-02-08 00:00:00+00:00,0.895,0.8985,0.8915,0.8955,7455
2008-02-11 00:00:00+00:00,0.8964,0.9057,0.8955,0.9039,7872
2008-02-12 00:00:00+00:00,0.904,0.9084,0.9021,0.9037,6689
2008-02-13 00:00:00+00:00,0.9038,0.9045,0.8922,0.8964,9742
2008-02-14 00:00:00+00:00,0.8963,0.9064,0.8963,0.9016,7540
2008-02-15 00:00:00+00:00,0.9017,0.9096,0.9002,0.909,7075
2008-02-18 00:00:00+00:00,0.9077,0.9152,0.9068,0.9149,4816
2008-02-19 00:00:00+00:00,0.915,0.9236,0.9148,0.9206,8493
2008-02-20 00:00:00+00:00,0.9205,0.9211,0.9111,0.9195,9216
2008-02-21 00:00:00+00:00,0.9194,0.9206,0.9164,0.9202,7060
2008-02-22 00:00:00+00:00,0.9201,0.9249,0.9171,0.9239,7625
2008-02-25 00:00:00+00:00,0.9232,0.9277,0.9216,0.9275,5695
2008-02-26 00:00:00+00:00,0.9276,0.9348,0.9252,0.9343,7692
2008-02-27 00:00:00+00:00,0.9344,0.943,0.9318,0.9406,9067
2008-02-28 00:00:00+00:00,0.9405,0.9496,0.9367,0.9475,9777
2008-02-29 00:00:00+00:00,0.9476,0.9485,0.9303,0.9307,11192
2008-03-03 00:00:00+00:00,0.9306,0.9419,0.9286,0.9399,10926
2008-03-04 00:00:00+00:00,0.9398,0.94,0.9217,0.9251,12441
2008-03-05 00:00:00+00:00,0.9252,0.9365,0.9228,0.9343,10733
2008-03-06 00:00:00+00:00,0.9344,0.9382,0.9245,0.9266,10003
2008-03-07 00:00:00+00:00,0.9265,0.9375,0.926,0.9267,12154
2008-03-10 00:00:00+00:00,0.9271,0.9311,0.9156,0.9178,9279
2008-03-11 00:00:00+00:00,0.9176,0.9309,0.9147,0.9296,10050
2008-03-12 00:00:00+00:00,0.9294,0.9366,0.9275,0.9346,10064
2008-03-13 00:00:00+00:00,0.9345,0.947,0.9329,0.9453,10761
2008-03-14 00:00:00+00:00,0.9451,0.9463,0.9353,0.9374,10621
2008-03-17 00:00:00+00:00,0.941,0.9446,0.9128,0.9214,17686
2008-03-18 00:00:00+00:00,0.9216,0.9326,0.9167,0.9299,12110
2008-03-19 00:00:00+00:00,0.9301,0.9353,0.9116,0.9138,13774
2008-03-20 00:00:00+00:00,0.9139,0.9166,0.8953,0.8996,12081
2008-03-21 00:00:00+00:00,0.8997,0.9031,0.8989,0.9021,2626
2008-03-24 00:00:00+00:00,0.8992,0.9095,0.8979,0.9089,5112
2008-03-25 00:00:00+00:00,0.9086,0.9177,0.9085,0.9168,8724
2008-03-26 00:00:00+00:00,0.9166,0.9241,0.9121,0.9198,8732
2008-03-27 00:00:00+00:00,0.92,0.9252,0.9166,0.92,9124
2008-03-28 00:00:00+00:00,0.9201,0.9242,0.9151,0.9174,8448
2008-03-31 00:00:00+00:00,0.9165,0.9181,0.9104,0.9135,9773
2008-04-01 00:00:00+00:00,0.9131,0.9147,0.9031,0.9073,10072
2008-04-02 00:00:00+00:00,0.9072,0.9158,0.9055,0.9141,8361
2008-04-03 00:00:00+00:00,0.9142,0.9177,0.9092,0.9148,8835
2008-04-04 00:00:00+00:00,0.9155,0.9228,0.9099,0.9228,9354
2008-04-07 00:00:00+00:00,0.9209,0.9284,0.9178,0.925,6503
2008-04-08 00:00:00+00:00,0.9251,0.9321,0.9242,0.931,7443
2008-04-09 00:00:00+00:00,0.9311,0.932,0.9261,0.9294,7760
2008-04-10 00:00:00+00:00,0.9295,0.9346,0.929,0.9317,8520
2008-04-11 00:00:00+00:00,0.9316,0.934,0.9273,0.9278,7770
2008-04-14 00:00:00+00:00,0.9256,0.9272,0.9205,0.927,8770
2008-04-15 00:00:00+00:00,0.9269,0.9307,0.9233,0.9264,7965
2008-04-16 00:00:00+00:00,0.9265,0.9401,0.925,0.9393,7818
2008-04-17 00:00:00+00:00,0.9391,0.9394,0.9337,0.9359,9186
2008-04-18 00:00:00+00:00,0.9361,0.9395,0.9271,0.9348,9330
2008-04-21 00:00:00+00:00,0.9335,0.9443,0.9328,0.9423,7589
2008-04-22 00:00:00+00:00,0.9422,0.9473,0.9391,0.945,8351
2008-04-23 00:00:00+00:00,0.9452,0.9541,0.9449,0.9474,9625
2008-04-24 00:00:00+00:00,0.9475,0.9483,0.9373,0.939,9793
2008-04-25 00:00:00+00:00,0.9389,0.942,0.929,0.9334,9311
2008-04-28 00:00:00+00:00,0.9341,0.9403,0.9334,0.9381,5757
2008-04-29 00:00:00+00:00,0.9382,0.9393,0.9293,0.9326,8434
2008-04-30 00:00:00+00:00,0.9328,0.9472,0.9312,0.943,9244
2008-05-01 00:00:00+00:00,0.9433,0.9442,0.9305,0.9324,8427
2008-05-02 00:00:00+00:00,0.9325,0.9385,0.9275,0.9346,8602
2008-05-05 00:00:00+00:00,0.9348,0.9468,0.9342,0.9464,4988
2008-05-06 00:00:00+00:00,0.9463,0.9506,0.9432,0.9498,7393
2008-05-07 00:00:00+00:00,0.95,0.9505,0.9407,0.9422,7415
2008-05-08 00:00:00+00:00,0.9421,0.9455,0.9349,0.9432,10497
2008-05-09 00:00:00+00:00,0.9436,0.9455,0.9384,0.9435,7789
2008-05-12 00:00:00+00:00,0.9412,0.9478,0.9356,0.947,6724
2008-05-13 00:00:00+00:00,0.9471,0.9476,0.9384,0.9399,8121
2008-05-14 00:00:00+00:00,0.94,0.9425,0.9303,0.9333,8644
2008-05-15 00:00:00+00:00,0.9334,0.9418,0.9291,0.9401,9892
2008-05-16 00:00:00+00:00,0.9399,0.9559,0.9392,0.9556,8371
2008-05-19 00:00:00+00:00,0.9558,0.9562,0.951,0.9529,5696
2008-05-20 00:00:00+00:00,0.9536,0.9618,0.9517,0.9583,8378
2008-05-21 00:00:00+00:00,0.9582,0.9653,0.9557,0.9631,7510
2008-05-22 00:00:00+00:00,0.9627,0.9648,0.9543,0.9564,7037
2008-05-23 00:00:00+00:00,0.9563,0.9636,0.9553,0.9591,5901
2008-05-26 00:00:00+00:00,0.9593,0.9617,0.9581,0.9603,3109
2008-05-27 00:00:00+00:00,0.9602,0.9635,0.958,0.9587,6725
2008-05-28 00:00:00+00:00,0.9588,0.9628,0.9562,0.962,7867
2008-05-29 00:00:00+00:00,0.9619,0.9636,0.9535,0.9551,9320
2008-05-30 00:00:00+00:00,0.9553,0.9578,0.9512,0.9558,7916
2008-06-02 00:00:00+00:00,0.9547,0.9567,0.9501,0.9554,7261
2008-06-03 00:00:00+00:00,0.9553,0.9612,0.9508,0.951,9016
2008-06-04 00:00:00+00:00,0.9511,0.9629,0.9486,0.9563,9655
2008-06-05 00:00:00+00:00,0.9562,0.9592,0.9511,0.9575,8489
2008-06-06 00:00:00+00:00,0.9578,0.9643,0.9564,0.9625,6395
2008-06-09 00:00:00+00:00,0.9618,0.9646,0.9482,0.9489,7895
2008-06-10 00:00:00+00:00,0.9495,0.9524,0.944,0.9458,9911
2008-06-11 00:00:00+00:00,0.9457,0.9492,0.9435,0.9478,6634
2008-06-12 00:00:00+00:00,0.948,0.9487,0.9327,0.9356,10129
2008-06-13 00:00:00+00:00,0.9359,0.9411,0.9334,0.9389,8007
2008-06-16 00:00:00+00:00,0.9393,0.9424,0.937,0.9402,5291
2008-06-17 00:00:00+00:00,0.9404,0.9452,0.9389,0.9438,7467
2008-06-18 00:00:00+00:00,0.9437,0.9473,0.9402,0.9461,5761
2008-06-19 00:00:00+00:00,0.946,0.9519,0.9447,0.9497,5741
2008-06-20 00:00:00+00:00,0.9498,0.9566,0.949,0.9532,5734
2008-06-23 00:00:00+00:00,0.9533,0.956,0.9493,0.9515,6339
2008-06-24 00:00:00+00:00,0.9516,0.9586,0.95,0.9564,6131
2008-06-25 00:00:00+00:00,0.9565,0.96,0.9532,0.9587,6391
2008-06-26 00:00:00+00:00,0.9588,0.9608,0.9551,0.9553,7108
2008-06-27 00:00:00+00:00,0.9548,0.9633,0.9541,0.961,7038
2008-06-30 00:00:00+00:00,0.9607,0.9666,0.9553,0.9582,6461
2008-07-01 00:00:00+00:00,0.9582,0.9593,0.9511,0.9552,7840
2008-07-02 00:00:00+00:00,0.9551,0.965,0.9533,0.9624,7023
2008-07-03 00:00:00+00:00,0.9622,0.9632,0.9582,0.9597,6125
2008-07-04 00:00:00+00:00,0.9598,0.9639,0.9591,0.9634,3786
2008-07-07 00:00:00+00:00,0.9626,0.9633,0.9516,0.9558,6428
2008-07-08 00:00:00+00:00,0.9561,0.9564,0.9502,0.9531,6678
2008-07-09 00:00:00+00:00,0.9532,0.959,0.9475,0.9554,8307
2008-07-10 00:00:00+00:00,0.9555,0.9639,0.9544,0.9615,7494
2008-07-11 00:00:00+00:00,0.9614,0.9716,0.9597,0.9662,7503
2008-07-14 00:00:00+00:00,0.9701,0.9735,0.9663,0.9715,6358
2008-07-15 00:00:00+00:00,0.9714,0.9849,0.9708,0.9784,8872
2008-07-16 00:00:00+00:00,0.9785,0.9815,0.9728,0.974,7847
2008-07-17 00:00:00+00:00,0.9739,0.979,0.9677,0.9732,7565
2008-07-18 00:00:00+00:00,0.9731,0.9738,0.9701,0.9701,5885
2008-07-21 00:00:00+00:00,0.9721,0.9772,0.9706,0.9766,5893
2008-07-22 00:00:00+00:00,0.9768,0.9792,0.9686,0.9714,6542
2008-07-23 00:00:00+00:00,0.9715,0.9734,0.96,0.9604,9931
2008-07-24 00:00:00+00:00,0.9605,0.9636,0.9539,0.9583,10079
2008-07-25 00:00:00+00:00,0.9584,0.9606,0.9545,0.9563,8496
2008-07-28 00:00:00+00:00,0.9545,0.9594,0.9527,0.9568,5886
2008-07-29 00:00:00+00:00,0.9567,0.9585,0.9498,0.9521,6241
2008-07-30 00:00:00+00:00,0.9525,0.9526,0.9412,0.9443,9057
2008-07-31 00:00:00+00:00,0.9442,0.9475,0.9397,0.9413,8863
2008-08-01 00:00:00+00:00,0.9413,0.9417,0.9285,0.9291,9412
2008-08-04 00:00:00+00:00,0.9298,0.9346,0.9286,0.9292,6106
2008-08-05 00:00:00+00:00,0.9293,0.9297,0.9133,0.9156,9447
2008-08-06 00:00:00+00:00,0.9153,0.9205,0.9064,0.9089,7028
2008-08-07 00:00:00+00:00,0.9091,0.9129,0.9046,0.9048,8659
2008-08-08 00:00:00+00:00,0.9047,0.9073,0.8868,0.8883,12893
2008-08-11 00:00:00+00:00,0.8864,0.8952,0.8795,0.8818,10313
2008-08-12 00:00:00+00:00,0.8814,0.8844,0.8703,0.8713,13190
2008-08-13 00:00:00+00:00,0.8711,0.877,0.8591,0.875,14466
2008-08-14 00:00:00+00:00,0.8749,0.8795,0.8667,0.8698,12281
2008-08-15 00:00:00+00:00,0.8704,0.8706,0.8609,0.8662,11042
2008-08-18 00:00:00+00:00,0.8665,0.8756,0.8653,0.8682,8930
2008-08-19 00:00:00+00:00,0.8681,0.8733,0.8625,0.8718,9797
2008-08-20 00:00:00+00:00,0.8719,0.8743,0.8673,0.8726,7196
2008-08-21 00:00:00+00:00,0.8725,0.8812,0.865,0.8795,8844
2008-08-22 00:00:00+00:00,0.8796,0.8804,0.8648,0.8664,4623
2008-08-25 00:00:00+00:00,0.8674,0.8689,0.8614,0.8634,7072
2008-08-26 00:00:00+00:00,0.8636,0.8646,0.8493,0.8543,11377
2008-08-27 00:00:00+00:00,0.8541,0.8637,0.8531,0.8583,10434
2008-08-28 00:00:00+00:00,0.8584,0.8693,0.8576,0.8617,10764
2008-08-29 00:00:00+00:00,0.8619,0.8658,0.8555,0.8577,8749
2008-09-01 00:00:00+00:00,0.8562,0.858,0.8481,0.8489,6681
2008-09-02 00:00:00+00:00,0.8488,0.8533,0.8269,0.8367,14982
2008-09-03 00:00:00+00:00,0.8368,0.8401,0.8233,0.8354,13885
2008-09-04 00:00:00+00:00,0.8357,0.8393,0.8133,0.8148,12908
2008-09-05 00:00:00+00:00,0.8147,0.8222,0.8029,0.8158,18462
2008-09-08 00:00:00+00:00,0.8328,0.8353,0.8076,0.8147,17008
2008-09-09 00:00:00+00:00,0.8144,0.8176,0.7982,0.7991,17459
2008-09-10 00:00:00+00:00,0.7992,0.813,0.7943,0.7962,16871
2008-09-11 00:00:00+00:00,0.7963,0.8097,0.79,0.8073,15643
2008-09-12 00:00:00+00:00,0.8066,0.8241,0.8007,0.8236,16116
2008-09-15 00:00:00+00:00,0.8182,0.8262,0.8011,0.8059,18912
2008-09-16 00:00:00+00:00,0.8057,0.8058,0.7852,0.7953,20688
2008-09-17 00:00:00+00:00,0.7954,0.8074,0.7802,0.7841,21273
2008-09-18 00:00:00+00:00,0.7902,0.8096,0.7866,0.8036,19690
2008-09-19 00:00:00+00:00,0.8037,0.8361,0.8012,0.8338,19676
2008-09-22 00:00:00+00:00,0.8369,0.8518,0.8283,0.8435,16808
2008-09-23 00:00:00+00:00,0.8436,0.8468,0.8279,0.834,13816
2008-09-24 00:00:00+00:00,0.8346,0.8428,0.8315,0.833,14345
2008-09-25 00:00:00+00:00,0.8329,0.8425,0.8318,0.8344,14536
2008-09-26 00:00:00+00:00,0.8341,0.8377,0.824,0.8309,15007
2008-09-29 00:00:00+00:00,0.8276,0.8329,0.7982,0.7989,14357
2008-09-30 00:00:00+00:00,0.799,0.8097,0.7868,0.7943,17341
2008-10-01 00:00:00+00:00,0.7941,0.8019,0.7858,0.7896,16366
2008-10-02 00:00:00+00:00,0.7899,0.7943,0.7698,0.7728,16905
2008-10-03 00:00:00+00:00,0.7729,0.7816,0.7712,0.7739,16790
2008-10-06 00:00:00+00:00,0.7715,0.7719,0.6998,0.7102,23871
2008-10-07 00:00:00+00:00,0.7104,0.7352,0.7025,0.7118,27102
2008-10-08 00:00:00+00:00,0.7123,0.7147,0.6445,0.6722,34299
2008-10-09 00:00:00+00:00,0.6723,0.7133,0.6647,0.6876,29049
2008-10-10 00:00:00+00:00,0.6875,0.6875,0.633,0.6431,36091
2008-10-13 00:00:00+00:00,0.6794,0.7,0.6543,0.6971,27596
2008-10-14 00:00:00+00:00,0.6972,0.7237,0.6936,0.7002,30529
2008-10-15 00:00:00+00:00,0.7001,0.7076,0.6495,0.6541,27465
2008-10-16 00:00:00+00:00,0.654,0.6943,0.6521,0.6892,29770
2008-10-17 00:00:00+00:00,0.6893,0.7009,0.6732,0.6889,20412
2008-10-20 00:00:00+00:00,0.6913,0.7064,0.6886,0.7032,17709
2008-10-21 00:00:00+00:00,0.7031,0.7032,0.6707,0.6758,19323
2008-10-22 00:00:00+00:00,0.6763,0.6825,0.663,0.6712,22623
2008-10-23 00:00:00+00:00,0.6711,0.6751,0.6528,0.6741,26872
2008-10-24 00:00:00+00:00,0.674,0.6743,0.6057,0.622,32918
2008-10-27 00:00:00+00:00,0.6159,0.6246,0.6009,0.6034,20577
2008-10-28 00:00:00+00:00,0.6036,0.6523,0.6022,0.6494,21261
2008-10-29 00:00:00+00:00,0.6493,0.6799,0.6338,0.6699,25212
2008-10-30 00:00:00+00:00,0.6701,0.689,0.6618,0.6742,25961
2008-10-31 00:00:00+00:00,0.674,0.6753,0.655,0.6677,24486
2008-11-03 00:00:00+00:00,0.6709,0.6861,0.6642,0.6744,18865
2008-11-04 00:00:00+00:00,0.6749,0.7015,0.6602,0.6974,18726
2008-11-05 00:00:00+00:00,0.6972,0.701,0.6767,0.6767,21757
2008-11-06 00:00:00+00:00,0.6771,0.6901,0.6634,0.6641,22978
2008-11-07 00:00:00+00:00,0.6643,0.6787,0.6548,0.6742,16844
2008-11-10 00:00:00+00:00,0.6888,0.6984,0.6652,0.6722,19411
2008-11-11 00:00:00+00:00,0.672,0.6756,0.6476,0.6559,18074
2008-11-12 00:00:00+00:00,0.6556,0.6663,0.6348,0.6372,21619
2008-11-13 00:00:00+00:00,0.6379,0.6683,0.634,0.6645,22072
2008-11-14 00:00:00+00:00,0.6643,0.6695,0.6464,0.6476,19777
2008-11-17 00:00:00+00:00,0.6388,0.6598,0.6374,0.6464,19396
2008-11-18 00:00:00+00:00,0.6462,0.6576,0.6411,0.6505,17515
2008-11-19 00:00:00+00:00,0.6507,0.6594,0.6361,0.6367,15671
2008-11-20 00:00:00+00:00,0.6368,0.6417,0.6076,0.6113,19950
2008-11-21 00:00:00+00:00,0.6112,0.6329,0.6077,0.6324,18400
2008-11-24 00:00:00+00:00,0.636,0.6555,0.6232,0.6551,17325
2008-11-25 00:00:00+00:00,0.655,0.6617,0.6332,0.6501,22104
2008-11-26 00:00:00+00:00,0.6503,0.6551,0.6429,0.6493,15618
2008-11-27 00:00:00+00:00,0.6489,0.6605,0.6478,0.6552,9667
2008-11-28 00:00:00+00:00,0.6548,0.6596,0.6491,0.6546,13145
2008-12-01 00:00:00+00:00,0.6512,0.6539,0.6372,0.6386,10119
2008-12-02 00:00:00+00:00,0.6385,0.6492,0.6334,0.644,10955
2008-12-03 00:00:00+00:00,0.6442,0.6512,0.6396,0.6501,10164
2008-12-04 00:00:00+00:00,0.6503,0.6535,0.6395,0.6429,10517
2008-12-05 00:00:00+00:00,0.6431,0.6489,0.6294,0.6462,10149
2008-12-08 00:00:00+00:00,0.6464,0.669,0.6459,0.6648,9905
2008-12-09 00:00:00+00:00,0.6647,0.6649,0.6494,0.658,9294
2008-12-10 00:00:00+00:00,0.6579,0.664,0.6521,0.6562,8934
2008-12-11 00:00:00+00:00,0.6555,0.6797,0.6548,0.6706,9923
2008-12-12 00:00:00+00:00,0.6704,0.673,0.6486,0.6645,11228
2008-12-15 00:00:00+00:00,0.6623,0.6746,0.6619,0.6704,12574
2008-12-16 00:00:00+00:00,0.6699,0.6986,0.6667,0.6927,10685
2008-12-17 00:00:00+00:00,0.6932,0.7078,0.6863,0.7054,12943
2008-12-18 00:00:00+00:00,0.7053,0.7139,0.6765,0.6871,16812
2008-12-19 00:00:00+00:00,0.6873,0.6927,0.6766,0.6805,15184
2008-12-22 00:00:00+00:00,0.6808,0.6893,0.6799,0.6832,11515
2008-12-23 00:00:00+00:00,0.6835,0.6852,0.6771,0.6785,9344
2008-12-24 00:00:00+00:00,0.6787,0.6839,0.6756,0.6821,5919
2008-12-26 00:00:00+00:00,0.6841,0.6873,0.6801,0.6837,2318
2008-12-29 00:00:00+00:00,0.6846,0.6968,0.684,0.6862,5138
2008-12-30 00:00:00+00:00,0.6864,0.6941,0.6858,0.6911,5247
2008-12-31 00:00:00+00:00,0.6912,0.7072,0.6853,0.7062,4971
2009-01-02 00:00:00+00:00,0.6972,0.7117,0.6915,0.7114,9181
2009-01-05 00:00:00+00:00,0.7143,0.72,0.7062,0.7141,15056
2009-01-06 00:00:00+00:00,0.7139,0.7266,0.7033,0.72,14386
2009-01-07 00:00:00+00:00,0.7198,0.7268,0.7094,0.7128,15629
2009-01-08 00:00:00+00:00,0.7132,0.7136,0.6957,0.7105,15619
2009-01-09 00:00:00+00:00,0.7103,0.7123,0.7015,0.7035,16980
2009-01-12 00:00:00+00:00,0.6995,0.6995,0.6778,0.6806,16900
2009-01-13 00:00:00+00:00,0.6803,0.6819,0.6576,0.6663,18897
2009-01-14 00:00:00+00:00,0.6665,0.6809,0.658,0.6595,18673
2009-01-15 00:00:00+00:00,0.6598,0.6697,0.6538,0.6681,20229
2009-01-16 00:00:00+00:00,0.6683,0.6795,0.6646,0.6731,16803
2009-01-19 00:00:00+00:00,0.678,0.6841,0.6654,0.6661,15280
2009-01-20 00:00:00+00:00,0.6663,0.6683,0.6462,0.6464,18147
2009-01-21 00:00:00+00:00,0.6465,0.6658,0.6455,0.6636,18644
2009-01-22 00:00:00+00:00,0.6634,0.6636,0.6491,0.6557,17597
2009-01-23 00:00:00+00:00,0.6555,0.6586,0.6418,0.6539,18628
2009-01-26 00:00:00+00:00,0.6532,0.6641,0.6493,0.6623,44012
2009-01-27 00:00:00+00:00,0.6624,0.6716,0.6572,0.6632,48393
2009-01-28 00:00:00+00:00,0.6632,0.6728,0.6592,0.6659,53777
2009-01-29 00:00:00+00:00,0.6659,0.6678,0.6508,0.6514,43663
2009-01-30 00:00:00+00:00,0.6514,0.6514,0.6344,0.6373,64351
2009-02-02 00:00:00+00:00,0.6356,0.6366,0.6248,0.6296,49647
2009-02-03 00:00:00+00:00,0.6297,0.6542,0.6295,0.6501,59378
2009-02-04 00:00:00+00:00,0.6501,0.653,0.6353,0.6404,67291
2009-02-05 00:00:00+00:00,0.6404,0.6579,0.6402,0.6511,58838
2009-02-06 00:00:00+00:00,0.651,0.68,0.6474,0.6751,53119
2009-02-09 00:00:00+00:00,0.672,0.6849,0.6627,0.6783,28277
2009-02-10 00:00:00+00:00,0.6782,0.6789,0.6482,0.6553,28227
2009-02-11 00:00:00+00:00,0.6551,0.66,0.648,0.6545,20245
2009-02-12 00:00:00+00:00,0.6548,0.6614,0.6427,0.6556,22359
2009-02-13 00:00:00+00:00,0.6555,0.6641,0.652,0.6567,17831
2009-02-16 00:00:00+00:00,0.6519,0.6539,0.6475,0.65,12787
2009-02-17 00:00:00+00:00,0.6501,0.653,0.6332,0.6365,17092
2009-02-18 00:00:00+00:00,0.6367,0.6432,0.6337,0.6388,17226
2009-02-19 00:00:00+00:00,0.6387,0.6521,0.6372,0.6453,15824
2009-02-20 00:00:00+00:00,0.6454,0.6499,0.6353,0.6451,17151
2009-02-23 00:00:00+00:00,0.6449,0.6546,0.6402,0.642,14343
2009-02-24 00:00:00+00:00,0.6422,0.6528,0.6389,0.6526,16047
2009-02-25 00:00:00+00:00,0.6527,0.6553,0.6453,0.647,14216
2009-02-26 00:00:00+00:00,0.6468,0.655,0.6461,0.6475,13341
2009-02-27 00:00:00+00:00,0.6476,0.6481,0.6339,0.6384,14412
2009-03-02 00:00:00+00:00,0.637,0.6383,0.6286,0.6292,14292
2009-03-03 00:00:00+00:00,0.6293,0.6461,0.6287,0.6371,14533
2009-03-04 00:00:00+00:00,0.6372,0.6526,0.6286,0.6478,15903
2009-03-05 00:00:00+00:00,0.6477,0.6485,0.6356,0.6372,16236
2009-03-06 00:00:00+00:00,0.6371,0.647,0.6368,0.6403,16585
2009-03-09 00:00:00+00:00,0.6415,0.6449,0.6306,0.6326,14619
2009-03-10 00:00:00+00:00,0.6325,0.6488,0.6324,0.6472,15928
2009-03-11 00:00:00+00:00,0.6474,0.6524,0.6399,0.6498,16202
2009-03-12 00:00:00+00:00,0.6499,0.6577,0.6411,0.6519,18097
2009-03-13 00:00:00+00:00,0.652,0.6603,0.6516,0.6581,14326
2009-03-16 00:00:00+00:00,0.6536,0.6636,0.6535,0.6592,14098
2009-03-17 00:00:00+00:00,0.6591,0.6627,0.6567,0.6625,15204
2009-03-18 00:00:00+00:00,0.6626,0.6815,0.6565,0.6784,14325
2009-03-19 00:00:00+00:00,0.6783,0.6942,0.6722,0.6875,15822
2009-03-20 00:00:00+00:00,0.6876,0.69295,0.685,0.68663,33355
2009-03-23 00:00:00+00:00,0.69297,0.70578,0.6903,0.70243,29291
2009-03-24 00:00:00+00:00,0.70275,0.70916,0.69313,0.6985,31614
2009-03-25 00:00:00+00:00,0.69852,0.70497,0.69017,0.6974,35108
2009-03-26 00:00:00+00:00,0.69747,0.70393,0.6974,0.70195,33803
2009-03-27 00:00:00+00:00,0.70193,0.70287,0.68655,0.69395,34951
2009-03-30 00:00:00+00:00,0.69001,0.6924,0.67683,0.68115,29397
2009-03-31 00:00:00+00:00,0.68106,0.69675,0.67855,0.6907,41207
2009-04-01 00:00:00+00:00,0.69065,0.6995,0.68551,0.69776,31003
2009-04-02 00:00:00+00:00,0.6976,0.7198,0.69731,0.71574,34813
2009-04-03 00:00:00+00:00,0.71575,0.72268,0.7057,0.71474,33580
2009-04-06 00:00:00+00:00,0.7157,0.72065,0.70781,0.71212,35169
2009-04-07 00:00:00+00:00,0.71236,0.7168,0.70488,0.71045,39260
2009-04-08 00:00:00+00:00,0.71048,0.7127,0.7032,0.70942,39919
2009-04-09 00:00:00+00:00,0.70945,0.72015,0.7052,0.71875,38386
2009-04-10 00:00:00+00:00,0.71873,0.72061,0.7173,0.71935,11495
2009-04-13 00:00:00+00:00,0.72171,0.7322,0.71845,0.73219,25554
2009-04-14 00:00:00+00:00,0.73218,0.73218,0.71985,0.7211,36606
2009-04-15 00:00:00+00:00,0.7212,0.72934,0.71457,0.72725,39069
2009-04-16 00:00:00+00:00,0.72722,0.73135,0.71375,0.71975,44616
2009-04-17 00:00:00+00:00,0.71983,0.72273,0.71669,0.72235,32100
2009-04-20 00:00:00+00:00,0.72308,0.72375,0.69515,0.69862,30487
2009-04-21 00:00:00+00:00,0.69868,0.71285,0.69678,0.70955,36769
2009-04-22 00:00:00+00:00,0.70958,0.71156,0.70017,0.70554,47125
2009-04-23 00:00:00+00:00,0.7055,0.71545,0.70274,0.71347,47036
2009-04-24 00:00:00+00:00,0.71348,0.72373,0.71052,0.7223,45525
2009-04-27 00:00:00+00:00,0.72114,0.72114,0.708,0.70853,45584
2009-04-28 00:00:00+00:00,0.7085,0.70995,0.69888,0.70541,49705
2009-04-29 00:00:00+00:00,0.7054,0.72994,0.705,0.72363,46764
2009-04-30 00:00:00+00:00,0.72366,0.73825,0.72313,0.72493,37013
2009-05-01 00:00:00+00:00,0.72503,0.73449,0.724,0.73001,34166
2009-05-04 00:00:00+00:00,0.73244,0.74093,0.73131,0.74065,41590
2009-05-05 00:00:00+00:00,0.74064,0.74781,0.73774,0.74059,51438
2009-05-06 00:00:00+00:00,0.74061,0.75007,0.73352,0.74673,76736
2009-05-07 00:00:00+00:00,0.74669,0.76148,0.74573,0.75614,85862
2009-05-08 00:00:00+00:00,0.75614,0.77063,0.75069,0.76834,73545
2009-05-11 00:00:00+00:00,0.77072,0.77086,0.75673,0.75776,64180
2009-05-12 00:00:00+00:00,0.7577,0.76797,0.7561,0.76466,81502
2009-05-13 00:00:00+00:00,0.76471,0.77032,0.75066,0.7525,85908
2009-05-14 00:00:00+00:00,0.75254,0.76165,0.74653,0.7592,74167
2009-05-15 00:00:00+00:00,0.75914,0.76066,0.74754,0.74887,54694
2009-05-18 00:00:00+00:00,0.74998,0.76663,0.74502,0.7646,46217
2009-05-19 00:00:00+00:00,0.76442,0.77829,0.76282,0.77338,56958
2009-05-20 00:00:00+00:00,0.77349,0.78081,0.76851,0.77306,54932
2009-05-21 00:00:00+00:00,0.77342,0.78003,0.76684,0.77831,53414
2009-05-22 00:00:00+00:00,0.77836,0.78666,0.77687,0.7825,56416
2009-05-25 00:00:00+00:00,0.78217,0.7834,0.77724,0.78145,21581
2009-05-26 00:00:00+00:00,0.78157,0.78813,0.77027,0.78662,67793
2009-05-27 00:00:00+00:00,0.78663,0.78899,0.77428,0.77605,66964
2009-05-28 00:00:00+00:00,0.77603,0.78677,0.77558,0.78405,72577
2009-05-29 00:00:00+00:00,0.78403,0.8014,0.78292,0.80075,64401
2009-06-01 00:00:00+00:00,0.80273,0.81518,0.79901,0.81019,67080
2009-06-02 00:00:00+00:00,0.81018,0.82298,0.80502,0.82037,70970
2009-06-03 00:00:00+00:00,0.82041,0.82626,0.79317,0.79975,81452
2009-06-04 00:00:00+00:00,0.79972,0.80895,0.79128,0.80179,80992
2009-06-05 00:00:00+00:00,0.80173,0.81205,0.79165,0.79304,69817
2009-06-08 00:00:00+00:00,0.79344,0.79853,0.78268,0.78918,62799
2009-06-09 00:00:00+00:00,0.78915,0.80424,0.78528,0.80125,70818
2009-06-10 00:00:00+00:00,0.80131,0.81341,0.79666,0.80145,65939
2009-06-11 00:00:00+00:00,0.80143,0.82363,0.80128,0.81872,72004
2009-06-12 00:00:00+00:00,0.81879,0.82112,0.80574,0.81216,62945
2009-06-15 00:00:00+00:00,0.80845,0.8099,0.79036,0.79448,59149
2009-06-16 00:00:00+00:00,0.79452,0.8067,0.78593,0.79205,68914
2009-06-17 00:00:00+00:00,0.79203,0.79964,0.78495,0.79289,73699
2009-06-18 00:00:00+00:00,0.7929,0.80527,0.79121,0.7999,55301
2009-06-19 00:00:00+00:00,0.79994,0.81178,0.79845,0.80596,47674
2009-06-22 00:00:00+00:00,0.8049,0.8049,0.785,0.78679,62383
2009-06-23 00:00:00+00:00,0.78677,0.79784,0.77889,0.7941,77788
2009-06-24 00:00:00+00:00,0.794,0.80543,0.79162,0.79635,69201
2009-06-25 00:00:00+00:00,0.79626,0.80418,0.7933,0.80383,58278
2009-06-26 00:00:00+00:00,0.80382,0.80864,0.80238,0.80766,56413
2009-06-29 00:00:00+00:00,0.80626,0.80958,0.79832,0.80729,47064
2009-06-30 00:00:00+00:00,0.80727,0.81547,0.80389,0.80535,62339
2009-07-01 00:00:00+00:00,0.80522,0.81079,0.80236,0.80911,54398
2009-07-02 00:00:00+00:00,0.80912,0.80944,0.79019,0.79053,59741
2009-07-03 00:00:00+00:00,0.7905,0.8006,0.79048,0.79658,36488
2009-07-06 00:00:00+00:00,0.79451,0.79793,0.78778,0.79589,57532
2009-07-07 00:00:00+00:00,0.79587,0.80378,0.78834,0.78921,63100
2009-07-08 00:00:00+00:00,0.78925,0.78929,0.77222,0.77948,73309
2009-07-09 00:00:00+00:00,0.77949,0.78609,0.77532,0.78341,63633
2009-07-10 00:00:00+00:00,0.78339,0.78481,0.77384,0.77853,59781
2009-07-13 00:00:00+00:00,0.7789,0.78422,0.77026,0.78402,63972
2009-07-14 00:00:00+00:00,0.78405,0.79468,0.7812,0.79445,48073
2009-07-15 00:00:00+00:00,0.79448,0.80551,0.7923,0.80303,53259
2009-07-16 00:00:00+00:00,0.8031,0.80703,0.79597,0.8051,63281
2009-07-17 00:00:00+00:00,0.80504,0.80513,0.79705,0.80209,55894
2009-07-20 00:00:00+00:00,0.8025,0.81791,0.80226,0.8156,55434
2009-07-21 00:00:00+00:00,0.81565,0.8192,0.80892,0.81688,55645
2009-07-22 00:00:00+00:00,0.81688,0.82119,0.80989,0.81585,57190
2009-07-23 00:00:00+00:00,0.81578,0.8221,0.81063,0.813,54691
2009-07-24 00:00:00+00:00,0.81304,0.81879,0.81224,0.81696,46907
2009-07-27 00:00:00+00:00,0.81823,0.82585,0.81442,0.82302,56078
2009-07-28 00:00:00+00:00,0.8229,0.83372,0.81994,0.82638,63810
2009-07-29 00:00:00+00:00,0.82629,0.82772,0.81244,0.81678,68550
2009-07-30 00:00:00+00:00,0.81677,0.82853,0.8142,0.82491,65979
2009-07-31 00:00:00+00:00,0.8249,0.83648,0.82361,0.83561,57143
2009-08-03 00:00:00+00:00,0.83554,0.84395,0.83384,0.8417,60747
2009-08-04 00:00:00+00:00,0.84158,0.84687,0.8385,0.84362,66211
2009-08-05 00:00:00+00:00,0.84361,0.84519,0.83612,0.84076,50310
2009-08-06 00:00:00+00:00,0.84076,0.84589,0.83679,0.83963,50813
2009-08-07 00:00:00+00:00,0.8396,0.84495,0.83448,0.83706,48613
2009-08-10 00:00:00+00:00,0.83392,0.84296,0.83303,0.83768,39427
2009-08-11 00:00:00+00:00,0.83764,0.83882,0.82756,0.82884,54233
2009-08-12 00:00:00+00:00,0.82893,0.83691,0.81797,0.8338,65984
2009-08-13 00:00:00+00:00,0.83383,0.84523,0.83296,0.84155,59322
2009-08-14 00:00:00+00:00,0.84154,0.84768,0.82745,0.83235,61261
2009-08-17 00:00:00+00:00,0.82966,0.83144,0.81548,0.82061,69214
2009-08-18 00:00:00+00:00,0.8206,0.82735,0.81941,0.82598,59365
2009-08-19 00:00:00+00:00,0.82603,0.83126,0.8175,0.82999,67695
2009-08-20 00:00:00+00:00,0.83001,0.83323,0.82687,0.83116,53543
2009-08-21 00:00:00+00:00,0.83108,0.83945,0.82157,0.83459,48755
2009-08-24 00:00:00+00:00,0.83775,0.84282,0.83577,0.8374,45879
2009-08-25 00:00:00+00:00,0.83742,0.84258,0.83365,0.83417,46313
2009-08-26 00:00:00+00:00,0.83416,0.83861,0.82524,0.82678,48900
2009-08-27 00:00:00+00:00,0.8268,0.8416,0.82377,0.8387,50374
2009-08-28 00:00:00+00:00,0.83867,0.84696,0.83778,0.84091,45817
2009-08-31 00:00:00+00:00,0.84228,0.84568,0.83385,0.84336,39864
2009-09-01 00:00:00+00:00,0.8433,0.8448,0.8245,0.8263,49692
2009-09-02 00:00:00+00:00,0.8265,0.8372,0.8239,0.8336,49978
2009-09-03 00:00:00+00:00,0.8336,0.8425,0.8315,0.8393,42908
2009-09-04 00:00:00+00:00,0.8393,0.8534,0.8378,0.8503,38489
2009-09-07 00:00:00+00:00,0.8514,0.8576,0.851,0.8553,25420
2009-09-08 00:00:00+00:00,0.8553,0.8656,0.8528,0.8618,40773
2009-09-09 00:00:00+00:00,0.8617,0.8667,0.8565,0.8627,26098
2009-09-10 00:00:00+00:00,0.8625,0.8644,0.8545,0.8633,9248
2009-09-11 00:00:00+00:00,0.8632,0.8674,0.8606,0.8633,8940
2009-09-14 00:00:00+00:00,0.8621,0.863,0.8543,0.8621,8667
2009-09-15 00:00:00+00:00,0.862,0.8645,0.8563,0.863,8930
2009-09-16 00:00:00+00:00,0.8631,0.8748,0.8628,0.8727,8275
2009-09-17 00:00:00+00:00,0.8728,0.8775,0.869,0.872,8517
2009-09-18 00:00:00+00:00,0.8719,0.872,0.8653,0.8674,8197
2009-09-21 00:00:00+00:00,0.8659,0.8681,0.859,0.8624,7924
2009-09-22 00:00:00+00:00,0.8626,0.8758,0.8626,0.8737,8423
2009-09-23 00:00:00+00:00,0.8736,0.8788,0.8657,0.8662,9470
2009-09-24 00:00:00+00:00,0.8667,0.8769,0.8619,0.8655,10030
2009-09-25 00:00:00+00:00,0.8656,0.8712,0.8607,0.8679,11217
2009-09-28 00:00:00+00:00,0.8665,0.8755,0.8586,0.8723,10208
2009-09-29 00:00:00+00:00,0.8722,0.8761,0.8675,0.8712,10283
2009-09-30 00:00:00+00:00,0.8711,0.8846,0.8708,0.8837,10776
2009-10-01 00:00:00+00:00,0.8835,0.8858,0.8676,0.8697,10938
2009-10-02 00:00:00+00:00,0.87,0.8712,0.8567,0.865,10468
2009-10-05 00:00:00+00:00,0.8654,0.8796,0.8646,0.8778,8286
2009-10-06 00:00:00+00:00,0.8776,0.8919,0.8758,0.8906,24550
2009-10-07 00:00:00+00:00,0.8907,0.895,0.8865,0.8905,9250
2009-10-08 00:00:00+00:00,0.8904,0.9088,0.89,0.9068,9682
2009-10-09 00:00:00+00:00,0.9067,0.9083,0.9012,0.9037,9755
2009-10-12 00:00:00+00:00,0.9038,0.9082,0.8984,0.9069,7390
2009-10-13 00:00:00+00:00,0.907,0.9125,0.9032,0.9088,9744
2009-10-14 00:00:00+00:00,0.9089,0.9159,0.9052,0.9156,10159
2009-10-15 00:00:00+00:00,0.9157,0.9227,0.9146,0.9203,9321
2009-10-16 00:00:00+00:00,0.9204,0.9269,0.9124,0.9164,10578
2009-10-19 00:00:00+00:00,0.9148,0.9293,0.9112,0.9288,10878
2009-10-20 00:00:00+00:00,0.9289,0.931,0.9181,0.9237,12068
2009-10-21 00:00:00+00:00,0.9238,0.9326,0.9192,0.9266,12947
2009-10-22 00:00:00+00:00,0.9267,0.9298,0.9185,0.9264,12411
2009-10-23 00:00:00+00:00,0.9265,0.9295,0.9198,0.9223,11875
2009-10-26 00:00:00+00:00,0.9217,0.9275,0.9125,0.9158,9238
2009-10-27 00:00:00+00:00,0.9159,0.9217,0.9121,0.9162,12522
2009-10-28 00:00:00+00:00,0.9163,0.9206,0.8961,0.8998,12506
2009-10-29 00:00:00+00:00,0.8999,0.9181,0.8942,0.9154,12739
2009-10-30 00:00:00+00:00,0.91545,0.91742,0.89772,0.89973,53182
2009-11-02 00:00:00+00:00,0.89599,0.91206,0.89534,0.90445,54689
2009-11-03 00:00:00+00:00,0.90446,0.90895,0.89157,0.90248,57128
2009-11-04 00:00:00+00:00,0.90252,0.91427,0.89769,0.90944,50832
2009-11-05 00:00:00+00:00,0.90948,0.91234,0.90239,0.9096,47505
2009-11-06 00:00:00+00:00,0.90958,0.91973,0.90924,0.91875,44640
2009-11-09 00:00:00+00:00,0.92078,0.93073,0.91939,0.93046,41522
2009-11-10 00:00:00+00:00,0.93048,0.93216,0.92542,0.93002,44456
2009-11-11 00:00:00+00:00,0.93003,0.93426,0.92707,0.93029,50868
2009-11-12 00:00:00+00:00,0.93032,0.93684,0.92098,0.92374,55405
2009-11-13 00:00:00+00:00,0.92369,0.93417,0.92342,0.93278,43758
2009-11-16 00:00:00+00:00,0.93375,0.94043,0.93154,0.93553,45041
2009-11-17 00:00:00+00:00,0.93558,0.93749,0.92368,0.92945,54440
2009-11-18 00:00:00+00:00,0.92948,0.93365,0.92649,0.92856,45737
2009-11-19 00:00:00+00:00,0.9286,0.92954,0.91312,0.91902,54790
2009-11-20 00:00:00+00:00,0.91905,0.92135,0.90603,0.91437,54233
2009-11-23 00:00:00+00:00,0.91183,0.92754,0.91173,0.92387,46050
2009-11-24 00:00:00+00:00,0.92385,0.92543,0.91311,0.92045,50126
2009-11-25 00:00:00+00:00,0.9205,0.9321,0.92018,0.93163,41492
2009-11-26 00:00:00+00:00,0.93173,0.93191,0.90932,0.91219,40130
2009-11-27 00:00:00+00:00,0.91222,0.91231,0.89457,0.90604,56950
2009-11-30 00:00:00+00:00,0.91165,0.91929,0.90946,0.91676,53540
2009-12-01 00:00:00+00:00,0.91678,0.92695,0.91049,0.92378,46234
2009-12-02 00:00:00+00:00,0.92387,0.9294,0.92304,0.9256,39452
2009-12-03 00:00:00+00:00,0.92561,0.93214,0.92304,0.92309,42149
2009-12-04 00:00:00+00:00,0.9231,0.92923,0.91062,0.91445,47273
2009-12-07 00:00:00+00:00,0.9159,0.91873,0.9052,0.91448,57071
2009-12-08 00:00:00+00:00,0.91451,0.91629,0.90192,0.90383,64298
2009-12-09 00:00:00+00:00,0.90379,0.91125,0.9014,0.90965,54248
2009-12-10 00:00:00+00:00,0.90962,0.91889,0.90871,0.91666,43853
2009-12-11 00:00:00+00:00,0.91668,0.91934,0.90901,0.91249,36489
2009-12-14 00:00:00+00:00,0.91024,0.91734,0.90531,0.91535,37539
2009-12-15 00:00:00+00:00,0.91534,0.91643,0.90335,0.90613,32344
2009-12-16 00:00:00+00:00,0.90616,0.90673,0.89548,0.89996,40405
2009-12-17 00:00:00+00:00,0.89995,0.90074,0.88456,0.88676,41839
2009-12-18 00:00:00+00:00,0.88681,0.89149,0.88095,0.88978,37541
2009-12-21 00:00:00+00:00,0.88881,0.89052,0.87828,0.87988,33737
2009-12-22 00:00:00+00:00,0.87985,0.88329,0.8742,0.87477,32767
2009-12-23 00:00:00+00:00,0.87482,0.8817,0.87343,0.87846,26229
2009-12-24 00:00:00+00:00,0.87822,0.88586,0.8782,0.88394,15408
2009-12-28 00:00:00+00:00,0.88373,0.88888,0.88272,0.88539,16545
2009-12-29 00:00:00+00:00,0.88546,0.89915,0.88538,0.89433,27074
2009-12-30 00:00:00+00:00,0.89432,0.89572,0.88996,0.8942,26514
2009-12-31 00:00:00+00:00,0.89424,0.9007,0.89287,0.89767,20932
2010-01-04 00:00:00+00:00,0.89938,0.9135,0.89372,0.91188,33539
2010-01-05 00:00:00+00:00,0.91176,0.9173,0.90911,0.91157,37194
2010-01-06 00:00:00+00:00,0.91156,0.92154,0.90983,0.91924,35090
2010-01-07 00:00:00+00:00,0.91927,0.92644,0.91588,0.91648,36534
2010-01-08 00:00:00+00:00,0.91654,0.9246,0.91228,0.92455,29314
2010-01-11 00:00:00+00:00,0.92784,0.93247,0.92777,0.92909,34147
2010-01-12 00:00:00+00:00,0.92918,0.93054,0.91702,0.92106,39872
2010-01-13 00:00:00+00:00,0.92103,0.9267,0.91888,0.92333,38661
2010-01-14 00:00:00+00:00,0.92432,0.93273,0.9216,0.93125,37118
2010-01-15 00:00:00+00:00,0.93128,0.93136,0.92145,0.92247,37060
2010-01-18 00:00:00+00:00,0.92049,0.92779,0.91735,0.92528,28626
2010-01-19 00:00:00+00:00,0.92531,0.92727,0.91755,0.92372,41260
2010-01-20 00:00:00+00:00,0.92375,0.92381,0.90721,0.91086,50105
2010-01-21 00:00:00+00:00,0.9109,0.91452,0.89921,0.90169,54562
2010-01-22 00:00:00+00:00,0.90175,0.90914,0.89815,0.90042,51511
2010-01-25 00:00:00+00:00,0.90185,0.9092,0.90185,0.90397,41692
2010-01-26 00:00:00+00:00,0.90397,0.90827,0.89375,0.8994,50268
2010-01-27 00:00:00+00:00,0.89942,0.90439,0.8909,0.89638,54147
2010-01-28 00:00:00+00:00,0.89648,0.90466,0.89287,0.89393,53825
2010-01-29 00:00:00+00:00,0.89383,0.89611,0.88324,0.88352,52821
2010-02-01 00:00:00+00:00,0.88309,0.89219,0.87877,0.89218,45796
2010-02-02 00:00:00+00:00,0.89218,0.89254,0.878,0.88601,46502
2010-02-03 00:00:00+00:00,0.88603,0.89149,0.88053,0.88122,44473
2010-02-04 00:00:00+00:00,0.88112,0.88239,0.86074,0.86652,49040
2010-02-05 00:00:00+00:00,0.86649,0.87169,0.85772,0.86815,55646
2010-02-08 00:00:00+00:00,0.86794,0.87081,0.86135,0.86315,45588
2010-02-09 00:00:00+00:00,0.86313,0.8796,0.86268,0.8787,52037
2010-02-10 00:00:00+00:00,0.87855,0.87911,0.8709,0.87507,45671
2010-02-11 00:00:00+00:00,0.87507,0.89189,0.87485,0.89055,45914
2010-02-12 00:00:00+00:00,0.89055,0.89129,0.87859,0.88763,44757
2010-02-15 00:00:00+00:00,0.88711,0.89091,0.88482,0.88949,20648
2010-02-16 00:00:00+00:00,0.88947,0.9026,0.88759,0.90106,42293
2010-02-17 00:00:00+00:00,0.90126,0.90353,0.89641,0.89781,41837
2010-02-18 00:00:00+00:00,0.89778,0.90245,0.89131,0.89217,46592
2010-02-19 00:00:00+00:00,0.8922,0.8988,0.88781,0.89862,45751
2010-02-22 00:00:00+00:00,0.89987,0.90226,0.89726,0.90054,35566
2010-02-23 00:00:00+00:00,0.90059,0.90702,0.88779,0.89145,45866
2010-02-24 00:00:00+00:00,0.89145,0.8955,0.88566,0.89295,44462
2010-02-25 00:00:00+00:00,0.89297,0.89509,0.88005,0.88755,47530
2010-02-26 00:00:00+00:00,0.88758,0.89781,0.88615,0.89518,43373
2010-03-01 00:00:00+00:00,0.89723,0.90146,0.89344,0.90135,39708
2010-03-02 00:00:00+00:00,0.90133,0.9058,0.89577,0.90336,44702
2010-03-03 00:00:00+00:00,0.90336,0.90848,0.90074,0.90534,41729
2010-03-04 00:00:00+00:00,0.90542,0.90551,0.89779,0.89849,40222
2010-03-05 00:00:00+00:00,0.89868,0.90923,0.8985,0.90753,34701
2010-03-08 00:00:00+00:00,0.9083,0.91325,0.9076,0.90865,26753
2010-03-09 00:00:00+00:00,0.90866,0.91565,0.90539,0.91516,32177
2010-03-10 00:00:00+00:00,0.91516,0.91921,0.91257,0.91548,29750
2010-03-11 00:00:00+00:00,0.91549,0.91691,0.91104,0.9146,30731
2010-03-12 00:00:00+00:00,0.9146,0.9193,0.91392,0.91505,31058
2010-03-15 00:00:00+00:00,0.91699,0.91768,0.90953,0.91306,35552
2010-03-16 00:00:00+00:00,0.91303,0.9216,0.91184,0.91885,35522
2010-03-17 00:00:00+00:00,0.91884,0.92503,0.91727,0.92298,35500
2010-03-18 00:00:00+00:00,0.92305,0.92319,0.91791,0.91955,32535
2010-03-19 00:00:00+00:00,0.91955,0.92235,0.9128,0.91526,35168
2010-03-22 00:00:00+00:00,0.91354,0.9184,0.90842,0.91751,34152
2010-03-23 00:00:00+00:00,0.91754,0.91969,0.91356,0.91915,33207
2010-03-24 00:00:00+00:00,0.91911,0.91916,0.90646,0.90962,37265
2010-03-25 00:00:00+00:00,0.90968,0.91392,0.90617,0.9062,34840
2010-03-26 00:00:00+00:00,0.90625,0.91157,0.90007,0.90384,39922
2010-03-29 00:00:00+00:00,0.90405,0.91779,0.90323,0.9169,33733
2010-03-30 00:00:00+00:00,0.91687,0.92148,0.9159,0.91864,32079
2010-03-31 00:00:00+00:00,0.91864,0.92046,0.91304,0.91664,39225
2010-04-01 00:00:00+00:00,0.91659,0.9216,0.9149,0.92015,32814
2010-04-02 00:00:00+00:00,0.92014,0.92115,0.91809,0.91905,12043
2010-04-05 00:00:00+00:00,0.91884,0.92192,0.91846,0.92066,16446
2010-04-06 00:00:00+00:00,0.92066,0.9286,0.91636,0.92732,35503
2010-04-07 00:00:00+00:00,0.92732,0.92954,0.92472,0.92678,31526
2010-04-08 00:00:00+00:00,0.92675,0.92917,0.92216,0.92829,30662
2010-04-09 00:00:00+00:00,0.92832,0.9345,0.92656,0.9329,30124
2010-04-12 00:00:00+00:00,0.9366,0.93808,0.92365,0.92391,31227
2010-04-13 00:00:00+00:00,0.92395,0.92921,0.92231,0.92849,32137
2010-04-14 00:00:00+00:00,0.92848,0.93595,0.9272,0.9351,32540
2010-04-15 00:00:00+00:00,0.93515,0.93629,0.93101,0.93435,30579
2010-04-16 00:00:00+00:00,0.93434,0.9344,0.92303,0.92397,38928
2010-04-19 00:00:00+00:00,0.92064,0.92629,0.91573,0.92527,39643
2010-04-20 00:00:00+00:00,0.92529,0.93238,0.92398,0.93192,35237
2010-04-21 00:00:00+00:00,0.93194,0.93373,0.92551,0.92657,34656
2010-04-22 00:00:00+00:00,0.92658,0.9303,0.9227,0.92663,39216
2010-04-23 00:00:00+00:00,0.92663,0.92777,0.91703,0.92758,40291
2010-04-26 00:00:00+00:00,0.9257,0.93115,0.92561,0.92729,32277
2010-04-27 00:00:00+00:00,0.92736,0.92851,0.91343,0.91484,42975
2010-04-28 00:00:00+00:00,0.915,0.9264,0.91493,0.92507,52956
2010-04-29 00:00:00+00:00,0.925,0.92936,0.9222,0.92797,36455
2010-04-30 00:00:00+00:00,0.92792,0.93247,0.92349,0.9241,39287
2010-05-03 00:00:00+00:00,0.92305,0.92747,0.92255,0.92629,29632
2010-05-04 00:00:00+00:00,0.92624,0.92711,0.90706,0.90894,44564
2010-05-05 00:00:00+00:00,0.90895,0.91166,0.902,0.90659,52073
2010-05-06 00:00:00+00:00,0.90654,0.9092,0.87153,0.88653,67737
2010-05-07 00:00:00+00:00,0.88652,0.89373,0.8803,0.88758,77757
2010-05-10 00:00:00+00:00,0.89891,0.90772,0.89218,0.9027,54506
2010-05-11 00:00:00+00:00,0.90252,0.90302,0.8932,0.89456,49490
2010-05-12 00:00:00+00:00,0.89459,0.89788,0.88885,0.89474,50384
2010-05-13 00:00:00+00:00,0.89469,0.90253,0.89318,0.8947,48095
2010-05-14 00:00:00+00:00,0.89474,0.89726,0.88497,0.88564,49464
2010-05-17 00:00:00+00:00,0.88481,0.8858,0.86848,0.87735,112533
2010-05-18 00:00:00+00:00,0.87733,0.87883,0.86,0.8611,59251
2010-05-19 00:00:00+00:00,0.86107,0.86366,0.8357,0.8497,43650
2010-05-20 00:00:00+00:00,0.8496,0.8496,0.80705,0.81245,41310
2010-05-21 00:00:00+00:00,0.81246,0.83646,0.80872,0.83197,57309
2010-05-24 00:00:00+00:00,0.83118,0.83567,0.81849,0.82449,53317
2010-05-25 00:00:00+00:00,0.82457,0.8303,0.80663,0.82857,50677
2010-05-26 00:00:00+00:00,0.8282,0.83884,0.81888,0.82235,48360
2010-05-27 00:00:00+00:00,0.82234,0.85278,0.82161,0.85041,53423
2010-05-28 00:00:00+00:00,0.85039,0.85494,0.84281,0.84716,50637
2010-05-31 00:00:00+00:00,0.84558,0.85138,0.83832,0.84693,28129
2010-06-01 00:00:00+00:00,0.84668,0.84749,0.82814,0.83067,63989
2010-06-02 00:00:00+00:00,0.83076,0.84251,0.82746,0.84145,53336
2010-06-03 00:00:00+00:00,0.8415,0.85214,0.83638,0.84202,49687
2010-06-04 00:00:00+00:00,0.84203,0.8476,0.82121,0.82313,50567
2010-06-07 00:00:00+00:00,0.82251,0.82267,0.8081,0.80944,60415
2010-06-08 00:00:00+00:00,0.8094,0.8284,0.80873,0.82668,62503
2010-06-09 00:00:00+00:00,0.82659,0.83567,0.81941,0.82789,53672
2010-06-10 00:00:00+00:00,0.82778,0.85077,0.82659,0.84854,59803
2010-06-11 00:00:00+00:00,0.84845,0.85049,0.84256,0.8501,60832
2010-06-14 00:00:00+00:00,0.85161,0.86662,0.85081,0.8581,40307
2010-06-15 00:00:00+00:00,0.85809,0.86605,0.85051,0.86453,47056
2010-06-16 00:00:00+00:00,0.86452,0.86718,0.85807,0.86204,42678
2010-06-17 00:00:00+00:00,0.86208,0.86873,0.85823,0.86711,42244
2010-06-18 00:00:00+00:00,0.86711,0.87286,0.86515,0.87184,34541
2010-06-21 00:00:00+00:00,0.88063,0.88583,0.87522,0.87606,44124
2010-06-22 00:00:00+00:00,0.87607,0.88296,0.87015,0.8714,42842
2010-06-23 00:00:00+00:00,0.87165,0.87795,0.866,0.87385,33832
2010-06-24 00:00:00+00:00,0.87383,0.8769,0.86407,0.86632,48274
2010-06-25 00:00:00+00:00,0.8663,0.87574,0.85948,0.87375,38928
2010-06-28 00:00:00+00:00,0.874,0.87747,0.87064,0.87145,36110
2010-06-29 00:00:00+00:00,0.8715,0.872,0.84638,0.84919,41851
2010-06-30 00:00:00+00:00,0.84922,0.85647,0.83893,0.84053,49640
2010-07-01 00:00:00+00:00,0.84044,0.84789,0.83153,0.84763,52720
2010-07-02 00:00:00+00:00,0.84767,0.85086,0.84018,0.84138,46341
2010-07-05 00:00:00+00:00,0.84116,0.84667,0.83703,0.83972,22395
2010-07-06 00:00:00+00:00,0.83978,0.85591,0.83156,0.85149,49221
2010-07-07 00:00:00+00:00,0.85149,0.86621,0.8449,0.86292,46721
2010-07-08 00:00:00+00:00,0.86297,0.87899,0.86212,0.87633,45995
2010-07-09 00:00:00+00:00,0.87631,0.8786,0.87269,0.87733,35979
2010-07-12 00:00:00+00:00,0.87727,0.87751,0.87009,0.87672,33960
2010-07-13 00:00:00+00:00,0.87669,0.88409,0.86817,0.88346,49323
2010-07-14 00:00:00+00:00,0.88342,0.88699,0.87849,0.88348,40801
2010-07-15 00:00:00+00:00,0.88349,0.88479,0.87268,0.88355,51493
2010-07-16 00:00:00+00:00,0.88358,0.88366,0.86811,0.86872,44978
2010-07-19 00:00:00+00:00,0.86656,0.87181,0.86322,0.86882,42000
2010-07-20 00:00:00+00:00,0.86862,0.88446,0.86665,0.88366,47182
2010-07-21 00:00:00+00:00,0.88364,0.88586,0.87622,0.87686,44775
2010-07-22 00:00:00+00:00,0.87684,0.89518,0.87367,0.89311,46784
2010-07-23 00:00:00+00:00,0.89312,0.89698,0.88955,0.8954,47578
2010-07-26 00:00:00+00:00,0.8957,0.90347,0.89272,0.90162,40450
2010-07-27 00:00:00+00:00,0.90168,0.90681,0.89985,0.90085,37604
2010-07-28 00:00:00+00:00,0.90087,0.9024,0.89045,0.89073,44640
2010-07-29 00:00:00+00:00,0.89073,0.90421,0.89068,0.90075,42306
2010-07-30 00:00:00+00:00,0.90069,0.90657,0.8965,0.90415,42544
2010-08-02 00:00:00+00:00,0.90595,0.91447,0.90442,0.91261,34456
2010-08-03 00:00:00+00:00,0.91259,0.91486,0.90701,0.91253,38642
2010-08-04 00:00:00+00:00,0.91261,0.91817,0.9094,0.91621,37736
2010-08-05 00:00:00+00:00,0.91618,0.91732,0.91156,0.91523,34686
2010-08-06 00:00:00+00:00,0.91525,0.92208,0.91342,0.918,36370
2010-08-09 00:00:00+00:00,0.91868,0.92046,0.91525,0.91581,30479
2010-08-10 00:00:00+00:00,0.91571,0.9163,0.90582,0.91257,41717
2010-08-11 00:00:00+00:00,0.91271,0.91322,0.89316,0.89404,47671
2010-08-12 00:00:00+00:00,0.8941,0.90065,0.89138,0.896,47372
2010-08-13 00:00:00+00:00,0.89587,0.90338,0.8921,0.89263,40185
2010-08-16 00:00:00+00:00,0.8931,0.89935,0.88584,0.89689,40777
2010-08-17 00:00:00+00:00,0.89691,0.90787,0.89446,0.90534,41831
2010-08-18 00:00:00+00:00,0.90521,0.90573,0.89721,0.89818,39022
2010-08-19 00:00:00+00:00,0.89817,0.90168,0.89045,0.89152,44212
2010-08-20 00:00:00+00:00,0.89161,0.89391,0.88408,0.89368,42591
2010-08-23 00:00:00+00:00,0.88701,0.89813,0.88698,0.89044,37057
2010-08-24 00:00:00+00:00,0.89046,0.89075,0.87996,0.88219,45566
2010-08-25 00:00:00+00:00,0.88215,0.88932,0.87707,0.88516,46507
2010-08-26 00:00:00+00:00,0.88513,0.8917,0.88311,0.88609,42825
2010-08-27 00:00:00+00:00,0.88607,0.89976,0.88439,0.89874,39934
2010-08-30 00:00:00+00:00,0.9012,0.90287,0.8912,0.89135,34011
2010-08-31 00:00:00+00:00,0.89135,0.8955,0.88602,0.8925,48676
2010-09-01 00:00:00+00:00,0.89239,0.91156,0.89109,0.91075,39718
2010-09-02 00:00:00+00:00,0.91074,0.91197,0.90532,0.91059,32761
2010-09-03 00:00:00+00:00,0.91056,0.91748,0.9066,0.9163,29187
2010-09-06 00:00:00+00:00,0.91565,0.91804,0.91445,0.91669,18845
2010-09-07 00:00:00+00:00,0.91669,0.91768,0.90917,0.91048,33931
2010-09-08 00:00:00+00:00,0.91052,0.91927,0.90971,0.9184,40629
2010-09-09 00:00:00+00:00,0.91845,0.92758,0.91697,0.92322,39634
2010-09-10 00:00:00+00:00,0.92325,0.92674,0.92042,0.92631,35022
2010-09-13 00:00:00+00:00,0.929,0.93612,0.92869,0.93466,34377
2010-09-14 00:00:00+00:00,0.93466,0.94566,0.93128,0.93871,41228
2010-09-15 00:00:00+00:00,0.93869,0.94282,0.93424,0.93757,44234
2010-09-16 00:00:00+00:00,0.93755,0.93943,0.933,0.93591,40066
2010-09-17 00:00:00+00:00,0.93585,0.94677,0.93494,0.93599,39993
2010-09-20 00:00:00+00:00,0.9383,0.94932,0.936,0.9458,24704
2010-09-21 00:00:00+00:00,0.9458,0.95629,0.94406,0.95318,40599
2010-09-22 00:00:00+00:00,0.9532,0.95989,0.95082,0.95517,34008
2010-09-23 00:00:00+00:00,0.9552,0.95737,0.9467,0.94894,45694
2010-09-24 00:00:00+00:00,0.94894,0.96131,0.94629,0.95898,20681
2010-09-27 00:00:00+00:00,0.96035,0.9643,0.95727,0.96029,39444
2010-09-28 00:00:00+00:00,0.96036,0.96856,0.95585,0.96728,44033
2010-09-29 00:00:00+00:00,0.96724,0.97287,0.96571,0.96812,38601
2010-09-30 00:00:00+00:00,0.96815,0.97326,0.96238,0.96557,51153
2010-10-01 00:00:00+00:00,0.96559,0.97494,0.96352,0.97242,44770
2010-10-04 00:00:00+00:00,0.97263,0.97265,0.96522,0.96726,42289
2010-10-05 00:00:00+00:00,0.96722,0.97249,0.95411,0.9708,50492
2010-10-06 00:00:00+00:00,0.97086,0.97903,0.96926,0.97671,46206
2010-10-07 00:00:00+00:00,0.97673,0.99158,0.97557,0.98127,48259
2010-10-08 00:00:00+00:00,0.98127,0.9872,0.97084,0.9859,42443
2010-10-11 00:00:00+00:00,0.9899,0.9905,0.9822,0.9833,20123
2010-10-12 00:00:00+00:00,0.98334,0.98753,0.97668,0.98578,48086
2010-10-13 00:00:00+00:00,0.98581,0.99351,0.98336,0.98952,41286
2010-10-14 00:00:00+00:00,0.98954,0.9993,0.98942,0.99339,43305
2010-10-15 00:00:00+00:00,0.99334,0.9998,0.98621,0.99054,40082
2010-10-18 00:00:00+00:00,0.98972,0.99432,0.98004,0.98974,47884
2010-10-19 00:00:00+00:00,0.98977,0.99565,0.96612,0.97105,60465
2010-10-20 00:00:00+00:00,0.971,0.98887,0.96619,0.98613,57501
2010-10-21 00:00:00+00:00,0.98611,0.98903,0.97416,0.97876,55211
2010-10-22 00:00:00+00:00,0.97876,0.98532,0.97576,0.9825,49297
2010-10-25 00:00:00+00:00,0.98468,0.99733,0.9823,0.98998,56964
2010-10-26 00:00:00+00:00,0.98992,0.99259,0.98134,0.98613,61173
2010-10-27 00:00:00+00:00,0.98607,0.98634,0.96511,0.97241,65296
2010-10-28 00:00:00+00:00,0.97241,0.98189,0.97189,0.97816,58091
2010-10-29 00:00:00+00:00,0.97819,0.98372,0.96783,0.98339,55497
2010-11-01 00:00:00+00:00,0.98488,0.99136,0.98141,0.98736,54484
2010-11-02 00:00:00+00:00,0.98736,1.00224,0.98648,0.99914,60289
2010-11-03 00:00:00+00:00,0.99912,1.00633,0.98968,1.00429,65583
2010-11-04 00:00:00+00:00,1.00426,1.01745,1.00195,1.01474,64026
2010-11-05 00:00:00+00:00,1.01477,1.01818,1.00851,1.01555,60809
2010-11-08 00:00:00+00:00,1.01436,1.01645,1.0079,1.01189,63037
2010-11-09 00:00:00+00:00,1.01189,1.01729,0.99981,1.00216,71355
2010-11-10 00:00:00+00:00,1.00224,1.00714,0.99748,1.00284,73645
2010-11-11 00:00:00+00:00,1.00281,1.00885,0.99554,0.99694,66309
2010-11-12 00:00:00+00:00,0.99699,1.00021,0.98249,0.98448,78668
2010-11-15 00:00:00+00:00,0.98692,0.9919,0.98122,0.98469,65260
2010-11-16 00:00:00+00:00,0.98465,0.98921,0.97242,0.97579,79341
2010-11-17 00:00:00+00:00,0.97585,0.98332,0.97255,0.98065,72377
2010-11-18 00:00:00+00:00,0.98066,0.99043,0.97952,0.9898,64541
2010-11-19 00:00:00+00:00,0.98976,0.99104,0.9815,0.98632,60002
2010-11-22 00:00:00+00:00,0.98863,0.99534,0.9823,0.98777,66318
2010-11-23 00:00:00+00:00,0.9878,0.98805,0.97076,0.97306,77603
2010-11-24 00:00:00+00:00,0.97306,0.98513,0.97301,0.98226,71974
2010-11-25 00:00:00+00:00,0.98226,0.98489,0.97605,0.97877,47470
2010-11-26 00:00:00+00:00,0.97874,0.9789,0.96119,0.96427,64217
2010-11-29 00:00:00+00:00,0.96718,0.96986,0.9566,0.96164,71564
2010-11-30 00:00:00+00:00,0.96168,0.96589,0.95439,0.95867,82810
2010-12-01 00:00:00+00:00,0.95869,0.96968,0.95368,0.9667,78535
2010-12-02 00:00:00+00:00,0.9667,0.97777,0.96223,0.97648,74341
2010-12-03 00:00:00+00:00,0.97648,0.99361,0.97383,0.99292,66531
2010-12-06 00:00:00+00:00,0.99186,0.99256,0.98491,0.98939,63169
2010-12-07 00:00:00+00:00,0.98942,0.99644,0.98217,0.98254,71088
2010-12-08 00:00:00+00:00,0.98256,0.98545,0.97521,0.97954,70629
2010-12-09 00:00:00+00:00,0.9796,0.98834,0.97752,0.9839,65989
2010-12-10 00:00:00+00:00,0.98394,0.9896,0.98269,0.98513,52775
2010-12-13 00:00:00+00:00,0.98371,0.99839,0.98324,0.99513,53405
2010-12-14 00:00:00+00:00,0.99515,1.00271,0.99414,0.99854,55063
2010-12-15 00:00:00+00:00,0.99847,0.99847,0.98399,0.98654,60059
2010-12-16 00:00:00+00:00,0.98657,0.99058,0.98304,0.98928,55614
2010-12-17 00:00:00+00:00,0.98958,0.99248,0.98397,0.98796,54483
2010-12-20 00:00:00+00:00,0.98715,0.9948,0.98618,0.99296,56086
2010-12-21 00:00:00+00:00,0.99285,0.99919,0.99167,0.99734,52402
2010-12-22 00:00:00+00:00,0.99734,1.00094,0.99494,0.99936,49738
2010-12-23 00:00:00+00:00,0.99936,1.00635,0.9985,1.00234,45807
2010-12-24 00:00:00+00:00,1.00236,1.00503,1.00197,1.00442,21752
2010-12-27 00:00:00+00:00,1.00165,1.00564,0.99867,1.00414,41094
2010-12-28 00:00:00+00:00,1.00428,1.01515,1.00406,1.00919,43901
2010-12-29 00:00:00+00:00,1.00915,1.01826,1.00874,1.0171,38539
2010-12-30 00:00:00+00:00,1.01704,1.01966,1.0118,1.01646,41428
2010-12-31 00:00:00+00:00,1.01636,1.02554,1.015,1.023,31560
2011-01-03 00:00:00+00:00,1.02218,1.02229,1.01488,1.01574,42382
2011-01-04 00:00:00+00:00,1.01581,1.01694,1.0028,1.00548,58123
2011-01-05 00:00:00+00:00,1.0055,1.00745,0.99597,0.99925,63809
2011-01-06 00:00:00+00:00,0.99926,1.00137,0.99272,0.99439,54898
2011-01-07 00:00:00+00:00,0.99431,0.99914,0.9907,0.99556,62558
2011-01-10 00:00:00+00:00,0.99451,0.99809,0.98824,0.99321,57884
2011-01-11 00:00:00+00:00,0.99331,0.9948,0.98031,0.9817,68076
2011-01-12 00:00:00+00:00,0.9817,0.99651,0.98094,0.99564,63829
2011-01-13 00:00:00+00:00,0.99564,1.00191,0.99199,0.99869,61228
2011-01-14 00:00:00+00:00,0.99865,0.99917,0.98557,0.98851,59106
2011-01-17 00:00:00+00:00,0.99009,0.99669,0.98618,0.99293,45960
2011-01-18 00:00:00+00:00,0.99292,1.00043,0.98966,0.9984,64068
2011-01-19 00:00:00+00:00,0.99838,1.00759,0.99611,0.99757,67331
2011-01-20 00:00:00+00:00,0.99756,0.99831,0.98316,0.98634,75512
2011-01-21 00:00:00+00:00,0.98631,0.99171,0.9839,0.98961,66854
2011-01-24 00:00:00+00:00,0.9885,1.00205,0.98624,0.99676,60050
2011-01-25 00:00:00+00:00,0.99686,0.9992,0.98893,0.99597,71655
2011-01-26 00:00:00+00:00,0.996,0.9997,0.99297,0.99771,61508
2011-01-27 00:00:00+00:00,0.99771,0.99996,0.98765,0.9911,68113
2011-01-28 00:00:00+00:00,0.99114,0.99851,0.98828,0.99386,66904
2011-01-31 00:00:00+00:00,0.98913,0.99884,0.98657,0.99641,66523
2011-02-01 00:00:00+00:00,0.99645,1.01476,0.99637,1.01041,70850
2011-02-02 00:00:00+00:00,1.01043,1.01323,1.0055,1.0092,57527
2011-02-03 00:00:00+00:00,1.00925,1.01614,1.00831,1.01504,60907
2011-02-04 00:00:00+00:00,1.01506,1.01981,1.01105,1.01356,39311
2011-02-07 00:00:00+00:00,1.01335,1.01603,1.01032,1.01315,37139
2011-02-08 00:00:00+00:00,1.01335,1.01886,1.01135,1.01414,34518
2011-02-09 00:00:00+00:00,1.01415,1.01507,1.00878,1.011,35713
2011-02-10 00:00:00+00:00,1.011,1.01317,1.00046,1.00054,52654
2011-02-11 00:00:00+00:00,1.00056,1.00312,0.99604,1.0019,37695
2011-02-14 00:00:00+00:00,1.00105,1.00732,1.00023,1.00278,48859
2011-02-15 00:00:00+00:00,1.00268,1.00566,0.9943,0.9966,48467
2011-02-16 00:00:00+00:00,0.99649,1.00547,0.99641,1.00213,52675
2011-02-17 00:00:00+00:00,1.0021,1.01285,1.0018,1.01086,42820
2011-02-18 00:00:00+00:00,1.0108,1.01565,1.00882,1.01438,43633
2011-02-21 00:00:00+00:00,1.01431,1.015,1.00715,1.008,38049
2011-02-22 00:00:00+00:00,1.00803,1.00861,0.99658,0.99893,67180
2011-02-23 00:00:00+00:00,0.99893,1.00583,0.99817,1.00332,63964
2011-02-24 00:00:00+00:00,1.00331,1.01225,1.00014,1.00985,68739
2011-02-25 00:00:00+00:00,1.00983,1.01768,1.00914,1.01747,55666
2011-02-28 00:00:00+00:00,1.01533,1.01917,1.0119,1.018,59002
2011-03-01 00:00:00+00:00,1.01805,1.02005,1.01216,1.01271,59746
2011-03-02 00:00:00+00:00,1.01275,1.01813,1.00849,1.01597,56239
2011-03-03 00:00:00+00:00,1.01603,1.01867,1.01127,1.01241,53470
2011-03-04 00:00:00+00:00,1.0124,1.01486,1.00751,1.01363,45971
2011-03-07 00:00:00+00:00,1.01493,1.01838,1.00908,1.01174,51813
2011-03-08 00:00:00+00:00,1.01174,1.01332,1.00532,1.00959,55388
2011-03-09 00:00:00+00:00,1.00961,1.01309,1.00592,1.01036,55094
2011-03-10 00:00:00+00:00,1.01036,1.01161,0.99895,1.00149,65714
2011-03-11 00:00:00+00:00,1.00145,1.01572,0.99681,1.01364,63578
2011-03-14 00:00:00+00:00,1.00977,1.01155,1.00466,1.0101,61609
2011-03-15 00:00:00+00:00,1.01015,1.01029,0.98153,0.98913,88776
2011-03-16 00:00:00+00:00,0.98914,0.99622,0.97044,0.97851,87133
2011-03-17 00:00:00+00:00,0.97848,0.98724,0.97577,0.97854,81876
2011-03-18 00:00:00+00:00,0.97854,0.99777,0.97801,0.99616,65304
2011-03-21 00:00:00+00:00,0.99559,1.00687,0.99507,1.00576,54856
2011-03-22 00:00:00+00:00,1.00578,1.01275,1.00361,1.00909,50236
2011-03-23 00:00:00+00:00,1.00905,1.01549,1.00631,1.01274,56807
2011-03-24 00:00:00+00:00,1.01273,1.02271,1.01123,1.02088,55166
2011-03-25 00:00:00+00:00,1.02084,1.02931,1.01855,1.02575,50876
2011-03-28 00:00:00+00:00,1.02459,1.03135,1.02324,1.02422,50205
2011-03-29 00:00:00+00:00,1.02428,1.02948,1.02039,1.02854,50025
2011-03-30 00:00:00+00:00,1.02855,1.0336,1.02684,1.0319,52324
2011-03-31 00:00:00+00:00,1.0319,1.03718,1.03092,1.03302,52943
2011-04-01 00:00:00+00:00,1.03299,1.03941,1.03124,1.03829,51747
2011-04-04 00:00:00+00:00,1.03891,1.04153,1.03355,1.03633,43708
2011-04-05 00:00:00+00:00,1.0363,1.03681,1.02876,1.03206,47562
2011-04-06 00:00:00+00:00,1.03206,1.04499,1.03139,1.04365,49739
2011-04-07 00:00:00+00:00,1.04363,1.05066,1.0411299999999999,1.04659,55203
2011-04-08 00:00:00+00:00,1.04657,1.05811,1.04514,1.05622,51849
2011-04-11 00:00:00+00:00,1.05528,1.05802,1.04831,1.0491,45974
2011-04-12 00:00:00+00:00,1.04916,1.05216,1.03889,1.04399,61486
2011-04-13 00:00:00+00:00,1.04404,1.05374,1.04275,1.04977,53350
2011-04-14 00:00:00+00:00,1.04973,1.05484,1.04564,1.05378,57709
2011-04-15 00:00:00+00:00,1.05377,1.05772,1.05104,1.05659,49444
2011-04-18 00:00:00+00:00,1.05541,1.05721,1.04537,1.04971,55807
2011-04-19 00:00:00+00:00,1.04973,1.05329,1.04425,1.05234,53841
2011-04-20 00:00:00+00:00,1.05236,1.07173,1.05177,1.06976,52446
2011-04-21 00:00:00+00:00,1.06973,1.07738,1.06757,1.07474,51427
2011-04-22 00:00:00+00:00,1.07478,1.07546,1.07197,1.07348,17307
2011-04-25 00:00:00+00:00,1.07577,1.07739,1.06837,1.0724,40988
2011-04-26 00:00:00+00:00,1.0724,1.07955,1.06759,1.07889,51318
2011-04-27 00:00:00+00:00,1.07888,1.08773,1.07786,1.08535,57327
2011-04-28 00:00:00+00:00,1.08561,1.09458,1.08503,1.09268,55625
2011-04-29 00:00:00+00:00,1.09257,1.09763,1.08806,1.09688,43225
2011-05-02 00:00:00+00:00,1.09716,1.10109,1.09206,1.09383,53099
2011-05-03 00:00:00+00:00,1.09376,1.09509,1.08301,1.08324,64911
2011-05-04 00:00:00+00:00,1.08323,1.08761,1.07246,1.07267,67871
2011-05-05 00:00:00+00:00,1.07296,1.07693,1.0536,1.06009,73412
2011-05-06 00:00:00+00:00,1.06006,1.08006,1.05956,1.07004,81866
2011-05-09 00:00:00+00:00,1.07093,1.08105,1.06934,1.07851,67149
2011-05-10 00:00:00+00:00,1.07851,1.08476,1.07356,1.08416,67260
2011-05-11 00:00:00+00:00,1.08417,1.08877,1.06636,1.07034,60529
2011-05-12 00:00:00+00:00,1.07032,1.07126,1.05665,1.06646,60235
2011-05-13 00:00:00+00:00,1.06648,1.07157,1.0520100000000001,1.05707,43249
2011-05-16 00:00:00+00:00,1.05671,1.06414,1.05129,1.05729,52796
2011-05-17 00:00:00+00:00,1.05733,1.06271,1.05045,1.06234,48651
2011-05-18 00:00:00+00:00,1.06214,1.06645,1.05685,1.0631,25472
2011-05-19 00:00:00+00:00,1.06309,1.06804,1.05938,1.0663,24607
2011-05-20 00:00:00+00:00,1.06635,1.071,1.06095,1.06632,23180
2011-05-23 00:00:00+00:00,1.06455,1.06493,1.04783,1.05107,29892
2011-05-24 00:00:00+00:00,1.05102,1.05824,1.04788,1.05543,26524
2011-05-25 00:00:00+00:00,1.05552,1.05606,1.04399,1.05237,42015
2011-05-26 00:00:00+00:00,1.0524,1.0648,1.05089,1.06327,78300
2011-05-27 00:00:00+00:00,1.06327,1.0718,1.0608,1.07049,70051
2011-05-30 00:00:00+00:00,1.07146,1.0715,1.06749,1.06868,35949
2011-05-31 00:00:00+00:00,1.06868,1.07559,1.06425,1.06564,58616
2011-06-01 00:00:00+00:00,1.06561,1.07521,1.05927,1.06128,68227
2011-06-02 00:00:00+00:00,1.06119,1.06872,1.05865,1.0671599999999999,64416
2011-06-03 00:00:00+00:00,1.06715,1.07734,1.05944,1.07137,42886
2011-06-06 00:00:00+00:00,1.07302,1.0767,1.06911,1.07266,48280
2011-06-07 00:00:00+00:00,1.07266,1.07491,1.06712,1.07163,43276
2011-06-08 00:00:00+00:00,1.07162,1.07222,1.05885,1.06274,44425
2011-06-09 00:00:00+00:00,1.06271,1.06615,1.05623,1.0625499999999999,37904
2011-06-10 00:00:00+00:00,1.06253,1.06509,1.05259,1.0535,38643
2011-06-13 00:00:00+00:00,1.05278,1.06358,1.05224,1.061,62209
2011-06-14 00:00:00+00:00,1.06099,1.07145,1.05675,1.06791,59886
2011-06-15 00:00:00+00:00,1.06791,1.07124,1.05343,1.05574,60699
2011-06-16 00:00:00+00:00,1.05581,1.05895,1.04774,1.05613,80680
2011-06-17 00:00:00+00:00,1.05619,1.06341,1.05052,1.05988,71817
2011-06-20 00:00:00+00:00,1.05982,1.0616,1.04962,1.05772,67267
2011-06-21 00:00:00+00:00,1.0577,1.06189,1.05311,1.05969,65438
2011-06-22 00:00:00+00:00,1.05962,1.06494,1.0563,1.05685,66590
2011-06-23 00:00:00+00:00,1.05685,1.05705,1.04546,1.05325,69973
2011-06-24 00:00:00+00:00,1.05331,1.05998,1.04846,1.04885,65176
2011-06-27 00:00:00+00:00,1.04835,1.04869,1.03902,1.04523,71058
2011-06-28 00:00:00+00:00,1.04521,1.05428,1.04354,1.05359,64637
2011-06-29 00:00:00+00:00,1.05358,1.06848,1.0518399999999999,1.06709,58962
2011-06-30 00:00:00+00:00,1.06695,1.07495,1.06682,1.0707,60718
2011-07-01 00:00:00+00:00,1.07086,1.07885,1.06727,1.07676,55364
2011-07-04 00:00:00+00:00,1.077,1.07846,1.07118,1.07415,48317
2011-07-05 00:00:00+00:00,1.07419,1.07461,1.06636,1.06828,64819
2011-07-06 00:00:00+00:00,1.06831,1.07329,1.0654,1.06952,64551
2011-07-07 00:00:00+00:00,1.06956,1.07786,1.06854,1.07706,58462
2011-07-08 00:00:00+00:00,1.07706,1.07879,1.07035,1.0753,64659
2011-07-11 00:00:00+00:00,1.072,1.07311,1.06311,1.06566,72984
2011-07-12 00:00:00+00:00,1.06566,1.06636,1.0525,1.05913,86546
2011-07-13 00:00:00+00:00,1.05909,1.07975,1.05782,1.0774,79487
2011-07-14 00:00:00+00:00,1.07734,1.07847,1.06931,1.07206,75525
2011-07-15 00:00:00+00:00,1.07191,1.07448,1.06187,1.06507,61276
2011-07-18 00:00:00+00:00,1.0637,1.06543,1.05601,1.06057,77414
2011-07-19 00:00:00+00:00,1.06067,1.07407,1.0603,1.0723,66588
2011-07-20 00:00:00+00:00,1.07218,1.07597,1.071,1.07414,51566
2011-07-21 00:00:00+00:00,1.07414,1.08557,1.06931,1.08356,60899
2011-07-22 00:00:00+00:00,1.08338,1.08739,1.08191,1.08437,46544
2011-07-25 00:00:00+00:00,1.08462,1.08764,1.07953,1.08472,47963
2011-07-26 00:00:00+00:00,1.08467,1.09676,1.08207,1.09555,52850
2011-07-27 00:00:00+00:00,1.0955300000000001,1.10797,1.09429,1.10234,55634
2011-07-28 00:00:00+00:00,1.10234,1.1074,1.0975,1.10059,63783
2011-07-29 00:00:00+00:00,1.10057,1.10173,1.09108,1.09904,60615
2011-08-01 00:00:00+00:00,1.09939,1.10648,1.09221,1.09674,56766
2011-08-02 00:00:00+00:00,1.0967500000000001,1.10058,1.07729,1.07776,62529
2011-08-03 00:00:00+00:00,1.0777700000000001,1.07842,1.0678,1.07719,68229
2011-08-04 00:00:00+00:00,1.07715,1.07769,1.04479,1.04479,87379
2011-08-05 00:00:00+00:00,1.04481,1.05258,1.03755,1.044,89739
2011-08-08 00:00:00+00:00,1.04124,1.04362,1.01799,1.0187,105456
2011-08-09 00:00:00+00:00,1.0188,1.04123,0.99265,1.03887,116294
2011-08-10 00:00:00+00:00,1.03889,1.03906,1.01503,1.01507,98176
2011-08-11 00:00:00+00:00,1.01511,1.03576,1.01108,1.03426,106258
2011-08-12 00:00:00+00:00,1.03424,1.03598,1.02452,1.03468,82040
2011-08-15 00:00:00+00:00,1.03661,1.05114,1.03606,1.05084,65494
2011-08-16 00:00:00+00:00,1.05084,1.05087,1.04056,1.0468,76581
2011-08-17 00:00:00+00:00,1.04682,1.06006,1.04322,1.05363,71899
2011-08-18 00:00:00+00:00,1.05361,1.05566,1.0352,1.03741,80391
2011-08-19 00:00:00+00:00,1.03748,1.04796,1.03146,1.04034,82321
2011-08-22 00:00:00+00:00,1.03826,1.04719,1.03618,1.03957,70063
2011-08-23 00:00:00+00:00,1.03955,1.05329,1.03853,1.0526,69254
2011-08-24 00:00:00+00:00,1.0526,1.0526,1.04475,1.04654,70050
2011-08-25 00:00:00+00:00,1.04655,1.05125,1.04164,1.04384,67440
2011-08-26 00:00:00+00:00,1.04376,1.0591,1.04352,1.05663,69686
2011-08-29 00:00:00+00:00,1.05679,1.06783,1.05597,1.06767,57771
2011-08-30 00:00:00+00:00,1.06766,1.07198,1.06206,1.06732,72430
2011-08-31 00:00:00+00:00,1.06732,1.07201,1.06511,1.06863,69780
2011-09-01 00:00:00+00:00,1.0686,1.07641,1.06588,1.07207,66921
2011-09-02 00:00:00+00:00,1.07211,1.0732,1.06253,1.06415,67303
2011-09-05 00:00:00+00:00,1.06073,1.06091,1.0507900000000001,1.0511,62087
2011-09-06 00:00:00+00:00,1.05108,1.06239,1.04812,1.04885,82554
2011-09-07 00:00:00+00:00,1.04885,1.06599,1.04885,1.06462,67283
2011-09-08 00:00:00+00:00,1.06462,1.06591,1.05651,1.06043,74735
2011-09-09 00:00:00+00:00,1.06045,1.06337,1.04212,1.04681,81209
2011-09-12 00:00:00+00:00,1.04187,1.04395,1.0255,1.03505,92731
2011-09-13 00:00:00+00:00,1.03505,1.03746,1.02618,1.03138,91512
2011-09-14 00:00:00+00:00,1.03131,1.03685,1.01772,1.02549,95812
2011-09-15 00:00:00+00:00,1.02551,1.03455,1.01821,1.03311,87832
2011-09-16 00:00:00+00:00,1.03313,1.03975,1.02936,1.03581,72053
2011-09-19 00:00:00+00:00,1.02895,1.03133,1.01668,1.02106,82134
2011-09-20 00:00:00+00:00,1.02108,1.03107,1.01476,1.02649,89482
2011-09-21 00:00:00+00:00,1.02647,1.02913,1.00332,1.00517,89032
2011-09-22 00:00:00+00:00,1.00519,1.00768,0.96914,0.97453,112907
2011-09-23 00:00:00+00:00,0.97451,0.98653,0.96696,0.97795,111037
2011-09-26 00:00:00+00:00,0.97823,0.98458,0.96216,0.98353,111303
2011-09-27 00:00:00+00:00,0.9835,0.9984,0.97753,0.99048,94731
2011-09-28 00:00:00+00:00,0.99049,0.99543,0.97503,0.97503,94685
2011-09-29 00:00:00+00:00,0.97501,0.98762,0.97006,0.97686,102882
2011-09-30 00:00:00+00:00,0.97686,0.98078,0.96583,0.96583,93228
2011-10-03 00:00:00+00:00,0.96705,0.96991,0.9508,0.9529,99849
2011-10-04 00:00:00+00:00,0.9529,0.95946,0.93898,0.95477,115506
2011-10-05 00:00:00+00:00,0.95476,0.96661,0.94873,0.96547,97893
2011-10-06 00:00:00+00:00,0.96549,0.97656,0.96209,0.97317,95434
2011-10-07 00:00:00+00:00,0.97318,0.98784,0.97273,0.97646,88138
2011-10-10 00:00:00+00:00,0.97599,1.0014,0.97521,0.99942,80977
2011-10-11 00:00:00+00:00,0.99936,1.0001,0.99053,0.99596,90111
2011-10-12 00:00:00+00:00,0.99595,1.02054,0.98646,1.01337,92462
2011-10-13 00:00:00+00:00,1.01333,1.02304,1.01019,1.01857,90685
2011-10-14 00:00:00+00:00,1.01858,1.03442,1.01439,1.03373,81241
2011-10-17 00:00:00+00:00,1.03232,1.03708,1.01476,1.01651,88419
2011-10-18 00:00:00+00:00,1.01653,1.03248,1.01177,1.02611,95237
2011-10-19 00:00:00+00:00,1.02609,1.03526,1.02038,1.02299,89521
2011-10-20 00:00:00+00:00,1.023,1.02946,1.0147,1.02273,102810
2011-10-21 00:00:00+00:00,1.02268,1.03764,1.02023,1.03732,89796
2011-10-24 00:00:00+00:00,1.03296,1.04996,1.03141,1.04672,89403
2011-10-25 00:00:00+00:00,1.04673,1.04954,1.03989,1.04301,92177
2011-10-26 00:00:00+00:00,1.04302,1.04337,1.03216,1.03963,95013
2011-10-27 00:00:00+00:00,1.03963,1.07512,1.03875,1.07127,100428
2011-10-28 00:00:00+00:00,1.07129,1.07308,1.06545,1.06987,87382
2011-10-31 00:00:00+00:00,1.07061,1.07069,1.0506,1.05406,95020
2011-11-01 00:00:00+00:00,1.05406,1.05652,1.02721,1.03269,106668
2011-11-02 00:00:00+00:00,1.03262,1.04262,1.02787,1.03371,102175
2011-11-03 00:00:00+00:00,1.03368,1.04448,1.02024,1.03983,104320
2011-11-04 00:00:00+00:00,1.03979,1.04367,1.03149,1.03727,90937
2011-11-07 00:00:00+00:00,1.04097,1.0425200000000001,1.02756,1.03759,88474
2011-11-08 00:00:00+00:00,1.03759,1.04025,1.02813,1.03794,87835
2011-11-09 00:00:00+00:00,1.038,1.03949,1.01173,1.01175,99354
2011-11-10 00:00:00+00:00,1.01177,1.02082,1.00525,1.01504,95981
2011-11-11 00:00:00+00:00,1.01504,1.03032,1.0104899999999999,1.02861,77213
2011-11-14 00:00:00+00:00,1.03118,1.03399,1.01606,1.02004,86885
2011-11-15 00:00:00+00:00,1.02,1.02248,1.01128,1.01679,85539
2011-11-16 00:00:00+00:00,1.01679,1.01834,1.00596,1.00699,95576
2011-11-17 00:00:00+00:00,1.00699,1.01168,0.99729,1.00008,101642
2011-11-18 00:00:00+00:00,1.00008,1.01056,0.99634,1.00037,94221
2011-11-21 00:00:00+00:00,0.99962,0.99962,0.98085,0.98324,97060
2011-11-22 00:00:00+00:00,0.98324,0.9898,0.98122,0.9843,94224
2011-11-23 00:00:00+00:00,0.9843,0.9855,0.9663,0.96834,97368
2011-11-24 00:00:00+00:00,0.96834,0.97842,0.96831,0.97208,75785
2011-11-25 00:00:00+00:00,0.97204,0.97718,0.96663,0.97081,76499
2011-11-28 00:00:00+00:00,0.98061,0.9975,0.98022,0.98992,83805
2011-11-29 00:00:00+00:00,0.98992,1.0076,0.9862,1.00364,87170
2011-11-30 00:00:00+00:00,1.00367,1.0327,0.99425,1.02658,91911
2011-12-01 00:00:00+00:00,1.02669,1.0269,1.01504,1.02149,83584
2011-12-02 00:00:00+00:00,1.0215,1.03231,1.01956,1.0213700000000001,69928
2011-12-05 00:00:00+00:00,1.02389,1.03034,1.02018,1.02611,80172
2011-12-06 00:00:00+00:00,1.02611,1.02661,1.01557,1.02377,82814
2011-12-07 00:00:00+00:00,1.02375,1.03029,1.02331,1.02869,75943
2011-12-08 00:00:00+00:00,1.02865,1.03777,1.0144,1.01604,84085
2011-12-09 00:00:00+00:00,1.01602,1.02221,1.00471,1.02123,81134
2011-12-12 00:00:00+00:00,1.01896,1.02058,1.00508,1.00571,77574
2011-12-13 00:00:00+00:00,1.00577,1.01603,0.99791,1.00043,78599
2011-12-14 00:00:00+00:00,1.00046,1.00438,0.9884,0.98967,87154
2011-12-15 00:00:00+00:00,0.98973,0.99875,0.9861,0.99285,76519
2011-12-16 00:00:00+00:00,0.99284,1.00258,0.99257,0.99799,71105
2011-12-19 00:00:00+00:00,0.99668,0.99738,0.98824,0.98951,78986
2011-12-20 00:00:00+00:00,0.98956,1.00938,0.98952,1.00656,71751
2011-12-21 00:00:00+00:00,1.00656,1.02183,1.00513,1.00876,82169
2011-12-22 00:00:00+00:00,1.00874,1.01478,1.0059,1.01269,70450
2011-12-23 00:00:00+00:00,1.0127,1.01798,1.01261,1.01386,46029
2011-12-26 00:00:00+00:00,1.01637,1.01708,1.01549,1.01632,17602
2011-12-27 00:00:00+00:00,1.0163,1.01729,1.01379,1.01428,35108
2011-12-28 00:00:00+00:00,1.0143,1.02019,1.00707,1.00823,55922
2011-12-29 00:00:00+00:00,1.00821,1.0144,1.00438,1.01315,62115
2011-12-30 00:00:00+00:00,1.01315,1.02671,1.01256,1.02,57786
2012-01-02 00:00:00+00:00,1.02189,1.0244,1.01973,1.02399,30971
2012-01-03 00:00:00+00:00,1.02399,1.03854,1.02393,1.03632,66035
2012-01-04 00:00:00+00:00,1.03629,1.0372,1.03041,1.03526,74135
2012-01-05 00:00:00+00:00,1.03524,1.03563,1.02316,1.02526,80471
2012-01-06 00:00:00+00:00,1.02523,1.02701,1.02018,1.0226,64262
2012-01-09 00:00:00+00:00,1.02023,1.02555,1.01448,1.02374,76072
2012-01-10 00:00:00+00:00,1.02373,1.03508,1.02373,1.03057,73808
2012-01-11 00:00:00+00:00,1.03055,1.03275,1.02621,1.03019,72444
2012-01-12 00:00:00+00:00,1.03018,1.03768,1.02851,1.03301,67265
2012-01-13 00:00:00+00:00,1.03298,1.0366,1.0232,1.03227,71494
2012-01-16 00:00:00+00:00,1.02934,1.0336400000000001,1.0253,1.03025,53172
2012-01-17 00:00:00+00:00,1.03023,1.04481,1.03022,1.03717,76106
2012-01-18 00:00:00+00:00,1.03718,1.04353,1.03582,1.04142,81755
2012-01-19 00:00:00+00:00,1.04141,1.04321,1.03701,1.0416,77719
2012-01-20 00:00:00+00:00,1.04159,1.04873,1.03821,1.04828,67533
2012-01-23 00:00:00+00:00,1.04693,1.0572300000000001,1.04577,1.05215,69819
2012-01-24 00:00:00+00:00,1.05214,1.05307,1.04278,1.04832,57592
2012-01-25 00:00:00+00:00,1.04831,1.06181,1.04441,1.059,75888
2012-01-26 00:00:00+00:00,1.05898,1.0687,1.05871,1.06232,67005
2012-01-27 00:00:00+00:00,1.06233,1.06687,1.05901,1.06565,78445
2012-01-30 00:00:00+00:00,1.06332,1.06518,1.05264,1.0590600000000001,78672
2012-01-31 00:00:00+00:00,1.05907,1.06839,1.05763,1.06246,74200
2012-02-01 00:00:00+00:00,1.06245,1.07395,1.05681,1.07105,77462
2012-02-02 00:00:00+00:00,1.07106,1.07551,1.06787,1.07026,74416
2012-02-03 00:00:00+00:00,1.07027,1.07931,1.06708,1.07669,71786
2012-02-06 00:00:00+00:00,1.07579,1.07583,1.06832,1.07164,73248
2012-02-07 00:00:00+00:00,1.07165,1.08216,1.07008,1.0803,81657
2012-02-08 00:00:00+00:00,1.08029,1.08436,1.07674,1.0783800000000001,69595
2012-02-09 00:00:00+00:00,1.07839,1.08236,1.07392,1.07857,87759
2012-02-10 00:00:00+00:00,1.07858,1.07858,1.06396,1.0671599999999999,82202
2012-02-13 00:00:00+00:00,1.07074,1.07775,1.06855,1.07193,77647
2012-02-14 00:00:00+00:00,1.0719,1.07317,1.0628,1.06874,74814
2012-02-15 00:00:00+00:00,1.06873,1.07756,1.0667,1.06876,77730
2012-02-16 00:00:00+00:00,1.06877,1.0772,1.06454,1.07495,77413
2012-02-17 00:00:00+00:00,1.07494,1.07977,1.06878,1.07002,65356
2012-02-20 00:00:00+00:00,1.07713,1.08146,1.07315,1.07318,58694
2012-02-21 00:00:00+00:00,1.07319,1.07483,1.06433,1.06442,83288
2012-02-22 00:00:00+00:00,1.06441,1.06851,1.06047,1.06271,75917
2012-02-23 00:00:00+00:00,1.06269,1.07369,1.05958,1.07327,67520
2012-02-24 00:00:00+00:00,1.07329,1.07531,1.06869,1.06945,59502
2012-02-27 00:00:00+00:00,1.07093,1.07833,1.06502,1.07461,70413
2012-02-28 00:00:00+00:00,1.0746,1.07858,1.07285,1.07686,66013
2012-02-29 00:00:00+00:00,1.07685,1.0855,1.07139,1.07334,81298
2012-03-01 00:00:00+00:00,1.07332,1.08151,1.0723799999999999,1.08062,77768
2012-03-02 00:00:00+00:00,1.08061,1.0814300000000001,1.07253,1.073,68267
2012-03-05 00:00:00+00:00,1.07267,1.07382,1.06557,1.0665499999999999,66149
2012-03-06 00:00:00+00:00,1.06654,1.06896,1.05241,1.05447,76375
2012-03-07 00:00:00+00:00,1.05448,1.0592,1.05073,1.05792,68626
2012-03-08 00:00:00+00:00,1.05791,1.06678,1.0534,1.0647,69246
2012-03-09 00:00:00+00:00,1.06469,1.06617,1.05639,1.05746,65052
2012-03-12 00:00:00+00:00,1.0568,1.05708,1.04729,1.05186,63609
2012-03-13 00:00:00+00:00,1.05187,1.05588,1.04841,1.0549,69052
2012-03-14 00:00:00+00:00,1.05488,1.05502,1.04276,1.04398,65457
2012-03-15 00:00:00+00:00,1.04399,1.05528,1.04211,1.0515,72195
2012-03-16 00:00:00+00:00,1.05152,1.05965,1.05082,1.05884,61432
2012-03-19 00:00:00+00:00,1.06029,1.06364,1.05575,1.06037,60464
2012-03-20 00:00:00+00:00,1.06035,1.06229,1.04566,1.04794,70594
2012-03-21 00:00:00+00:00,1.04793,1.05258,1.04208,1.04514,66451
2012-03-22 00:00:00+00:00,1.04513,1.0482,1.03359,1.03957,75723
2012-03-23 00:00:00+00:00,1.03956,1.048,1.03716,1.0462,69163
2012-03-26 00:00:00+00:00,1.04664,1.05444,1.04261,1.05391,66144
2012-03-27 00:00:00+00:00,1.05392,1.05562,1.04512,1.04526,62317
2012-03-28 00:00:00+00:00,1.04527,1.04587,1.03552,1.03883,73476
2012-03-29 00:00:00+00:00,1.03885,1.04028,1.03043,1.03763,70208
2012-03-30 00:00:00+00:00,1.03761,1.04141,1.03394,1.03433,60167
2012-04-02 00:00:00+00:00,1.044,1.04457,1.03659,1.04076,65352
2012-04-03 00:00:00+00:00,1.04075,1.04626,1.03002,1.0328,75567
2012-04-04 00:00:00+00:00,1.03278,1.03316,1.02429,1.02625,76417
2012-04-05 00:00:00+00:00,1.02624,1.03223,1.02518,1.03025,66534
2012-04-06 00:00:00+00:00,1.03026,1.03353,1.02725,1.03008,36120
2012-04-09 00:00:00+00:00,1.02952,1.03306,1.02561,1.03083,43071
2012-04-10 00:00:00+00:00,1.03084,1.03549,1.02467,1.02537,72673
2012-04-11 00:00:00+00:00,1.02536,1.03319,1.0225,1.03032,70874
2012-04-12 00:00:00+00:00,1.03031,1.04493,1.03009,1.04377,73801
2012-04-13 00:00:00+00:00,1.04375,1.04508,1.03558,1.0371,70775
2012-04-16 00:00:00+00:00,1.03624,1.03783,1.03106,1.03543,74050
2012-04-17 00:00:00+00:00,1.03545,1.04173,1.03041,1.03959,66299
2012-04-18 00:00:00+00:00,1.0396,1.04143,1.034,1.03571,67567
2012-04-19 00:00:00+00:00,1.03572,1.03894,1.0313,1.03336,74421
2012-04-20 00:00:00+00:00,1.0334,1.03831,1.0308,1.03786,64168
2012-04-23 00:00:00+00:00,1.03726,1.03828,1.02716,1.03155,64535
2012-04-24 00:00:00+00:00,1.03154,1.03305,1.02461,1.0321,68417
2012-04-25 00:00:00+00:00,1.03206,1.03739,1.03058,1.03637,66355
2012-04-26 00:00:00+00:00,1.03636,1.03977,1.03495,1.03676,64579
2012-04-27 00:00:00+00:00,1.03675,1.04738,1.0352999999999999,1.04689,65012
2012-04-30 00:00:00+00:00,1.04568,1.04684,1.04055,1.04267,55984
2012-05-01 00:00:00+00:00,1.04269,1.04287,1.03044,1.0332,50802
2012-05-02 00:00:00+00:00,1.03319,1.03548,1.02839,1.03235,60877
2012-05-03 00:00:00+00:00,1.03233,1.03243,1.0239,1.0264199999999999,60924
2012-05-04 00:00:00+00:00,1.02644,1.02769,1.01688,1.01783,60467
2012-05-07 00:00:00+00:00,1.01512,1.02184,1.01092,1.02031,63019
2012-05-08 00:00:00+00:00,1.02032,1.02169,1.0088,1.01085,68514
2012-05-09 00:00:00+00:00,1.01087,1.01147,1.00206,1.00409,78749
2012-05-10 00:00:00+00:00,1.00411,1.01426,1.00377,1.00577,76864
2012-05-11 00:00:00+00:00,1.00575,1.00808,1.00177,1.00185,71024
2012-05-14 00:00:00+00:00,1.00088,1.00334,0.99554,0.99559,66009
2012-05-15 00:00:00+00:00,0.99558,1.00146,0.99203,0.99364,69363
2012-05-16 00:00:00+00:00,0.99363,0.99672,0.98699,0.99113,79109
2012-05-17 00:00:00+00:00,0.99112,0.99631,0.98825,0.98874,76316
2012-05-18 00:00:00+00:00,0.98878,0.98968,0.97945,0.9843,84290
2012-05-21 00:00:00+00:00,0.98435,0.99171,0.98019,0.99121,75933
2012-05-22 00:00:00+00:00,0.9912,0.99344,0.97809,0.97928,76594
2012-05-23 00:00:00+00:00,0.97937,0.97986,0.96894,0.97531,85340
2012-05-24 00:00:00+00:00,0.97532,0.98126,0.97118,0.97656,86965
2012-05-25 00:00:00+00:00,0.97655,0.97985,0.97251,0.97566,75188
2012-05-28 00:00:00+00:00,0.98033,0.98878,0.97954,0.9852,61181
2012-05-29 00:00:00+00:00,0.98519,0.98969,0.98001,0.98345,82117
2012-05-30 00:00:00+00:00,0.98344,0.98422,0.97014,0.97104,87178
2012-05-31 00:00:00+00:00,0.97103,0.9769,0.96721,0.97258,90276
2012-06-01 00:00:00+00:00,0.9726,0.97307,0.95814,0.96914,92949
2012-06-04 00:00:00+00:00,0.97035,0.97462,0.96266,0.97176,81375
2012-06-05 00:00:00+00:00,0.97175,0.9803,0.97102,0.97442,83468
2012-06-06 00:00:00+00:00,0.97443,0.99312,0.97361,0.99176,88152
2012-06-07 00:00:00+00:00,0.99174,1.00018,0.98864,0.98912,86967
2012-06-08 00:00:00+00:00,0.98911,0.99383,0.98202,0.99127,88360
2012-06-11 00:00:00+00:00,0.9987,1.00047,0.98532,0.9855,80419
2012-06-12 00:00:00+00:00,0.98549,0.99662,0.98492,0.99522,83891
2012-06-13 00:00:00+00:00,0.99523,1.00018,0.99282,0.9945,80052
2012-06-14 00:00:00+00:00,0.99448,1.00319,0.99215,1.00203,82199
2012-06-15 00:00:00+00:00,1.00201,1.00882,0.9993,1.00717,72234
2012-06-18 00:00:00+00:00,1.01274,1.01413,1.00565,1.01197,83165
2012-06-19 00:00:00+00:00,1.01196,1.02006,1.01031,1.01918,77734
2012-06-20 00:00:00+00:00,1.01919,1.02233,1.01329,1.01831,81926
2012-06-21 00:00:00+00:00,1.0183,1.02038,1.00274,1.00523,88496
2012-06-22 00:00:00+00:00,1.00517,1.0076,1.00077,1.006,76526
2012-06-25 00:00:00+00:00,1.00477,1.005,0.99684,1.00066,74011
2012-06-26 00:00:00+00:00,1.00065,1.00825,0.99991,1.0058,81788
2012-06-27 00:00:00+00:00,1.00583,1.00885,1.00391,1.00803,82534
2012-06-28 00:00:00+00:00,1.00802,1.01249,0.99949,1.00397,95782
2012-06-29 00:00:00+00:00,1.00396,1.02566,1.00178,1.02359,103869
2012-07-02 00:00:00+00:00,1.02599,1.02772,1.02113,1.02541,88839
2012-07-03 00:00:00+00:00,1.02542,1.02959,1.02285,1.02808,81346
2012-07-04 00:00:00+00:00,1.02809,1.03174,1.02607,1.02752,75401
2012-07-05 00:00:00+00:00,1.02751,1.03284,1.02418,1.02875,89063
2012-07-06 00:00:00+00:00,1.02873,1.02874,1.01792,1.02085,85120
2012-07-09 00:00:00+00:00,1.01814,1.02119,1.01544,1.02064,82130
2012-07-10 00:00:00+00:00,1.02063,1.02441,1.01591,1.01913,85455
2012-07-11 00:00:00+00:00,1.01914,1.02806,1.01779,1.02525,86385
2012-07-12 00:00:00+00:00,1.02524,1.02586,1.01002,1.01352,90285
2012-07-13 00:00:00+00:00,1.01353,1.02286,1.01215,1.02252,83299
2012-07-16 00:00:00+00:00,1.02417,1.0258099999999999,1.02019,1.02433,70298
2012-07-17 00:00:00+00:00,1.02434,1.03174,1.02357,1.03023,85340
2012-07-18 00:00:00+00:00,1.03024,1.0372,1.02884,1.03625,87542
2012-07-19 00:00:00+00:00,1.03624,1.04432,1.03552,1.04184,88807
2012-07-20 00:00:00+00:00,1.04182,1.0425,1.0362,1.03756,83855
2012-07-23 00:00:00+00:00,1.03565,1.03643,1.02428,1.02558,92807
2012-07-24 00:00:00+00:00,1.02559,1.03157,1.0214,1.02235,96714
2012-07-25 00:00:00+00:00,1.02233,1.03352,1.01762,1.03092,97480
2012-07-26 00:00:00+00:00,1.03093,1.04213,1.02909,1.03951,95392
2012-07-27 00:00:00+00:00,1.03953,1.04854,1.03836,1.04801,93885
2012-07-30 00:00:00+00:00,1.04762,1.05072,1.04481,1.04902,83641
2012-07-31 00:00:00+00:00,1.04903,1.05373,1.04874,1.04903,87574
2012-08-01 00:00:00+00:00,1.04904,1.05416,1.04471,1.04588,86578
2012-08-02 00:00:00+00:00,1.0459,1.05775,1.0435,1.04571,95836
2012-08-03 00:00:00+00:00,1.04572,1.05695,1.04448,1.05676,87320
2012-08-06 00:00:00+00:00,1.05755,1.05923,1.05357,1.05635,79723
2012-08-07 00:00:00+00:00,1.05633,1.06027,1.05467,1.05566,83360
2012-08-08 00:00:00+00:00,1.05563,1.05822,1.05296,1.05705,79568
2012-08-09 00:00:00+00:00,1.0570599999999999,1.06124,1.05524,1.05733,82908
2012-08-10 00:00:00+00:00,1.05734,1.0577,1.04967,1.05752,78962
2012-08-13 00:00:00+00:00,1.05563,1.05728,1.04964,1.05159,77448
2012-08-14 00:00:00+00:00,1.05163,1.05408,1.04796,1.04867,76635
2012-08-15 00:00:00+00:00,1.04866,1.05135,1.04545,1.0500099999999999,67692
2012-08-16 00:00:00+00:00,1.05,1.0524,1.0474,1.05119,69212
2012-08-17 00:00:00+00:00,1.05117,1.05274,1.04098,1.04171,68995
2012-08-20 00:00:00+00:00,1.04305,1.04681,1.04173,1.04411,63442
2012-08-21 00:00:00+00:00,1.0441,1.05198,1.0441,1.04842,70093
2012-08-22 00:00:00+00:00,1.04843,1.0516,1.04128,1.05083,77422
2012-08-23 00:00:00+00:00,1.05081,1.05434,1.04353,1.04401,69505
2012-08-24 00:00:00+00:00,1.044,1.04413,1.03751,1.0401,60479
2012-08-27 00:00:00+00:00,1.04216,1.04243,1.03592,1.03599,42195
2012-08-28 00:00:00+00:00,1.036,1.03888,1.0344,1.03628,50009
2012-08-29 00:00:00+00:00,1.03629,1.03973,1.034,1.03435,43187
2012-08-30 00:00:00+00:00,1.03434,1.03459,1.02761,1.02925,47488
2012-08-31 00:00:00+00:00,1.02925,1.03538,1.02772,1.03192,54300
2012-09-03 00:00:00+00:00,1.02948,1.02983,1.02318,1.02421,43497
2012-09-04 00:00:00+00:00,1.02419,1.02864,1.02143,1.02234,54484
2012-09-05 00:00:00+00:00,1.02236,1.02298,1.01665,1.01926,60287
2012-09-06 00:00:00+00:00,1.01925,1.02985,1.01677,1.02818,60013
2012-09-07 00:00:00+00:00,1.02819,1.03989,1.02747,1.03816,59871
2012-09-10 00:00:00+00:00,1.0369,1.03841,1.03292,1.03331,47334
2012-09-11 00:00:00+00:00,1.03332,1.04484,1.03219,1.04273,56648
2012-09-12 00:00:00+00:00,1.04272,1.05049,1.04259,1.04615,63477
2012-09-13 00:00:00+00:00,1.04614,1.05657,1.04284,1.05438,61312
2012-09-14 00:00:00+00:00,1.05439,1.06239,1.05295,1.05483,66924
2012-09-17 00:00:00+00:00,1.05531,1.05531,1.04542,1.04709,54248
2012-09-18 00:00:00+00:00,1.04708,1.0485,1.04094,1.04528,60432
2012-09-19 00:00:00+00:00,1.04527,1.04963,1.04169,1.04736,57779
2012-09-20 00:00:00+00:00,1.04737,1.04779,1.03672,1.04284,65933
2012-09-21 00:00:00+00:00,1.04285,1.05182,1.04271,1.04563,62006
2012-09-24 00:00:00+00:00,1.04513,1.04513,1.0386,1.04263,52327
2012-09-25 00:00:00+00:00,1.04262,1.04614,1.03796,1.03849,59664
2012-09-26 00:00:00+00:00,1.03847,1.03861,1.0328,1.03716,63388
2012-09-27 00:00:00+00:00,1.03713,1.04583,1.03632,1.04456,64214
2012-09-28 00:00:00+00:00,1.04455,1.04728,1.03649,1.03769,65463
2012-10-01 00:00:00+00:00,1.03664,1.0402,1.0325,1.03554,58898
2012-10-02 00:00:00+00:00,1.03557,1.03744,1.02508,1.02616,65586
2012-10-03 00:00:00+00:00,1.02614,1.02647,1.01964,1.02188,59691
2012-10-04 00:00:00+00:00,1.0219,1.02727,1.01809,1.02438,63484
2012-10-05 00:00:00+00:00,1.02439,1.02739,1.01511,1.01854,55166
2012-10-08 00:00:00+00:00,1.01672,1.02192,1.01488,1.01911,54920
2012-10-09 00:00:00+00:00,1.0191,1.02455,1.0175,1.02075,58908
2012-10-10 00:00:00+00:00,1.02074,1.0262,1.01819,1.0219,60950
2012-10-11 00:00:00+00:00,1.02191,1.02927,1.02095,1.02639,57536
2012-10-12 00:00:00+00:00,1.0264,1.02882,1.02159,1.02318,53039
2012-10-15 00:00:00+00:00,1.02512,1.02583,1.0201,1.02511,54698
2012-10-16 00:00:00+00:00,1.02509,1.03058,1.0242,1.03022,51114
2012-10-17 00:00:00+00:00,1.03024,1.0387,1.02891,1.03728,54805
2012-10-18 00:00:00+00:00,1.03727,1.04104,1.03546,1.0366900000000001,55322
2012-10-19 00:00:00+00:00,1.03666,1.03811,1.03175,1.03267,50197
2012-10-22 00:00:00+00:00,1.03191,1.03385,1.02952,1.03267,48356
2012-10-23 00:00:00+00:00,1.03269,1.03371,1.02356,1.02647,51404
2012-10-24 00:00:00+00:00,1.0265,1.03648,1.02579,1.03475,54021
2012-10-25 00:00:00+00:00,1.03472,1.03965,1.03312,1.0355,40716
2012-10-26 00:00:00+00:00,1.03552,1.03842,1.03044,1.03712,37398
2012-10-29 00:00:00+00:00,1.03493,1.03664,1.03249,1.03255,22751
2012-10-30 00:00:00+00:00,1.03257,1.03823,1.03242,1.0369,22838
2012-10-31 00:00:00+00:00,1.03684,1.0398,1.0352,1.03691,57159
2012-11-01 00:00:00+00:00,1.0369,1.04177,1.03538,1.04128,73584
2012-11-02 00:00:00+00:00,1.04127,1.04149,1.03299,1.03351,72674
2012-11-05 00:00:00+00:00,1.0341,1.03765,1.0333,1.03712,69129
2012-11-06 00:00:00+00:00,1.03711,1.0446,1.03644,1.04276,76272
2012-11-07 00:00:00+00:00,1.04275,1.04795,1.03939,1.04026,96811
2012-11-08 00:00:00+00:00,1.04025,1.04424,1.03887,1.04,85555
2012-11-09 00:00:00+00:00,1.03999,1.04344,1.03585,1.03849,82372
2012-11-12 00:00:00+00:00,1.03911,1.04396,1.03849,1.04256,65949
2012-11-13 00:00:00+00:00,1.04255,1.04445,1.03959,1.04311,75555
2012-11-14 00:00:00+00:00,1.0431,1.04578,1.03572,1.03616,79479
2012-11-15 00:00:00+00:00,1.03618,1.03852,1.03064,1.03297,85324
2012-11-16 00:00:00+00:00,1.03297,1.03499,1.02866,1.03379,82024
2012-11-19 00:00:00+00:00,1.0351,1.04166,1.0348,1.04091,71029
2012-11-20 00:00:00+00:00,1.04089,1.0423,1.03566,1.03832,76164
2012-11-21 00:00:00+00:00,1.03832,1.03925,1.03373,1.03656,76242
2012-11-22 00:00:00+00:00,1.03655,1.03997,1.03514,1.0384,60838
2012-11-23 00:00:00+00:00,1.03841,1.04699,1.03746,1.04586,65690
2012-11-26 00:00:00+00:00,1.04597,1.04769,1.04377,1.04658,67650
2012-11-27 00:00:00+00:00,1.04659,1.04884,1.04346,1.04432,75015
2012-11-28 00:00:00+00:00,1.04431,1.04802,1.04267,1.0477,80530
2012-11-29 00:00:00+00:00,1.04769,1.04793,1.04179,1.04295,53369
2012-11-30 00:00:00+00:00,1.04294,1.04463,1.04013,1.04257,71345
2012-12-03 00:00:00+00:00,1.04273,1.04455,1.0392,1.04218,69896
2012-12-04 00:00:00+00:00,1.04212,1.04838,1.04085,1.04657,75687
2012-12-05 00:00:00+00:00,1.04654,1.04831,1.04415,1.04512,46753
2012-12-06 00:00:00+00:00,1.04513,1.05146,1.04399,1.04698,74430
2012-12-07 00:00:00+00:00,1.04699,1.04959,1.04589,1.04847,64927
2012-12-10 00:00:00+00:00,1.04856,1.05049,1.04643,1.04849,58746
2012-12-11 00:00:00+00:00,1.04851,1.05393,1.04602,1.05348,61953
2012-12-12 00:00:00+00:00,1.05348,1.05848,1.05219,1.05485,67980
2012-12-13 00:00:00+00:00,1.05485,1.05628,1.05072,1.05243,66566
2012-12-14 00:00:00+00:00,1.05242,1.0577,1.0509,1.05651,66572
2012-12-17 00:00:00+00:00,1.05671,1.05671,1.05253,1.05447,59732
2012-12-18 00:00:00+00:00,1.05446,1.0556,1.0515,1.05173,61932
2012-12-19 00:00:00+00:00,1.05174,1.05319,1.04722,1.04747,71247
2012-12-20 00:00:00+00:00,1.04749,1.0499,1.04608,1.04762,70161
2012-12-21 00:00:00+00:00,1.04762,1.04821,1.03933,1.03965,72405
2012-12-24 00:00:00+00:00,1.0406,1.04155,1.03572,1.0365199999999999,45955
2012-12-26 00:00:00+00:00,1.03633,1.03854,1.0344,1.0371,41677
2012-12-27 00:00:00+00:00,1.0371,1.03881,1.03453,1.03638,68195
2012-12-28 00:00:00+00:00,1.03638,1.03956,1.03601,1.03706,62692
2012-12-31 00:00:00+00:00,1.0374,1.04069,1.03637,1.03823,52402
2013-01-01 00:00:00+00:00,1.03949,1.04026,1.03773,1.03776,1195
2013-01-02 00:00:00+00:00,1.0378,1.05229,1.03741,1.05015,88488
2013-01-03 00:00:00+00:00,1.05016,1.05268,1.04557,1.04579,75286
2013-01-04 00:00:00+00:00,1.04579,1.04861,1.0394,1.04783,78871
2013-01-07 00:00:00+00:00,1.05092,1.05106,1.04666,1.05059,75232
2013-01-08 00:00:00+00:00,1.05058,1.05152,1.04687,1.05027,75934
2013-01-09 00:00:00+00:00,1.05026,1.05347,1.04856,1.0506,77999
2013-01-10 00:00:00+00:00,1.05059,1.05971,1.04927,1.0591,82311
2013-01-11 00:00:00+00:00,1.05913,1.05938,1.05291,1.05331,78276
2013-01-14 00:00:00+00:00,1.05313,1.0577,1.05206,1.05572,75193
2013-01-15 00:00:00+00:00,1.05571,1.0569,1.05252,1.0559,81600
2013-01-16 00:00:00+00:00,1.05591,1.05788,1.05311,1.05625,81996
2013-01-17 00:00:00+00:00,1.05625,1.05657,1.04935,1.05419,88605
2013-01-18 00:00:00+00:00,1.0542,1.05557,1.04847,1.05082,80886
2013-01-21 00:00:00+00:00,1.05013,1.05251,1.04915,1.05117,58610
2013-01-22 00:00:00+00:00,1.05118,1.0578,1.05033,1.0559,82958
2013-01-23 00:00:00+00:00,1.05593,1.05669,1.05261,1.05333,76560
2013-01-24 00:00:00+00:00,1.05334,1.05466,1.04428,1.04518,84805
2013-01-25 00:00:00+00:00,1.04518,1.04677,1.04015,1.04225,81562
2013-01-28 00:00:00+00:00,1.04155,1.04289,1.03839,1.04049,76919
2013-01-29 00:00:00+00:00,1.04051,1.04745,1.04046,1.04656,79131
2013-01-30 00:00:00+00:00,1.04655,1.04751,1.03982,1.04148,79420
2013-01-31 00:00:00+00:00,1.04147,1.04505,1.03791,1.04309,80335
2013-02-01 00:00:00+00:00,1.04307,1.04444,1.03604,1.04053,81666
2013-02-04 00:00:00+00:00,1.04162,1.04413,1.04078,1.04325,74642
2013-02-05 00:00:00+00:00,1.04326,1.0456,1.03699,1.03848,82564
2013-02-06 00:00:00+00:00,1.03849,1.0399,1.02954,1.03082,82040
2013-02-07 00:00:00+00:00,1.03081,1.03381,1.02729,1.02851,84195
2013-02-08 00:00:00+00:00,1.02852,1.03473,1.02542,1.03166,76076
2013-02-11 00:00:00+00:00,1.03079,1.03235,1.02486,1.02593,68412
2013-02-12 00:00:00+00:00,1.02595,1.03211,1.02258,1.03102,78014
2013-02-13 00:00:00+00:00,1.03101,1.037,1.03037,1.03567,77067
2013-02-14 00:00:00+00:00,1.03566,1.03712,1.03258,1.03623,79138
2013-02-15 00:00:00+00:00,1.03624,1.03734,1.02865,1.03033,74116
2013-02-18 00:00:00+00:00,1.02868,1.03147,1.02742,1.03014,59629
2013-02-19 00:00:00+00:00,1.03012,1.03664,1.03004,1.03526,70692
2013-02-20 00:00:00+00:00,1.03525,1.0367,1.02364,1.02579,78615
2013-02-21 00:00:00+00:00,1.02578,1.03061,1.02201,1.02898,83876
2013-02-22 00:00:00+00:00,1.02895,1.03401,1.02693,1.03177,75776
2013-02-25 00:00:00+00:00,1.02945,1.0328,1.02472,1.02612,94075
2013-02-26 00:00:00+00:00,1.02608,1.0291,1.01998,1.0222,98982
2013-02-27 00:00:00+00:00,1.02221,1.02442,1.01817,1.02181,93711
2013-02-28 00:00:00+00:00,1.0218,1.02894,1.01982,1.0219,83637
2013-03-01 00:00:00+00:00,1.02188,1.02413,1.01816,1.02021,79876
2013-03-04 00:00:00+00:00,1.01993,1.02042,1.01121,1.0191,12229
2013-03-05 00:00:00+00:00,1.01908,1.02621,1.01905,1.02546,13095
2013-03-06 00:00:00+00:00,1.02549,1.02989,1.02248,1.02255,20539
2013-03-07 00:00:00+00:00,1.02254,1.02892,1.02184,1.02696,30250
2013-03-08 00:00:00+00:00,1.02698,1.02804,1.02108,1.02319,26029
2013-03-11 00:00:00+00:00,1.02039,1.02845,1.02036,1.02727,24547
2013-03-12 00:00:00+00:00,1.02727,1.03349,1.02664,1.03152,33948
2013-03-13 00:00:00+00:00,1.03152,1.03335,1.02817,1.02889,34900
2013-03-14 00:00:00+00:00,1.02888,1.04008,1.02875,1.03765,39405
2013-03-15 00:00:00+00:00,1.03764,1.04132,1.03607,1.04073,31270
2013-03-18 00:00:00+00:00,1.03584,1.04091,1.03435,1.03917,34435
2013-03-19 00:00:00+00:00,1.03916,1.04051,1.03505,1.03675,35076
2013-03-20 00:00:00+00:00,1.03675,1.04048,1.0355,1.03709,32481
2013-03-21 00:00:00+00:00,1.03707,1.04577,1.03629,1.04329,35090
2013-03-22 00:00:00+00:00,1.04328,1.04594,1.04206,1.04424,26173
2013-03-25 00:00:00+00:00,1.04456,1.04791,1.04326,1.04635,33301
2013-03-26 00:00:00+00:00,1.04638,1.04964,1.04468,1.04804,29670
2013-03-27 00:00:00+00:00,1.04803,1.04816,1.04175,1.0443,30711
2013-03-28 00:00:00+00:00,1.04431,1.04567,1.03963,1.04115,30604
2013-03-29 00:00:00+00:00,1.04114,1.04267,1.03973,1.04163,15305
2013-04-01 00:00:00+00:00,1.04122,1.04309,1.03857,1.04241,17130
2013-04-02 00:00:00+00:00,1.04241,1.04788,1.04237,1.04537,26722
2013-04-03 00:00:00+00:00,1.04532,1.04968,1.04457,1.04577,26508
2013-04-04 00:00:00+00:00,1.04576,1.04894,1.03854,1.04283,36230
2013-04-05 00:00:00+00:00,1.04281,1.04376,1.0354700000000001,1.03812,34528
2013-04-08 00:00:00+00:00,1.03697,1.04231,1.03473,1.04142,32266
2013-04-09 00:00:00+00:00,1.04139,1.0509,1.04052,1.04885,34957
2013-04-10 00:00:00+00:00,1.04882,1.05515,1.04738,1.05412,33621
2013-04-11 00:00:00+00:00,1.05413,1.05817,1.04994,1.05399,34583
2013-04-12 00:00:00+00:00,1.05391,1.05608,1.04794,1.05034,34374
2013-04-15 00:00:00+00:00,1.04961,1.05233,1.029,1.03141,52644
2013-04-16 00:00:00+00:00,1.03141,1.03967,1.03075,1.03832,52210
2013-04-17 00:00:00+00:00,1.03832,1.03936,1.02762,1.03076,51588
2013-04-18 00:00:00+00:00,1.03074,1.03371,1.02687,1.03036,51059
2013-04-19 00:00:00+00:00,1.03038,1.03579,1.02728,1.02754,44248
2013-04-22 00:00:00+00:00,1.02743,1.03071,1.02354,1.027,39807
2013-04-23 00:00:00+00:00,1.0270299999999999,1.0272,1.02208,1.02716,43068
2013-04-24 00:00:00+00:00,1.02716,1.02953,1.0231,1.02791,40906
2013-04-25 00:00:00+00:00,1.02791,1.03388,1.02714,1.02934,34088
2013-04-26 00:00:00+00:00,1.02934,1.03359,1.02624,1.02756,39574
2013-04-29 00:00:00+00:00,1.02868,1.03575,1.02719,1.03443,27625
2013-04-30 00:00:00+00:00,1.03446,1.03839,1.03288,1.03656,34385
2013-05-01 00:00:00+00:00,1.03656,1.03816,1.02649,1.0279,32792
2013-05-02 00:00:00+00:00,1.0279,1.0284200000000001,1.02218,1.02465,38110
2013-05-03 00:00:00+00:00,1.02467,1.03222,1.02423,1.03159,31912
2013-05-06 00:00:00+00:00,1.03055,1.03063,1.02217,1.02514,26660
2013-05-07 00:00:00+00:00,1.02518,1.02527,1.01548,1.01831,35932
2013-05-08 00:00:00+00:00,1.01833,1.02079,1.01545,1.01757,33777
2013-05-09 00:00:00+00:00,1.01759,1.02536,1.00462,1.00904,42363
2013-05-10 00:00:00+00:00,1.00904,1.00954,0.99608,1.00205,49237
2013-05-13 00:00:00+00:00,1.00073,1.00105,0.99399,0.99533,44213
2013-05-14 00:00:00+00:00,0.99535,1.00032,0.9877,0.98956,45124
2013-05-15 00:00:00+00:00,0.98956,0.99194,0.98528,0.98881,45724
2013-05-16 00:00:00+00:00,0.98887,0.99131,0.97971,0.98203,49699
2013-05-17 00:00:00+00:00,0.98196,0.98303,0.97112,0.97257,45298
2013-05-20 00:00:00+00:00,0.97571,0.98266,0.9737,0.98067,41919
2013-05-21 00:00:00+00:00,0.98067,0.98418,0.97508,0.9802,49207
2013-05-22 00:00:00+00:00,0.98,0.98273,0.96613,0.96891,55427
2013-05-23 00:00:00+00:00,0.969,0.97777,0.95934,0.97384,76544
2013-05-24 00:00:00+00:00,0.97386,0.97406,0.96341,0.96445,58968
2013-05-27 00:00:00+00:00,0.9651,0.96653,0.96148,0.96351,37189
2013-05-28 00:00:00+00:00,0.96351,0.96956,0.95962,0.96069,62538
2013-05-29 00:00:00+00:00,0.96075,0.96703,0.95279,0.96333,67385
2013-05-30 00:00:00+00:00,0.96332,0.96969,0.9583,0.96594,69129
2013-05-31 00:00:00+00:00,0.96603,0.96846,0.95485,0.95679,67084
2013-06-03 00:00:00+00:00,0.96026,0.97916,0.95905,0.97694,63509
2013-06-04 00:00:00+00:00,0.97688,0.97692,0.96102,0.9649,66245
2013-06-05 00:00:00+00:00,0.96494,0.96569,0.95111,0.95329,67643
2013-06-06 00:00:00+00:00,0.95405,0.96716,0.94342,0.95952,84947
2013-06-07 00:00:00+00:00,0.95959,0.95961,0.94275,0.94946,85274
2013-06-10 00:00:00+00:00,0.9404,0.94802,0.93926,0.94624,72521
2013-06-11 00:00:00+00:00,0.94625,0.94703,0.93257,0.94255,88543
2013-06-12 00:00:00+00:00,0.94254,0.95632,0.94151,0.94811,80043
2013-06-13 00:00:00+00:00,0.9481,0.96565,0.9428,0.96382,84805
2013-06-14 00:00:00+00:00,0.96533,0.96552,0.95671,0.95691,69411
2013-06-17 00:00:00+00:00,0.95697,0.9641,0.95091,0.95481,53421
2013-06-18 00:00:00+00:00,0.9549,0.95737,0.944,0.9484,59747
2013-06-19 00:00:00+00:00,0.94844,0.95559,0.92607,0.92793,64660
2013-06-20 00:00:00+00:00,0.92794,0.93126,0.91633,0.92039,87783
2013-06-21 00:00:00+00:00,0.92046,0.92588,0.91822,0.92156,73309
2013-06-24 00:00:00+00:00,0.92318,0.92987,0.91476,0.92509,78676
2013-06-25 00:00:00+00:00,0.92509,0.92968,0.91964,0.92584,70913
2013-06-26 00:00:00+00:00,0.92584,0.93441,0.92354,0.92783,66692
2013-06-27 00:00:00+00:00,0.92763,0.93376,0.92613,0.92741,72345
2013-06-28 00:00:00+00:00,0.92742,0.92855,0.91128,0.9134,77868
2013-07-01 00:00:00+00:00,0.91305,0.92528,0.91214,0.92332,56312
2013-07-02 00:00:00+00:00,0.92332,0.92498,0.91302,0.91458,66143
2013-07-03 00:00:00+00:00,0.91457,0.91895,0.90367,0.90835,72143
2013-07-04 00:00:00+00:00,0.90839,0.91806,0.90728,0.91396,57674
2013-07-05 00:00:00+00:00,0.91402,0.91797,0.9048,0.9059,58341
2013-07-08 00:00:00+00:00,0.90528,0.91451,0.90416,0.91302,46335
2013-07-09 00:00:00+00:00,0.913,0.92005,0.90829,0.91728,60733
2013-07-10 00:00:00+00:00,0.91729,0.92374,0.90926,0.92228,69730
2013-07-11 00:00:00+00:00,0.92223,0.93051,0.91191,0.91763,79331
2013-07-12 00:00:00+00:00,0.91763,0.91876,0.89996,0.90461,55617
2013-07-15 00:00:00+00:00,0.90794,0.91216,0.90354,0.91046,53420
2013-07-16 00:00:00+00:00,0.91046,0.92606,0.90859,0.92403,59605
2013-07-17 00:00:00+00:00,0.92403,0.92918,0.9191,0.92347,59677
2013-07-18 00:00:00+00:00,0.92348,0.92416,0.91376,0.91698,55447
2013-07-19 00:00:00+00:00,0.91698,0.92347,0.91549,0.91704,51650
2013-07-22 00:00:00+00:00,0.91756,0.927,0.91732,0.92444,48303
2013-07-23 00:00:00+00:00,0.92446,0.92986,0.92224,0.92892,60310
2013-07-24 00:00:00+00:00,0.9289,0.93178,0.91319,0.91645,68933
2013-07-25 00:00:00+00:00,0.91647,0.9281,0.91283,0.92356,68090
2013-07-26 00:00:00+00:00,0.92356,0.9295,0.92275,0.92597,59786
2013-07-29 00:00:00+00:00,0.92583,0.92868,0.91878,0.92066,59072
2013-07-30 00:00:00+00:00,0.92066,0.92071,0.90438,0.90674,57827
2013-07-31 00:00:00+00:00,0.90675,0.90759,0.89256,0.89406,67785
2013-08-01 00:00:00+00:00,0.89406,0.89931,0.89073,0.89338,58446
2013-08-02 00:00:00+00:00,0.89338,0.89693,0.88702,0.8901,58943
2013-08-05 00:00:00+00:00,0.89094,0.89423,0.88477,0.89314,51509
2013-08-06 00:00:00+00:00,0.89306,0.90052,0.89064,0.89797,57849
2013-08-07 00:00:00+00:00,0.89799,0.90251,0.89193,0.8993,57223
2013-08-08 00:00:00+00:00,0.8993,0.91344,0.8972,0.91005,62509
2013-08-09 00:00:00+00:00,0.91005,0.92142,0.90856,0.91973,52649
2013-08-12 00:00:00+00:00,0.9179,0.92209,0.91343,0.9138,48894
2013-08-13 00:00:00+00:00,0.9139,0.91484,0.90733,0.90986,56788
2013-08-14 00:00:00+00:00,0.90985,0.916,0.90812,0.91242,50965
2013-08-15 00:00:00+00:00,0.91244,0.91895,0.90585,0.91383,67373
2013-08-16 00:00:00+00:00,0.9139,0.92149,0.91243,0.91821,56244
2013-08-19 00:00:00+00:00,0.91872,0.92328,0.91029,0.91175,56643
2013-08-20 00:00:00+00:00,0.91176,0.91322,0.90268,0.90669,61285
2013-08-21 00:00:00+00:00,0.9067,0.90693,0.8965,0.89754,64681
2013-08-22 00:00:00+00:00,0.89768,0.90428,0.89319,0.9013,59930
2013-08-23 00:00:00+00:00,0.90141,0.90499,0.89713,0.90211,50566
2013-08-26 00:00:00+00:00,0.90254,0.90693,0.9003,0.90274,41288
2013-08-27 00:00:00+00:00,0.90274,0.90311,0.8933,0.89767,56396
2013-08-28 00:00:00+00:00,0.89775,0.89844,0.88924,0.89383,58926
2013-08-29 00:00:00+00:00,0.8939,0.89783,0.89031,0.89205,51279
2013-08-30 00:00:00+00:00,0.89205,0.89575,0.8892,0.88971,46771
2013-09-02 00:00:00+00:00,0.89315,0.90136,0.89232,0.8992,42180
2013-09-03 00:00:00+00:00,0.89914,0.9072,0.89722,0.90558,51751
2013-09-04 00:00:00+00:00,0.90565,0.91872,0.90372,0.91613,50180
2013-09-05 00:00:00+00:00,0.91623,0.91877,0.91155,0.91296,46283
2013-09-06 00:00:00+00:00,0.91294,0.92166,0.91157,0.91795,38483
2013-09-09 00:00:00+00:00,0.9199,0.92416,0.91671,0.9227,38037
2013-09-10 00:00:00+00:00,0.9227,0.93186,0.9217,0.93099,46279
2013-09-11 00:00:00+00:00,0.93117,0.9338,0.92762,0.93224,42924
2013-09-12 00:00:00+00:00,0.93225,0.93541,0.92279,0.92626,45999
2013-09-13 00:00:00+00:00,0.92627,0.92707,0.92233,0.92421,39270
2013-09-16 00:00:00+00:00,0.93461,0.93868,0.93051,0.9319,41303
2013-09-17 00:00:00+00:00,0.93192,0.9366,0.9285,0.93552,38447
2013-09-18 00:00:00+00:00,0.93553,0.95285,0.93356,0.94955,41857
2013-09-19 00:00:00+00:00,0.94945,0.9524,0.9427,0.94408,47034
2013-09-20 00:00:00+00:00,0.94408,0.94581,0.93774,0.93922,37154
2013-09-23 00:00:00+00:00,0.93763,0.94567,0.93726,0.94237,38405
2013-09-24 00:00:00+00:00,0.94242,0.94276,0.93635,0.93859,36277
2013-09-25 00:00:00+00:00,0.93858,0.93933,0.93381,0.93605,37013
2013-09-26 00:00:00+00:00,0.93605,0.94013,0.93399,0.93637,35864
2013-09-27 00:00:00+00:00,0.9364,0.93747,0.92975,0.9313,35180
2013-09-30 00:00:00+00:00,0.93058,0.93539,0.92808,0.93224,40182
2013-10-01 00:00:00+00:00,0.93229,0.94351,0.92884,0.93944,45529
2013-10-02 00:00:00+00:00,0.93945,0.94082,0.93334,0.9385,41374
2013-10-03 00:00:00+00:00,0.93853,0.94147,0.93667,0.93927,40271
2013-10-04 00:00:00+00:00,0.93928,0.94583,0.93883,0.94352,36400
2013-10-07 00:00:00+00:00,0.94293,0.94493,0.93879,0.94243,35281
2013-10-08 00:00:00+00:00,0.94242,0.9484,0.94115,0.94193,39481
2013-10-09 00:00:00+00:00,0.94193,0.94641,0.94129,0.94471,40953
2013-10-10 00:00:00+00:00,0.94476,0.94722,0.93891,0.94614,40992
2013-10-11 00:00:00+00:00,0.94612,0.94844,0.94351,0.94652,36708
2013-10-14 00:00:00+00:00,0.94338,0.95073,0.94319,0.94914,32205
2013-10-15 00:00:00+00:00,0.94913,0.95471,0.94776,0.95308,42178
2013-10-16 00:00:00+00:00,0.95307,0.95678,0.94986,0.95582,42504
2013-10-17 00:00:00+00:00,0.95585,0.96466,0.9527,0.96262,45210
2013-10-18 00:00:00+00:00,0.9627,0.96776,0.96043,0.96747,38471
2013-10-21 00:00:00+00:00,0.96655,0.96788,0.96424,0.96512,33771
2013-10-22 00:00:00+00:00,0.96517,0.97304,0.96433,0.97067,35903
2013-10-23 00:00:00+00:00,0.97066,0.97573,0.96069,0.9614,48525
2013-10-24 00:00:00+00:00,0.96147,0.96705,0.95717,0.96149,44413
2013-10-25 00:00:00+00:00,0.96153,0.96239,0.9572,0.95815,38858
2013-10-28 00:00:00+00:00,0.95867,0.96223,0.95352,0.95367,36171
2013-10-29 00:00:00+00:00,0.95367,0.95466,0.94721,0.9481,45639
2013-10-30 00:00:00+00:00,0.94809,0.95156,0.94412,0.94634,41928
2013-10-31 00:00:00+00:00,0.94633,0.95252,0.9442,0.9461,46328
2013-11-01 00:00:00+00:00,0.9461,0.94891,0.94213,0.94364,39039
2013-11-04 00:00:00+00:00,0.94476,0.9514,0.94438,0.95068,29668
2013-11-05 00:00:00+00:00,0.95068,0.95371,0.94632,0.94979,43603
2013-11-06 00:00:00+00:00,0.94984,0.95423,0.94859,0.95197,36337
2013-11-07 00:00:00+00:00,0.95201,0.95268,0.94389,0.94548,48563
2013-11-08 00:00:00+00:00,0.94553,0.94806,0.93523,0.93846,45675
2013-11-11 00:00:00+00:00,0.93799,0.93901,0.93442,0.93527,33372
2013-11-12 00:00:00+00:00,0.9353,0.93679,0.92759,0.92974,42868
2013-11-13 00:00:00+00:00,0.92975,0.93732,0.92785,0.93479,42302
2013-11-14 00:00:00+00:00,0.93478,0.9386,0.92808,0.93101,44922
2013-11-15 00:00:00+00:00,0.93108,0.93743,0.93054,0.93656,35753
2013-11-18 00:00:00+00:00,0.93716,0.94183,0.93583,0.93698,37691
2013-11-19 00:00:00+00:00,0.937,0.94466,0.93523,0.94276,42143
2013-11-20 00:00:00+00:00,0.9427,0.94475,0.93159,0.93252,46790
2013-11-21 00:00:00+00:00,0.93251,0.93336,0.91981,0.92293,49898
2013-11-22 00:00:00+00:00,0.92292,0.92491,0.91433,0.91664,42190
2013-11-25 00:00:00+00:00,0.91672,0.91921,0.912,0.91781,32606
2013-11-26 00:00:00+00:00,0.91779,0.92042,0.9088,0.91248,36179
2013-11-27 00:00:00+00:00,0.91251,0.91372,0.90649,0.9076,36975
2013-11-28 00:00:00+00:00,0.90758,0.9149,0.90753,0.9092,37068
2013-11-29 00:00:00+00:00,0.90924,0.91405,0.90554,0.91072,42892
2013-12-02 00:00:00+00:00,0.91172,0.91679,0.90892,0.91046,44173
2013-12-03 00:00:00+00:00,0.91046,0.91456,0.9057,0.91304,46615
2013-12-04 00:00:00+00:00,0.91305,0.91404,0.89984,0.90297,52986
2013-12-05 00:00:00+00:00,0.90297,0.90766,0.9003,0.90601,50317
2013-12-06 00:00:00+00:00,0.90606,0.91172,0.89901,0.9099,46863
2013-12-09 00:00:00+00:00,0.91132,0.91292,0.90701,0.90749,43316
2013-12-10 00:00:00+00:00,0.9075,0.91666,0.90748,0.91399,42599
2013-12-11 00:00:00+00:00,0.91402,0.91522,0.9035,0.90372,42895
2013-12-12 00:00:00+00:00,0.90372,0.90803,0.8913,0.89222,51526
2013-12-13 00:00:00+00:00,0.89232,0.89687,0.89091,0.89627,41078
2013-12-16 00:00:00+00:00,0.89483,0.89694,0.89206,0.89372,40451
2013-12-17 00:00:00+00:00,0.89377,0.8958,0.88817,0.89165,42240
2013-12-18 00:00:00+00:00,0.89166,0.89437,0.88219,0.88363,47277
2013-12-19 00:00:00+00:00,0.88362,0.88748,0.88226,0.8856,46694
2013-12-20 00:00:00+00:00,0.88559,0.89331,0.88548,0.89167,42203
2013-12-23 00:00:00+00:00,0.89197,0.89578,0.89178,0.89228,32280
2013-12-24 00:00:00+00:00,0.89229,0.89339,0.89058,0.89226,24065
2013-12-26 00:00:00+00:00,0.88833,0.89026,0.88754,0.88774,15256
2013-12-27 00:00:00+00:00,0.88787,0.89285,0.88616,0.88672,39751
2013-12-30 00:00:00+00:00,0.88458,0.89293,0.88329,0.89021,40641
2013-12-31 00:00:00+00:00,0.89017,0.89519,0.89017,0.8925,30452
2014-01-01 00:00:00+00:00,0.88819,0.88953,0.88819,0.88898,2160
2014-01-02 00:00:00+00:00,0.88897,0.89427,0.88427,0.89041,52943
2014-01-03 00:00:00+00:00,0.89044,0.90042,0.88847,0.89427,53171
2014-01-06 00:00:00+00:00,0.89486,0.89822,0.89348,0.89647,49455
2014-01-07 00:00:00+00:00,0.89648,0.89708,0.88934,0.89101,45668
2014-01-08 00:00:00+00:00,0.89109,0.89518,0.88837,0.88883,44582
2014-01-09 00:00:00+00:00,0.88881,0.89124,0.88646,0.88909,41991
2014-01-10 00:00:00+00:00,0.88913,0.90047,0.88754,0.89939,43910
2014-01-13 00:00:00+00:00,0.89892,0.90857,0.8985,0.90539,47661
2014-01-14 00:00:00+00:00,0.90541,0.90564,0.89512,0.89539,43946
2014-01-15 00:00:00+00:00,0.89542,0.89702,0.88873,0.89047,43718
2014-01-16 00:00:00+00:00,0.89042,0.89091,0.87762,0.88149,45691
2014-01-17 00:00:00+00:00,0.88153,0.88272,0.8763,0.87768,36179
2014-01-20 00:00:00+00:00,0.87736,0.88246,0.87564,0.88129,29933
2014-01-21 00:00:00+00:00,0.88129,0.88372,0.87753,0.88,39550
2014-01-22 00:00:00+00:00,0.88,0.88873,0.87866,0.88442,41075
2014-01-23 00:00:00+00:00,0.88441,0.88497,0.87314,0.87552,50337
2014-01-24 00:00:00+00:00,0.87545,0.87747,0.86598,0.86788,51320
2014-01-27 00:00:00+00:00,0.86932,0.87591,0.86771,0.87316,44815
2014-01-28 00:00:00+00:00,0.87318,0.88204,0.8726,0.87909,44206
2014-01-29 00:00:00+00:00,0.87905,0.88254,0.87243,0.87348,48843
2014-01-30 00:00:00+00:00,0.87349,0.88001,0.871,0.87855,43121
2014-01-31 00:00:00+00:00,0.8786,0.8823,0.86941,0.87526,44705
2014-02-03 00:00:00+00:00,0.87626,0.8833,0.87384,0.8749,42967
2014-02-04 00:00:00+00:00,0.87491,0.89414,0.87305,0.89149,52394
2014-02-05 00:00:00+00:00,0.89163,0.89381,0.88734,0.89214,53300
2014-02-06 00:00:00+00:00,0.89216,0.89802,0.89186,0.89489,51458
2014-02-07 00:00:00+00:00,0.89491,0.8998,0.89219,0.89577,50105
2014-02-10 00:00:00+00:00,0.89515,0.89584,0.89065,0.8942,29452
2014-02-11 00:00:00+00:00,0.89422,0.90472,0.89422,0.90311,37783
2014-02-12 00:00:00+00:00,0.90313,0.90668,0.90069,0.90141,35113
2014-02-13 00:00:00+00:00,0.90143,0.90311,0.89274,0.89719,37436
2014-02-14 00:00:00+00:00,0.89721,0.90432,0.89714,0.90311,34883
2014-02-17 00:00:00+00:00,0.90495,0.90687,0.90228,0.90345,28343
2014-02-18 00:00:00+00:00,0.90347,0.90802,0.90014,0.90187,39168
2014-02-19 00:00:00+00:00,0.90186,0.90438,0.89902,0.89979,37728
2014-02-20 00:00:00+00:00,0.8998,0.90211,0.89366,0.90082,41443
2014-02-21 00:00:00+00:00,0.90084,0.90146,0.89516,0.8976,34455
2014-02-24 00:00:00+00:00,0.89703,0.90488,0.89376,0.90347,36966
2014-02-25 00:00:00+00:00,0.90346,0.90439,0.90037,0.90148,35796
2014-02-26 00:00:00+00:00,0.90147,0.90253,0.89436,0.89571,38188
2014-02-27 00:00:00+00:00,0.89573,0.89709,0.89042,0.89623,39919
2014-02-28 00:00:00+00:00,0.89628,0.89892,0.89156,0.89236,37515
2014-03-03 00:00:00+00:00,0.89086,0.89461,0.88902,0.89301,36521
2014-03-04 00:00:00+00:00,0.89301,0.89689,0.89097,0.89535,36413
2014-03-05 00:00:00+00:00,0.89532,0.89964,0.89356,0.89811,34654
2014-03-06 00:00:00+00:00,0.89812,0.91122,0.89726,0.9081,39466
2014-03-07 00:00:00+00:00,0.90801,0.91329,0.90614,0.9067,42358
2014-03-10 00:00:00+00:00,0.9055,0.90631,0.9012,0.90249,55999
2014-03-11 00:00:00+00:00,0.9025,0.90501,0.89614,0.89681,64758
2014-03-12 00:00:00+00:00,0.89682,0.89958,0.89236,0.89917,74051
2014-03-13 00:00:00+00:00,0.89917,0.91029,0.89897,0.90393,87892
2014-03-14 00:00:00+00:00,0.90391,0.90491,0.89963,0.90291,68363
2014-03-17 00:00:00+00:00,0.90143,0.90979,0.90093,0.90816,62527
2014-03-18 00:00:00+00:00,0.90816,0.91382,0.90636,0.91314,68800
2014-03-19 00:00:00+00:00,0.91312,0.91361,0.90199,0.90304,73667
2014-03-20 00:00:00+00:00,0.90305,0.90515,0.89949,0.90351,68546
2014-03-21 00:00:00+00:00,0.9035,0.91003,0.90317,0.90788,56013
2014-03-24 00:00:00+00:00,0.90964,0.91492,0.90476,0.91301,66985
2014-03-25 00:00:00+00:00,0.913,0.91739,0.91193,0.91601,61736
2014-03-26 00:00:00+00:00,0.916,0.92449,0.9154,0.92188,73383
2014-03-27 00:00:00+00:00,0.92188,0.92713,0.92138,0.92579,70756
2014-03-28 00:00:00+00:00,0.9258,0.92948,0.92371,0.92467,63173
2014-03-31 00:00:00+00:00,0.92486,0.92776,0.92178,0.92657,69623
2014-04-01 00:00:00+00:00,0.92657,0.93039,0.92298,0.9238,63890
2014-04-02 00:00:00+00:00,0.92385,0.92631,0.9222,0.9251,62201
2014-04-03 00:00:00+00:00,0.92507,0.92519,0.92054,0.92285,65929
2014-04-04 00:00:00+00:00,0.92286,0.93071,0.92276,0.92904,67094
2014-04-07 00:00:00+00:00,0.92832,0.9295,0.92537,0.92664,49599
2014-04-08 00:00:00+00:00,0.92669,0.93663,0.92616,0.93558,70574
2014-04-09 00:00:00+00:00,0.93558,0.93988,0.93349,0.93815,83019
2014-04-10 00:00:00+00:00,0.93819,0.9461,0.93702,0.94105,51850
2014-04-11 00:00:00+00:00,0.94106,0.94261,0.93631,0.93927,46762
2014-04-14 00:00:00+00:00,0.93914,0.94251,0.93758,0.94159,45057
2014-04-15 00:00:00+00:00,0.94159,0.9423,0.93363,0.93559,49611
2014-04-16 00:00:00+00:00,0.9356,0.93877,0.9332,0.93689,50424
2014-04-17 00:00:00+00:00,0.93691,0.939,0.93208,0.9328,40897
2014-04-18 00:00:00+00:00,0.93278,0.93416,0.93232,0.93296,15393
2014-04-21 00:00:00+00:00,0.9331,0.93463,0.9315,0.93232,23417
2014-04-22 00:00:00+00:00,0.93233,0.93779,0.93213,0.93636,38843
2014-04-23 00:00:00+00:00,0.93638,0.93769,0.92673,0.92883,45223
2014-04-24 00:00:00+00:00,0.92883,0.93006,0.92519,0.92623,40577
2014-04-25 00:00:00+00:00,0.92622,0.92979,0.92536,0.92693,33895
2014-04-28 00:00:00+00:00,0.92729,0.93164,0.92441,0.92603,40882
2014-04-29 00:00:00+00:00,0.926,0.92819,0.92273,0.92673,41291
2014-04-30 00:00:00+00:00,0.92674,0.93007,0.92521,0.92866,47339
2014-05-01 00:00:00+00:00,0.92863,0.93122,0.92603,0.92651,37604
2014-05-02 00:00:00+00:00,0.9265,0.92798,0.92021,0.92761,53695
2014-05-05 00:00:00+00:00,0.92814,0.92891,0.92521,0.92781,33262
2014-05-06 00:00:00+00:00,0.92781,0.93671,0.92706,0.93419,48702
2014-05-07 00:00:00+00:00,0.93419,0.93545,0.93181,0.93271,68009
2014-05-08 00:00:00+00:00,0.93273,0.9394,0.93189,0.93684,64552
2014-05-09 00:00:00+00:00,0.93684,0.93786,0.93466,0.93611,39606
2014-05-12 00:00:00+00:00,0.93578,0.93854,0.93481,0.93625,34405
2014-05-13 00:00:00+00:00,0.93625,0.93824,0.93328,0.9359,41919
2014-05-14 00:00:00+00:00,0.93591,0.9409,0.93564,0.93766,38950
2014-05-15 00:00:00+00:00,0.93765,0.93927,0.93267,0.93552,37392
2014-05-16 00:00:00+00:00,0.93552,0.93708,0.93346,0.9358,44520
2014-05-19 00:00:00+00:00,0.93663,0.93685,0.93245,0.93252,48495
2014-05-20 00:00:00+00:00,0.93254,0.9335,0.9238,0.92409,59391
2014-05-21 00:00:00+00:00,0.92412,0.92529,0.92083,0.92461,59270
2014-05-22 00:00:00+00:00,0.9246,0.92734,0.92141,0.92233,43536
2014-05-23 00:00:00+00:00,0.92239,0.92494,0.92133,0.92295,44935
2014-05-26 00:00:00+00:00,0.92331,0.92486,0.92304,0.92386,21411
2014-05-27 00:00:00+00:00,0.92388,0.92767,0.92329,0.92579,27464
2014-05-28 00:00:00+00:00,0.9258,0.92703,0.92137,0.92329,27388
2014-05-29 00:00:00+00:00,0.92329,0.93122,0.92105,0.93048,32128
2014-05-30 00:00:00+00:00,0.93041,0.93286,0.92882,0.9308,28300
2014-06-02 00:00:00+00:00,0.93082,0.93136,0.92345,0.92409,32916
2014-06-03 00:00:00+00:00,0.92415,0.92867,0.92294,0.92666,38149
2014-06-04 00:00:00+00:00,0.92664,0.92973,0.92523,0.92763,36772
2014-06-05 00:00:00+00:00,0.92764,0.93461,0.92574,0.93354,43462
2014-06-06 00:00:00+00:00,0.93363,0.93582,0.93186,0.93325,36749
2014-06-09 00:00:00+00:00,0.9338,0.93632,0.93342,0.93501,31158
2014-06-10 00:00:00+00:00,0.93501,0.93835,0.93408,0.93699,39425
2014-06-11 00:00:00+00:00,0.93703,0.94107,0.93642,0.93855,39063
2014-06-12 00:00:00+00:00,0.93854,0.9437,0.93498,0.94232,42612
2014-06-13 00:00:00+00:00,0.94233,0.94266,0.93748,0.93998,34572
2014-06-16 00:00:00+00:00,0.94028,0.94162,0.93736,0.93997,33022
2014-06-17 00:00:00+00:00,0.93998,0.93999,0.93297,0.93353,37316
2014-06-18 00:00:00+00:00,0.93354,0.94114,0.93216,0.93972,36709
2014-06-19 00:00:00+00:00,0.93973,0.94311,0.93901,0.93956,38417
2014-06-20 00:00:00+00:00,0.93957,0.94144,0.93776,0.93867,31568
2014-06-23 00:00:00+00:00,0.93784,0.94447,0.93768,0.94223,31757
2014-06-24 00:00:00+00:00,0.94226,0.94307,0.93659,0.93669,34996
2014-06-25 00:00:00+00:00,0.9367,0.94078,0.9354,0.9402,35599
2014-06-26 00:00:00+00:00,0.94026,0.94182,0.93956,0.94113,33960
2014-06-27 00:00:00+00:00,0.94117,0.94412,0.94053,0.94239,30719
2014-06-30 00:00:00+00:00,0.94211,0.94374,0.93874,0.94298,40704
2014-07-01 00:00:00+00:00,0.943,0.95036,0.94124,0.94927,54092
2014-07-02 00:00:00+00:00,0.94922,0.9494,0.94276,0.94414,53150
2014-07-03 00:00:00+00:00,0.94413,0.94417,0.93293,0.93448,60190
2014-07-04 00:00:00+00:00,0.93449,0.93688,0.9343,0.93628,42919
2014-07-07 00:00:00+00:00,0.93604,0.93761,0.93412,0.93683,50954
2014-07-08 00:00:00+00:00,0.93684,0.94145,0.93651,0.93987,56221
2014-07-09 00:00:00+00:00,0.93989,0.94237,0.93825,0.94074,54607
2014-07-10 00:00:00+00:00,0.94075,0.94569,0.93605,0.93905,59479
2014-07-11 00:00:00+00:00,0.93904,0.94086,0.93756,0.93912,58229
2014-07-14 00:00:00+00:00,0.93821,0.94032,0.93797,0.93929,55574
2014-07-15 00:00:00+00:00,0.93929,0.94013,0.9349,0.93684,69611
2014-07-16 00:00:00+00:00,0.93686,0.93742,0.93295,0.9361,33183
2014-07-17 00:00:00+00:00,0.9361,0.9391,0.93416,0.93469,37277
2014-07-18 00:00:00+00:00,0.93471,0.94104,0.93355,0.93899,33679
2014-07-21 00:00:00+00:00,0.93963,0.93991,0.93666,0.93712,29065
2014-07-22 00:00:00+00:00,0.93712,0.9422,0.93601,0.93934,51462
2014-07-23 00:00:00+00:00,0.93933,0.94611,0.93802,0.94422,70305
2014-07-24 00:00:00+00:00,0.94422,0.94701,0.94106,0.94145,66488
2014-07-25 00:00:00+00:00,0.94144,0.94241,0.93897,0.93915,57700
2014-07-28 00:00:00+00:00,0.93966,0.94132,0.93842,0.94042,54398
2014-07-29 00:00:00+00:00,0.94044,0.94158,0.93739,0.93822,67478
2014-07-30 00:00:00+00:00,0.93822,0.93877,0.93013,0.93257,64476
2014-07-31 00:00:00+00:00,0.93262,0.93299,0.92789,0.92929,41265
2014-08-01 00:00:00+00:00,0.92924,0.93353,0.92749,0.93022,44502
2014-08-04 00:00:00+00:00,0.93096,0.93358,0.93054,0.93321,36203
2014-08-05 00:00:00+00:00,0.93322,0.93427,0.9293,0.93043,49341
2014-08-06 00:00:00+00:00,0.93043,0.93739,0.92912,0.9348,49927
2014-08-07 00:00:00+00:00,0.93484,0.93573,0.92582,0.92683,57405
2014-08-08 00:00:00+00:00,0.92681,0.92864,0.92387,0.92747,52172
2014-08-11 00:00:00+00:00,0.92757,0.92856,0.92585,0.92646,33169
2014-08-12 00:00:00+00:00,0.92646,0.92765,0.92469,0.92645,41701
2014-08-13 00:00:00+00:00,0.92646,0.93189,0.92629,0.93019,46431
2014-08-14 00:00:00+00:00,0.93017,0.9327,0.92874,0.93145,38223
2014-08-15 00:00:00+00:00,0.93145,0.93337,0.92974,0.93151,40314
2014-08-18 00:00:00+00:00,0.93191,0.93339,0.93084,0.9323,31578
2014-08-19 00:00:00+00:00,0.9323,0.9346,0.92968,0.92968,43611
2014-08-20 00:00:00+00:00,0.92966,0.93177,0.92746,0.92847,57480
2014-08-21 00:00:00+00:00,0.92845,0.93105,0.92357,0.93038,48421
2014-08-22 00:00:00+00:00,0.93038,0.93287,0.92925,0.93154,47886
2014-08-25 00:00:00+00:00,0.92913,0.93227,0.92889,0.92976,39992
2014-08-26 00:00:00+00:00,0.92976,0.933,0.92714,0.93097,50221
2014-08-27 00:00:00+00:00,0.93097,0.93508,0.93039,0.93334,52479
2014-08-28 00:00:00+00:00,0.93334,0.93736,0.93319,0.93578,57876
2014-08-29 00:00:00+00:00,0.93581,0.93627,0.93314,0.93345,50194
2014-09-01 00:00:00+00:00,0.93282,0.93515,0.93237,0.93321,34423
2014-09-02 00:00:00+00:00,0.93322,0.93365,0.92677,0.92759,53223
2014-09-03 00:00:00+00:00,0.92759,0.93514,0.92624,0.93425,56455
2014-09-04 00:00:00+00:00,0.93425,0.93926,0.933,0.93427,57961
2014-09-05 00:00:00+00:00,0.93428,0.9402,0.93327,0.93764,53116
2014-09-08 00:00:00+00:00,0.93671,0.93743,0.92772,0.92795,53399
2014-09-09 00:00:00+00:00,0.92795,0.92888,0.91881,0.92053,74550
2014-09-10 00:00:00+00:00,0.92053,0.92178,0.91127,0.91587,67035
2014-09-11 00:00:00+00:00,0.91584,0.92173,0.90886,0.91077,58844
2014-09-12 00:00:00+00:00,0.91073,0.91079,0.90304,0.90374,62058
2014-09-15 00:00:00+00:00,0.90157,0.90493,0.8984,0.90343,54360
2014-09-16 00:00:00+00:00,0.90339,0.91125,0.89893,0.90861,66651
2014-09-17 00:00:00+00:00,0.9086,0.90867,0.89505,0.89549,68028
2014-09-18 00:00:00+00:00,0.8955,0.9001,0.89274,0.89855,60445
2014-09-19 00:00:00+00:00,0.89856,0.89946,0.8921,0.89251,65545
2014-09-22 00:00:00+00:00,0.89317,0.89497,0.88526,0.88712,131398
2014-09-23 00:00:00+00:00,0.88712,0.89269,0.88313,0.88462,63581
2014-09-24 00:00:00+00:00,0.88459,0.88972,0.88388,0.88795,58915
2014-09-25 00:00:00+00:00,0.88795,0.88805,0.87739,0.87916,73700
2014-09-26 00:00:00+00:00,0.8791,0.88132,0.87479,0.87646,61223
2014-09-29 00:00:00+00:00,0.87564,0.87573,0.86838,0.87185,68411
2014-09-30 00:00:00+00:00,0.87185,0.87676,0.8694,0.87474,71134
2014-10-01 00:00:00+00:00,0.87472,0.87494,0.86633,0.87329,78310
2014-10-02 00:00:00+00:00,0.87331,0.88266,0.87293,0.87984,84781
2014-10-03 00:00:00+00:00,0.87984,0.88061,0.86427,0.86742,60564
2014-10-06 00:00:00+00:00,0.86755,0.87841,0.86524,0.87594,56989
2014-10-07 00:00:00+00:00,0.87594,0.8834,0.87264,0.88064,78968
2014-10-08 00:00:00+00:00,0.88065,0.88509,0.87339,0.88316,87729
2014-10-09 00:00:00+00:00,0.88316,0.88985,0.87647,0.8772,89062
2014-10-10 00:00:00+00:00,0.8772,0.87852,0.86803,0.86837,83782
2014-10-13 00:00:00+00:00,0.86806,0.87871,0.86519,0.87594,84205
2014-10-14 00:00:00+00:00,0.87597,0.88122,0.86938,0.87195,80024
2014-10-15 00:00:00+00:00,0.87192,0.88606,0.86755,0.88092,112521
2014-10-16 00:00:00+00:00,0.88092,0.88145,0.86862,0.875,114901
2014-10-17 00:00:00+00:00,0.87506,0.88117,0.87335,0.87435,77116
2014-10-20 00:00:00+00:00,0.8763,0.88012,0.87469,0.87793,63900
2014-10-21 00:00:00+00:00,0.87795,0.88321,0.87568,0.87785,78226
2014-10-22 00:00:00+00:00,0.87786,0.88148,0.87441,0.87621,69825
2014-10-23 00:00:00+00:00,0.87623,0.88056,0.87486,0.87586,74684
2014-10-24 00:00:00+00:00,0.87586,0.88235,0.87184,0.87863,79015
2014-10-27 00:00:00+00:00,0.88012,0.8824,0.87885,0.8796,72604
2014-10-28 00:00:00+00:00,0.87953,0.88818,0.8795,0.88513,64514
2014-10-29 00:00:00+00:00,0.88513,0.89106,0.87754,0.87878,77475
2014-10-30 00:00:00+00:00,0.87878,0.88508,0.87547,0.88265,82059
2014-10-31 00:00:00+00:00,0.88265,0.88438,0.87638,0.87934,86754
2014-11-03 00:00:00+00:00,0.87575,0.87606,0.86769,0.86875,84189
2014-11-04 00:00:00+00:00,0.86875,0.87595,0.86449,0.87533,89466
2014-11-05 00:00:00+00:00,0.87537,0.87613,0.85642,0.85726,104032
2014-11-06 00:00:00+00:00,0.85734,0.86268,0.85525,0.85589,122771
2014-11-07 00:00:00+00:00,0.85588,0.86568,0.85402,0.86341,126703
2014-11-10 00:00:00+00:00,0.86416,0.86822,0.86084,0.86204,72924
2014-11-11 00:00:00+00:00,0.86205,0.87185,0.85902,0.86902,86118
2014-11-12 00:00:00+00:00,0.86906,0.87447,0.8665,0.87092,94329
2014-11-13 00:00:00+00:00,0.8709,0.87642,0.86714,0.8709,85976
2014-11-14 00:00:00+00:00,0.87089,0.87687,0.86485,0.87486,85602
2014-11-17 00:00:00+00:00,0.87567,0.87954,0.86951,0.86979,89624
2014-11-18 00:00:00+00:00,0.86979,0.87467,0.86838,0.87158,77012
2014-11-19 00:00:00+00:00,0.87161,0.87188,0.85984,0.86,79042
2014-11-20 00:00:00+00:00,0.86003,0.86407,0.85657,0.86167,65851
2014-11-21 00:00:00+00:00,0.86167,0.87222,0.86046,0.86617,72619
2014-11-24 00:00:00+00:00,0.86765,0.87004,0.86018,0.86156,53015
2014-11-25 00:00:00+00:00,0.86147,0.8618,0.8513,0.85297,68076
2014-11-26 00:00:00+00:00,0.85325,0.85646,0.84792,0.85461,67880
2014-11-27 00:00:00+00:00,0.85487,0.86151,0.85292,0.8542,49403
2014-11-28 00:00:00+00:00,0.85426,0.85471,0.84847,0.85033,61522
2014-12-01 00:00:00+00:00,0.84683,0.85311,0.84166,0.84895,67818
2014-12-02 00:00:00+00:00,0.84895,0.85418,0.84325,0.84442,64517
2014-12-03 00:00:00+00:00,0.84454,0.84665,0.83882,0.84028,56700
2014-12-04 00:00:00+00:00,0.84022,0.8429,0.83554,0.83791,62057
2014-12-05 00:00:00+00:00,0.83795,0.83925,0.83018,0.83018,58393
2014-12-08 00:00:00+00:00,0.83025,0.83236,0.82599,0.82899,67503
2014-12-09 00:00:00+00:00,0.82903,0.83714,0.82239,0.82916,76944
2014-12-10 00:00:00+00:00,0.82804,0.83481,0.82645,0.83147,71588
2014-12-11 00:00:00+00:00,0.83149,0.83752,0.82149,0.82594,72125
2014-12-12 00:00:00+00:00,0.8255,0.82988,0.82269,0.82418,63651
2014-12-15 00:00:00+00:00,0.82429,0.8268,0.82009,0.82102,68300
2014-12-16 00:00:00+00:00,0.82055,0.82742,0.81997,0.82141,76221
2014-12-17 00:00:00+00:00,0.82131,0.82354,0.81068,0.81108,73571
2014-12-18 00:00:00+00:00,0.81182,0.82032,0.81163,0.81627,68417
2014-12-19 00:00:00+00:00,0.81562,0.81919,0.81174,0.81174,64390
2014-12-22 00:00:00+00:00,0.8142,0.81727,0.81257,0.8132,165302
2014-12-23 00:00:00+00:00,0.8132,0.81435,0.80873,0.81025,149301
2014-12-24 00:00:00+00:00,0.81025,0.81231,0.8095,0.81068,121134
2014-12-26 00:00:00+00:00,0.81255,0.81317,0.81081,0.81167,87166
2014-12-29 00:00:00+00:00,0.81224,0.81625,0.811,0.81298,76560
2014-12-30 00:00:00+00:00,0.81225,0.8203,0.81218,0.81817,45975
2014-12-31 00:00:00+00:00,0.8181,0.82152,0.81587,0.81653,36553
2015-01-02 00:00:00+00:00,0.81412,0.8145,0.8077,0.80878,51157
2015-01-05 00:00:00+00:00,0.80696,0.81064,0.80343,0.8081,86755
2015-01-06 00:00:00+00:00,0.80809,0.81567,0.80801,0.80805,89274
2015-01-07 00:00:00+00:00,0.80804,0.80888,0.80321,0.80755,85039
2015-01-08 00:00:00+00:00,0.80761,0.81301,0.80696,0.81214,76154
2015-01-09 00:00:00+00:00,0.81215,0.82073,0.81049,0.81987,84855
2015-01-12 00:00:00+00:00,0.82091,0.82541,0.81303,0.81553,81056
2015-01-13 00:00:00+00:00,0.81554,0.81962,0.81268,0.81618,88348
2015-01-14 00:00:00+00:00,0.8162,0.81879,0.80675,0.81484,99041
2015-01-15 00:00:00+00:00,0.81488,0.82939,0.8132,0.82135,111834
2015-01-16 00:00:00+00:00,0.82137,0.82551,0.81673,0.82207,93575
2015-01-19 00:00:00+00:00,0.82185,0.82419,0.8195,0.82076,49362
2015-01-20 00:00:00+00:00,0.82082,0.82173,0.81589,0.81687,37410
2015-01-21 00:00:00+00:00,0.81695,0.8233,0.80772,0.80826,46134
2015-01-22 00:00:00+00:00,0.80814,0.81347,0.7995,0.80242,49194
2015-01-23 00:00:00+00:00,0.80241,0.80505,0.788,0.79086,52506
2015-01-26 00:00:00+00:00,0.78813,0.79327,0.78573,0.79225,40569
2015-01-27 00:00:00+00:00,0.79227,0.7974,0.79046,0.79349,52234
2015-01-28 00:00:00+00:00,0.79354,0.80244,0.78832,0.78861,65909
2015-01-29 00:00:00+00:00,0.7884,0.79057,0.77192,0.77582,46312
2015-01-30 00:00:00+00:00,0.77571,0.77965,0.77299,0.77573,44946
2015-02-02 00:00:00+00:00,0.77545,0.78292,0.7749,0.78012,68349
2015-02-03 00:00:00+00:00,0.78008,0.78497,0.76255,0.77905,92545
2015-02-04 00:00:00+00:00,0.77898,0.78464,0.77426,0.775,72899
2015-02-05 00:00:00+00:00,0.77496,0.78237,0.77333,0.7796,68853
2015-02-06 00:00:00+00:00,0.77962,0.78751,0.77776,0.77904,63943
2015-02-09 00:00:00+00:00,0.77607,0.78343,0.77476,0.77992,48880
2015-02-10 00:00:00+00:00,0.77969,0.78411,0.77471,0.77684,66752
2015-02-11 00:00:00+00:00,0.77682,0.77936,0.76931,0.77165,62916
2015-02-12 00:00:00+00:00,0.77158,0.77781,0.76437,0.77328,73086
2015-02-13 00:00:00+00:00,0.77327,0.77919,0.77239,0.77596,55227
2015-02-16 00:00:00+00:00,0.7774,0.7794,0.77506,0.77699,60755
2015-02-17 00:00:00+00:00,0.77705,0.78282,0.77415,0.78165,68156
2015-02-18 00:00:00+00:00,0.78156,0.7833,0.77733,0.78093,63732
2015-02-19 00:00:00+00:00,0.78091,0.78425,0.7757,0.77906,63496
2015-02-20 00:00:00+00:00,0.77898,0.78484,0.7788,0.78401,63048
2015-02-23 00:00:00+00:00,0.78455,0.78483,0.77805,0.78013,58793
2015-02-24 00:00:00+00:00,0.78007,0.78367,0.77393,0.78302,62819
2015-02-25 00:00:00+00:00,0.78292,0.7901,0.78231,0.78859,63157
2015-02-26 00:00:00+00:00,0.78846,0.79126,0.77853,0.77988,65575
2015-02-27 00:00:00+00:00,0.77987,0.78343,0.77775,0.78065,62143
2015-03-02 00:00:00+00:00,0.78024,0.78071,0.77558,0.77649,54496
2015-03-03 00:00:00+00:00,0.77649,0.78441,0.77507,0.78155,62217
2015-03-04 00:00:00+00:00,0.78161,0.78599,0.77949,0.7816,60878
2015-03-05 00:00:00+00:00,0.7816,0.78403,0.77541,0.77813,63104
2015-03-06 00:00:00+00:00,0.77808,0.78452,0.7706,0.77155,59072
2015-03-09 00:00:00+00:00,0.77102,0.77395,0.76837,0.77043,54284
2015-03-10 00:00:00+00:00,0.77034,0.77066,0.76046,0.76231,73903
2015-03-11 00:00:00+00:00,0.76231,0.76444,0.75601,0.75891,64289
2015-03-12 00:00:00+00:00,0.75901,0.77306,0.75731,0.77007,66704
2015-03-13 00:00:00+00:00,0.77016,0.77098,0.7609,0.76331,67123
2015-03-16 00:00:00+00:00,0.76264,0.76791,0.76128,0.76418,59731
2015-03-17 00:00:00+00:00,0.76405,0.76647,0.76053,0.76214,66358
2015-03-18 00:00:00+00:00,0.7621,0.78462,0.75906,0.77408,67676
2015-03-19 00:00:00+00:00,0.77421,0.78081,0.76109,0.76472,84434
2015-03-20 00:00:00+00:00,0.76485,0.78017,0.76435,0.77687,64736
2015-03-23 00:00:00+00:00,0.77975,0.78983,0.77642,0.78753,65874
2015-03-24 00:00:00+00:00,0.78754,0.79377,0.78344,0.78734,82429
2015-03-25 00:00:00+00:00,0.78733,0.79037,0.78287,0.78461,67756
2015-03-26 00:00:00+00:00,0.78464,0.78837,0.78006,0.78266,74150
2015-03-27 00:00:00+00:00,0.78266,0.78342,0.77444,0.77463,63997
2015-03-30 00:00:00+00:00,0.77326,0.77466,0.76328,0.76515,63774
2015-03-31 00:00:00+00:00,0.76515,0.76634,0.759,0.76047,70455
2015-04-01 00:00:00+00:00,0.76017,0.76627,0.7582,0.75978,54785
2015-04-02 00:00:00+00:00,0.75979,0.76098,0.75323,0.75902,52992
2015-04-03 00:00:00+00:00,0.75894,0.76927,0.75702,0.76343,34857
2015-04-06 00:00:00+00:00,0.76353,0.76666,0.75787,0.75894,30687
2015-04-07 00:00:00+00:00,0.75888,0.77104,0.75764,0.76316,59562
2015-04-08 00:00:00+00:00,0.76316,0.77273,0.76303,0.7683,61984
2015-04-09 00:00:00+00:00,0.76819,0.77381,0.76593,0.76908,57010
2015-04-10 00:00:00+00:00,0.76905,0.77208,0.76374,0.76789,56287
2015-04-13 00:00:00+00:00,0.76789,0.76789,0.75525,0.75888,58969
2015-04-14 00:00:00+00:00,0.75883,0.76482,0.75548,0.76236,62666
2015-04-15 00:00:00+00:00,0.7624,0.77,0.75711,0.76809,63892
2015-04-16 00:00:00+00:00,0.76809,0.78215,0.76726,0.77989,85876
2015-04-17 00:00:00+00:00,0.77989,0.78419,0.77587,0.77849,77178
2015-04-20 00:00:00+00:00,0.77849,0.78257,0.77063,0.77239,64890
2015-04-21 00:00:00+00:00,0.77239,0.77532,0.76825,0.77105,84078
2015-04-22 00:00:00+00:00,0.77105,0.78065,0.77054,0.77519,99958
2015-04-23 00:00:00+00:00,0.77519,0.77901,0.77105,0.77776,107084
2015-04-24 00:00:00+00:00,0.77776,0.78401,0.77638,0.78193,97590
2015-04-27 00:00:00+00:00,0.78195,0.78719,0.77909,0.78537,91872
2015-04-28 00:00:00+00:00,0.78522,0.8027,0.78328,0.80222,103995
2015-04-29 00:00:00+00:00,0.80206,0.80753,0.79761,0.80132,120132
2015-04-30 00:00:00+00:00,0.80039,0.80215,0.78625,0.79035,140343
2015-05-01 00:00:00+00:00,0.79035,0.79179,0.78029,0.78435,100806
2015-05-04 00:00:00+00:00,0.78299,0.78509,0.78018,0.78386,55361
2015-05-05 00:00:00+00:00,0.78342,0.79552,0.77978,0.79441,22504
2015-05-06 00:00:00+00:00,0.79391,0.80299,0.79185,0.79656,31733
2015-05-07 00:00:00+00:00,0.79649,0.80039,0.78893,0.79052,16399
2015-05-08 00:00:00+00:00,0.79049,0.79675,0.78627,0.79323,21282
2015-05-11 00:00:00+00:00,0.79177,0.79324,0.78753,0.78886,51104
2015-05-12 00:00:00+00:00,0.78886,0.79992,0.78855,0.79747,82200
2015-05-13 00:00:00+00:00,0.79745,0.81236,0.79502,0.81113,79677
2015-05-14 00:00:00+00:00,0.81098,0.81626,0.80627,0.80779,95554
2015-05-15 00:00:00+00:00,0.80774,0.80882,0.79954,0.80364,73532
2015-05-18 00:00:00+00:00,0.80366,0.80513,0.79759,0.7988,39441
2015-05-19 00:00:00+00:00,0.79889,0.80095,0.79054,0.79125,95995
2015-05-20 00:00:00+00:00,0.79123,0.79338,0.786,0.78731,108442
2015-05-21 00:00:00+00:00,0.78728,0.79122,0.78647,0.78923,98063
2015-05-22 00:00:00+00:00,0.78924,0.79305,0.78093,0.78293,93702
2015-05-25 00:00:00+00:00,0.78233,0.78386,0.78025,0.78224,70223
2015-05-26 00:00:00+00:00,0.7822,0.78388,0.77263,0.77335,101302
2015-05-27 00:00:00+00:00,0.77346,0.77677,0.76902,0.7727,94322
2015-05-28 00:00:00+00:00,0.77295,0.77601,0.76168,0.7647,112774
2015-05-29 00:00:00+00:00,0.76464,0.76732,0.76285,0.76417,93815
2015-06-01 00:00:00+00:00,0.76354,0.76674,0.75971,0.76038,97044
2015-06-02 00:00:00+00:00,0.76041,0.77895,0.76022,0.77708,170959
2015-06-03 00:00:00+00:00,0.77707,0.78178,0.77511,0.77851,102840
2015-06-04 00:00:00+00:00,0.77849,0.77865,0.76641,0.76866,47851
2015-06-05 00:00:00+00:00,0.76837,0.77257,0.75988,0.76144,140443
2015-06-08 00:00:00+00:00,0.76243,0.7712,0.76024,0.77013,118030
2015-06-09 00:00:00+00:00,0.76998,0.77213,0.76461,0.76888,138059
2015-06-10 00:00:00+00:00,0.76891,0.77846,0.76351,0.77573,156009
2015-06-11 00:00:00+00:00,0.7756,0.77922,0.76923,0.77534,129341
2015-06-12 00:00:00+00:00,0.77536,0.7758,0.76744,0.77319,119999
2015-06-15 00:00:00+00:00,0.77373,0.7776,0.77034,0.77635,75044
2015-06-16 00:00:00+00:00,0.77642,0.77795,0.77217,0.775,94695
2015-06-17 00:00:00+00:00,0.77507,0.77693,0.76445,0.77476,115865
2015-06-18 00:00:00+00:00,0.77453,0.78477,0.77097,0.77974,126620
2015-06-19 00:00:00+00:00,0.7796,0.78127,0.7736,0.77702,102052
2015-06-22 00:00:00+00:00,0.7765,0.77959,0.77205,0.7727,93153
2015-06-23 00:00:00+00:00,0.77267,0.77481,0.76785,0.77346,105502
2015-06-24 00:00:00+00:00,0.77348,0.77702,0.76825,0.77015,106611
2015-06-25 00:00:00+00:00,0.77007,0.77516,0.76957,0.77358,92176
2015-06-26 00:00:00+00:00,0.77364,0.77392,0.76297,0.76535,93972
2015-06-29 00:00:00+00:00,0.76204,0.77114,0.75857,0.76775,125687
2015-06-30 00:00:00+00:00,0.76771,0.77236,0.76586,0.77056,124492
2015-07-01 00:00:00+00:00,0.77042,0.77377,0.7638,0.76432,102366
2015-07-02 00:00:00+00:00,0.76423,0.76566,0.75889,0.76307,116822
2015-07-03 00:00:00+00:00,0.76308,0.76482,0.75091,0.75203,100882
2015-07-06 00:00:00+00:00,0.74756,0.75321,0.7461,0.7497,116177
2015-07-07 00:00:00+00:00,0.74968,0.75003,0.7397,0.745,136958
2015-07-08 00:00:00+00:00,0.74501,0.74585,0.73713,0.74276,124174
2015-07-09 00:00:00+00:00,0.74275,0.74907,0.73912,0.74446,117285
2015-07-10 00:00:00+00:00,0.74447,0.74957,0.74085,0.74375,107037
2015-07-13 00:00:00+00:00,0.74092,0.74677,0.73822,0.74051,119736
2015-07-14 00:00:00+00:00,0.74045,0.7478,0.73867,0.74491,114474
2015-07-15 00:00:00+00:00,0.7449,0.74877,0.73528,0.73768,132138
2015-07-16 00:00:00+00:00,0.73766,0.74361,0.73488,0.7402,119475
2015-07-17 00:00:00+00:00,0.74017,0.74178,0.73667,0.73779,108166
2015-07-20 00:00:00+00:00,0.73764,0.73967,0.73268,0.73681,119621
2015-07-21 00:00:00+00:00,0.7368,0.7449,0.73403,0.74171,166275
2015-07-22 00:00:00+00:00,0.74173,0.74383,0.73603,0.73732,234383
2015-07-23 00:00:00+00:00,0.73733,0.74169,0.73515,0.73554,167845
2015-07-24 00:00:00+00:00,0.73526,0.73616,0.72594,0.72837,121840
2015-07-27 00:00:00+00:00,0.72695,0.73243,0.72651,0.72674,122470
2015-07-28 00:00:00+00:00,0.72676,0.73438,0.72567,0.73345,133758
2015-07-29 00:00:00+00:00,0.73353,0.73505,0.7282,0.72942,138090
2015-07-30 00:00:00+00:00,0.72904,0.73222,0.72547,0.72915,129851
2015-07-31 00:00:00+00:00,0.72886,0.73662,0.72342,0.72978,147690
2015-08-03 00:00:00+00:00,0.73157,0.73157,0.72596,0.72843,135994
2015-08-04 00:00:00+00:00,0.72829,0.74281,0.72628,0.73749,163305
2015-08-05 00:00:00+00:00,0.73775,0.73947,0.73337,0.73537,144336
2015-08-06 00:00:00+00:00,0.73536,0.73925,0.73145,0.73447,140716
2015-08-07 00:00:00+00:00,0.73415,0.74192,0.73334,0.74179,121991
2015-08-10 00:00:00+00:00,0.74112,0.74219,0.7353,0.74096,74175
2015-08-11 00:00:00+00:00,0.7409,0.7439,0.72828,0.72998,116043
2015-08-12 00:00:00+00:00,0.72992,0.7387,0.72143,0.73666,121040
2015-08-13 00:00:00+00:00,0.7374,0.74087,0.73226,0.73537,95902
2015-08-14 00:00:00+00:00,0.73574,0.73972,0.73535,0.73726,95304
2015-08-17 00:00:00+00:00,0.73721,0.73887,0.73434,0.73674,108572
2015-08-18 00:00:00+00:00,0.73676,0.73856,0.73195,0.7337,129511
2015-08-19 00:00:00+00:00,0.7338,0.7375,0.73117,0.73368,154139
2015-08-20 00:00:00+00:00,0.73444,0.73725,0.72844,0.73338,142348
2015-08-21 00:00:00+00:00,0.73331,0.73598,0.72862,0.73102,154225
2015-08-24 00:00:00+00:00,0.72983,0.73111,0.70404,0.71441,176972
2015-08-25 00:00:00+00:00,0.71511,0.72494,0.71198,0.71198,151845
2015-08-26 00:00:00+00:00,0.7124,0.71561,0.70694,0.7118,163518
2015-08-27 00:00:00+00:00,0.71103,0.71807,0.70984,0.71617,144984
2015-08-28 00:00:00+00:00,0.71614,0.72055,0.71203,0.71694,135477
2015-08-31 00:00:00+00:00,0.71504,0.71623,0.70819,0.71114,109541
2015-09-01 00:00:00+00:00,0.71082,0.71531,0.70139,0.70174,146167
2015-09-02 00:00:00+00:00,0.70133,0.70486,0.69818,0.70375,141960
2015-09-03 00:00:00+00:00,0.70364,0.70624,0.69918,0.70153,125321
2015-09-04 00:00:00+00:00,0.70131,0.70209,0.69075,0.69079,121480
2015-09-07 00:00:00+00:00,0.69216,0.69496,0.69113,0.69201,116099
2015-09-08 00:00:00+00:00,0.69191,0.70392,0.69191,0.70149,105393
2015-09-09 00:00:00+00:00,0.70117,0.70697,0.70049,0.70155,108302
2015-09-10 00:00:00+00:00,0.69995,0.70992,0.69454,0.70693,145064
2015-09-11 00:00:00+00:00,0.7061,0.70918,0.7035,0.70903,95186
2015-09-14 00:00:00+00:00,0.70797,0.71512,0.70628,0.71349,87495
2015-09-15 00:00:00+00:00,0.71346,0.71654,0.7085,0.71401,92420
2015-09-16 00:00:00+00:00,0.714,0.71995,0.71226,0.7195,91654
2015-09-17 00:00:00+00:00,0.71944,0.72752,0.71375,0.71721,109914
2015-09-18 00:00:00+00:00,0.7166,0.72796,0.71607,0.71876,109727
2015-09-21 00:00:00+00:00,0.71829,0.71967,0.71212,0.71292,89769
2015-09-22 00:00:00+00:00,0.71279,0.71585,0.70563,0.70877,85765
2015-09-23 00:00:00+00:00,0.70881,0.7089,0.69887,0.70019,94279
2015-09-24 00:00:00+00:00,0.69994,0.70421,0.69381,0.7022,112950
2015-09-25 00:00:00+00:00,0.70219,0.70419,0.69749,0.7025,95888
2015-09-28 00:00:00+00:00,0.70257,0.70358,0.69787,0.69886,83644
2015-09-29 00:00:00+00:00,0.69885,0.70234,0.69362,0.69833,103213
2015-09-30 00:00:00+00:00,0.69834,0.70379,0.69803,0.70156,100585
2015-10-01 00:00:00+00:00,0.70128,0.70844,0.69977,0.70295,104619
2015-10-02 00:00:00+00:00,0.70268,0.70672,0.7002,0.70505,96212
2015-10-05 00:00:00+00:00,0.70544,0.71106,0.70419,0.70805,102897
2015-10-06 00:00:00+00:00,0.7081,0.71748,0.7067,0.7163,106938
2015-10-07 00:00:00+00:00,0.71644,0.72342,0.71494,0.72077,107281
2015-10-08 00:00:00+00:00,0.72047,0.7271,0.71647,0.72577,101504
2015-10-09 00:00:00+00:00,0.72583,0.73436,0.72471,0.73323,106566
2015-10-12 00:00:00+00:00,0.73154,0.73817,0.73048,0.736,89829
2015-10-13 00:00:00+00:00,0.73596,0.73636,0.72422,0.72423,103631
2015-10-14 00:00:00+00:00,0.72424,0.73169,0.71981,0.72995,111161
2015-10-15 00:00:00+00:00,0.72986,0.73632,0.72653,0.73285,117541
2015-10-16 00:00:00+00:00,0.7327,0.73371,0.72491,0.72704,101582
2015-10-19 00:00:00+00:00,0.72554,0.73069,0.72386,0.7248,85092
2015-10-20 00:00:00+00:00,0.72453,0.72977,0.72417,0.72595,80995
2015-10-21 00:00:00+00:00,0.7259,0.72755,0.72022,0.72062,87278
2015-10-22 00:00:00+00:00,0.72053,0.72391,0.71822,0.7208,97787
2015-10-23 00:00:00+00:00,0.72051,0.72961,0.71974,0.72157,102942
2015-10-26 00:00:00+00:00,0.7209,0.72691,0.72074,0.72432,93707
2015-10-27 00:00:00+00:00,0.72424,0.72581,0.71787,0.72,91590
2015-10-28 00:00:00+00:00,0.72002,0.72062,0.70802,0.71012,109970
2015-10-29 00:00:00+00:00,0.71012,0.71188,0.70672,0.70795,95432
2015-10-30 00:00:00+00:00,0.70796,0.71481,0.70775,0.71331,99371
2015-11-02 00:00:00+00:00,0.71146,0.71531,0.71146,0.71448,90053
2015-11-03 00:00:00+00:00,0.71449,0.72189,0.71082,0.71837,107407
2015-11-04 00:00:00+00:00,0.71844,0.72237,0.71355,0.7147,107169
2015-11-05 00:00:00+00:00,0.71456,0.71691,0.71252,0.71414,109883
2015-11-06 00:00:00+00:00,0.71404,0.71693,0.70224,0.70408,115786
2015-11-09 00:00:00+00:00,0.70251,0.70696,0.70251,0.70466,111318
2015-11-10 00:00:00+00:00,0.70424,0.70638,0.70156,0.70311,116945
2015-11-11 00:00:00+00:00,0.70282,0.70778,0.70241,0.70607,105104
2015-11-12 00:00:00+00:00,0.70584,0.71538,0.70562,0.71248,132658
2015-11-13 00:00:00+00:00,0.71245,0.71586,0.71058,0.71263,105129
2015-11-16 00:00:00+00:00,0.71185,0.71321,0.708,0.70953,101254
2015-11-17 00:00:00+00:00,0.70947,0.71396,0.70721,0.71113,114154
2015-11-18 00:00:00+00:00,0.71066,0.71173,0.70684,0.71109,105295
2015-11-19 00:00:00+00:00,0.71065,0.72142,0.71016,0.71938,123668
2015-11-20 00:00:00+00:00,0.7192,0.72499,0.71832,0.72364,114690
2015-11-23 00:00:00+00:00,0.72287,0.72325,0.71588,0.7191,123341
2015-11-24 00:00:00+00:00,0.71894,0.72577,0.71846,0.72538,124291
2015-11-25 00:00:00+00:00,0.72557,0.72825,0.72268,0.72514,123491
2015-11-26 00:00:00+00:00,0.72498,0.72621,0.721,0.72249,113307
2015-11-27 00:00:00+00:00,0.7224,0.72393,0.71847,0.71898,98190
2015-11-30 00:00:00+00:00,0.71913,0.72496,0.717,0.72256,102700
2015-12-01 00:00:00+00:00,0.72255,0.73356,0.72216,0.7323,128804
2015-12-02 00:00:00+00:00,0.732,0.73429,0.72926,0.73089,126273
2015-12-03 00:00:00+00:00,0.73075,0.73625,0.72837,0.73399,144709
2015-12-04 00:00:00+00:00,0.73421,0.73849,0.72791,0.73363,132604
2015-12-07 00:00:00+00:00,0.73384,0.73421,0.72562,0.72671,112044
2015-12-08 00:00:00+00:00,0.7265,0.727,0.71862,0.72156,118229
2015-12-09 00:00:00+00:00,0.72114,0.72448,0.71717,0.72296,123141
2015-12-10 00:00:00+00:00,0.72276,0.7334,0.72212,0.72803,116430
2015-12-11 00:00:00+00:00,0.72801,0.72814,0.71836,0.71836,95633
2015-12-14 00:00:00+00:00,0.72009,0.72694,0.71593,0.7241,98703
2015-12-15 00:00:00+00:00,0.72432,0.72828,0.71601,0.71904,99529
2015-12-16 00:00:00+00:00,0.71913,0.72797,0.71762,0.72312,117600
2015-12-17 00:00:00+00:00,0.72292,0.72488,0.70966,0.71273,106302
2015-12-18 00:00:00+00:00,0.71248,0.71999,0.71115,0.71679,96955
2015-12-21 00:00:00+00:00,0.7169,0.71951,0.71548,0.71892,73578
2015-12-22 00:00:00+00:00,0.71863,0.72487,0.71812,0.7234,82710
2015-12-23 00:00:00+00:00,0.72333,0.72473,0.72086,0.72354,79034
2015-12-24 00:00:00+00:00,0.72292,0.72801,0.72262,0.72671,46255
2015-12-28 00:00:00+00:00,0.72741,0.7282,0.72471,0.7248,48631
2015-12-29 00:00:00+00:00,0.72463,0.73026,0.72447,0.72941,60657
2015-12-30 00:00:00+00:00,0.72939,0.73031,0.72709,0.72847,74625
2015-12-31 00:00:00+00:00,0.72832,0.73273,0.72662,0.72896,55664
2016-01-04 00:00:00+00:00,0.72816,0.73006,0.71555,0.71901,103450
2016-01-05 00:00:00+00:00,0.71905,0.72141,0.71319,0.716,108868
2016-01-06 00:00:00+00:00,0.71585,0.71712,0.70481,0.70705,125704
2016-01-07 00:00:00+00:00,0.70696,0.70857,0.69802,0.70096,129170
2016-01-08 00:00:00+00:00,0.7009,0.70761,0.69502,0.69502,132561
2016-01-11 00:00:00+00:00,0.69691,0.70354,0.69267,0.69928,120220
2016-01-12 00:00:00+00:00,0.69928,0.70206,0.69396,0.6984,128057
2016-01-13 00:00:00+00:00,0.69812,0.70483,0.69492,0.69542,121843
2016-01-14 00:00:00+00:00,0.69544,0.69964,0.69095,0.69839,140337
2016-01-15 00:00:00+00:00,0.6978,0.70018,0.68266,0.68583,129835
2016-01-18 00:00:00+00:00,0.68361,0.69275,0.68315,0.68634,123352
2016-01-19 00:00:00+00:00,0.6863,0.69568,0.6838,0.6905,141213
2016-01-20 00:00:00+00:00,0.69054,0.69238,0.68277,0.69061,158250
2016-01-21 00:00:00+00:00,0.69066,0.7017,0.68751,0.69969,159704
2016-01-22 00:00:00+00:00,0.69964,0.70455,0.69858,0.7002,132239
2016-01-25 00:00:00+00:00,0.70014,0.70311,0.69487,0.69535,130722
2016-01-26 00:00:00+00:00,0.69528,0.70208,0.69183,0.70029,133127
2016-01-27 00:00:00+00:00,0.70031,0.70811,0.69918,0.70249,175781
2016-01-28 00:00:00+00:00,0.70243,0.71282,0.70076,0.70819,154583
2016-01-29 00:00:00+00:00,0.70819,0.71407,0.70582,0.70825,162456
2016-02-01 00:00:00+00:00,0.70796,0.71208,0.7042,0.71122,134904
2016-02-02 00:00:00+00:00,0.71103,0.71288,0.70341,0.70366,130995
2016-02-03 00:00:00+00:00,0.70369,0.71886,0.70023,0.71666,147666
2016-02-04 00:00:00+00:00,0.71636,0.72423,0.7153,0.71988,134806
2016-02-05 00:00:00+00:00,0.71988,0.72195,0.70633,0.70634,114095
2016-02-08 00:00:00+00:00,0.70672,0.71281,0.70501,0.70847,126090
2016-02-09 00:00:00+00:00,0.70851,0.70955,0.69731,0.707,131900
2016-02-10 00:00:00+00:00,0.70697,0.71248,0.70372,0.70936,141871
2016-02-11 00:00:00+00:00,0.70935,0.71529,0.69834,0.71073,156197
2016-02-12 00:00:00+00:00,0.71076,0.71277,0.70633,0.70976,118134
2016-02-15 00:00:00+00:00,0.71004,0.71711,0.70994,0.71342,104532
2016-02-16 00:00:00+00:00,0.71346,0.71813,0.70811,0.71093,110096
2016-02-17 00:00:00+00:00,0.71081,0.71865,0.70839,0.71837,114732
2016-02-18 00:00:00+00:00,0.71807,0.71837,0.71326,0.7156,111865
2016-02-19 00:00:00+00:00,0.71559,0.71614,0.70687,0.71473,98650
2016-02-22 00:00:00+00:00,0.71556,0.72466,0.71357,0.72268,104276
2016-02-23 00:00:00+00:00,0.72258,0.72587,0.72,0.72016,116653
2016-02-24 00:00:00+00:00,0.72006,0.7213,0.71455,0.71941,122035
2016-02-25 00:00:00+00:00,0.71939,0.72429,0.71561,0.72348,124031
2016-02-26 00:00:00+00:00,0.72319,0.72563,0.71177,0.7122,120183
2016-02-29 00:00:00+00:00,0.71211,0.71675,0.71084,0.71388,125994
2016-03-01 00:00:00+00:00,0.71385,0.71916,0.71088,0.71725,126174
2016-03-02 00:00:00+00:00,0.71718,0.73005,0.71643,0.72954,148863
2016-03-03 00:00:00+00:00,0.72924,0.73734,0.7281,0.73506,142943
2016-03-04 00:00:00+00:00,0.73497,0.74426,0.73395,0.7436,138611
2016-03-07 00:00:00+00:00,0.74021,0.74841,0.73921,0.74662,118405
2016-03-08 00:00:00+00:00,0.74661,0.74719,0.74097,0.74373,116429
2016-03-09 00:00:00+00:00,0.74337,0.75275,0.74118,0.74841,129000
2016-03-10 00:00:00+00:00,0.74837,0.75115,0.74265,0.74532,148834
2016-03-11 00:00:00+00:00,0.74532,0.7583,0.74461,0.75596,121275
2016-03-14 00:00:00+00:00,0.75478,0.75931,0.74916,0.75072,115495
2016-03-15 00:00:00+00:00,0.75072,0.75273,0.74449,0.74593,121935
2016-03-16 00:00:00+00:00,0.74599,0.75779,0.74143,0.75619,123184
2016-03-17 00:00:00+00:00,0.75619,0.76565,0.75331,0.76364,145536
2016-03-18 00:00:00+00:00,0.76378,0.76797,0.75946,0.75977,90665
2016-03-21 00:00:00+00:00,0.75944,0.76261,0.75681,0.75803,116470
2016-03-22 00:00:00+00:00,0.75803,0.76424,0.75507,0.76146,118413
2016-03-23 00:00:00+00:00,0.76147,0.76483,0.75191,0.75347,104345
2016-03-24 00:00:00+00:00,0.75342,0.75367,0.74768,0.75253,94901
2016-03-25 00:00:00+00:00,0.75247,0.75348,0.74976,0.75045,45602
2016-03-28 00:00:00+00:00,0.75094,0.75575,0.74928,0.75437,68583
2016-03-29 00:00:00+00:00,0.75413,0.76448,0.75097,0.76255,124815
2016-03-30 00:00:00+00:00,0.76244,0.77084,0.76147,0.76697,149039
2016-03-31 00:00:00+00:00,0.76687,0.77224,0.76338,0.76568,129104
2016-04-01 00:00:00+00:00,0.76555,0.77003,0.75987,0.76759,119434
2016-04-04 00:00:00+00:00,0.76695,0.76778,0.75981,0.7602,112448
2016-04-05 00:00:00+00:00,0.7602,0.76302,0.75096,0.75415,134427
2016-04-06 00:00:00+00:00,0.75409,0.7619,0.75323,0.75968,117945
2016-04-07 00:00:00+00:00,0.75956,0.7637,0.74914,0.75029,132998
2016-04-08 00:00:00+00:00,0.75021,0.7579,0.74999,0.75398,117319
2016-04-11 00:00:00+00:00,0.754,0.76296,0.75277,0.75946,121922
2016-04-12 00:00:00+00:00,0.75924,0.76892,0.75831,0.76808,134910
2016-04-13 00:00:00+00:00,0.76802,0.77155,0.76337,0.76504,121087
2016-04-14 00:00:00+00:00,0.76506,0.77366,0.76187,0.76926,117316
2016-04-15 00:00:00+00:00,0.76922,0.77341,0.76803,0.77204,110154
2016-04-18 00:00:00+00:00,0.76477,0.77571,0.76309,0.77471,128630
2016-04-19 00:00:00+00:00,0.77471,0.78257,0.77456,0.78114,111189
2016-04-20 00:00:00+00:00,0.78119,0.78287,0.77665,0.77919,121078
2016-04-21 00:00:00+00:00,0.77898,0.78342,0.77324,0.77377,120727
2016-04-22 00:00:00+00:00,0.77345,0.77739,0.76934,0.77073,116424
2016-04-25 00:00:00+00:00,0.7692,0.77285,0.76907,0.7713,88391
2016-04-26 00:00:00+00:00,0.77127,0.77648,0.76963,0.77469,98724
2016-04-27 00:00:00+00:00,0.77455,0.77649,0.7548,0.75859,119913
2016-04-28 00:00:00+00:00,0.7608,0.76572,0.75692,0.76227,123701
2016-04-29 00:00:00+00:00,0.76227,0.7668,0.7587,0.76055,107757
2016-05-02 00:00:00+00:00,0.75946,0.7671,0.75902,0.76652,100002
2016-05-03 00:00:00+00:00,0.76627,0.77194,0.7483,0.74833,139336
2016-05-04 00:00:00+00:00,0.74813,0.75171,0.74465,0.74528,133183
2016-05-05 00:00:00+00:00,0.74528,0.75134,0.74515,0.74641,110474
2016-05-06 00:00:00+00:00,0.74626,0.74778,0.73371,0.73638,117282
2016-05-09 00:00:00+00:00,0.7353,0.73848,0.73071,0.73147,99733
2016-05-10 00:00:00+00:00,0.73137,0.73736,0.72996,0.73621,102099
2016-05-11 00:00:00+00:00,0.73605,0.74016,0.73355,0.73733,103633
2016-05-12 00:00:00+00:00,0.73739,0.73794,0.73096,0.73231,106346
2016-05-13 00:00:00+00:00,0.73212,0.73233,0.72535,0.72697,104877
2016-05-16 00:00:00+00:00,0.72466,0.73084,0.72466,0.72885,91408
2016-05-17 00:00:00+00:00,0.72863,0.73659,0.72818,0.73234,106158
2016-05-18 00:00:00+00:00,0.73215,0.73309,0.72212,0.72282,115327
2016-05-19 00:00:00+00:00,0.72267,0.72417,0.71761,0.7227,107006
2016-05-20 00:00:00+00:00,0.72258,0.72491,0.72113,0.72208,83170
2016-05-23 00:00:00+00:00,0.72181,0.72595,0.71945,0.72219,86581
2016-05-24 00:00:00+00:00,0.72214,0.72277,0.71447,0.71823,92256
2016-05-25 00:00:00+00:00,0.71787,0.72186,0.71585,0.71976,92716
2016-05-26 00:00:00+00:00,0.71966,0.72433,0.71614,0.72247,94168
2016-05-27 00:00:00+00:00,0.72237,0.72345,0.71718,0.71835,85080
2016-05-30 00:00:00+00:00,0.71761,0.71869,0.71483,0.71814,71647
2016-05-31 00:00:00+00:00,0.71797,0.72666,0.71789,0.72315,106578
2016-06-01 00:00:00+00:00,0.72289,0.72987,0.72269,0.72566,118130
2016-06-02 00:00:00+00:00,0.72549,0.72688,0.72012,0.72284,105880
2016-06-03 00:00:00+00:00,0.72277,0.73679,0.72177,0.73651,114325
2016-06-06 00:00:00+00:00,0.73665,0.73797,0.73148,0.73648,103867
2016-06-07 00:00:00+00:00,0.736,0.74632,0.73591,0.7458,98916
2016-06-08 00:00:00+00:00,0.7452,0.74814,0.74299,0.74713,106827
2016-06-09 00:00:00+00:00,0.74784,0.75039,0.74199,0.74287,118300
2016-06-10 00:00:00+00:00,0.74262,0.74372,0.73687,0.73744,115603
2016-06-13 00:00:00+00:00,0.73745,0.741,0.73589,0.73848,108858
2016-06-14 00:00:00+00:00,0.73848,0.74041,0.73302,0.73564,117940
2016-06-15 00:00:00+00:00,0.73551,0.74455,0.73334,0.74049,120083
2016-06-16 00:00:00+00:00,0.74046,0.74401,0.72849,0.7361,138088
2016-06-17 00:00:00+00:00,0.73603,0.74103,0.73589,0.73721,113759
2016-06-20 00:00:00+00:00,0.73881,0.74807,0.73881,0.74521,98029
2016-06-21 00:00:00+00:00,0.74516,0.75121,0.74491,0.74492,97261
2016-06-22 00:00:00+00:00,0.74461,0.7526,0.74408,0.74983,93687
2016-06-23 00:00:00+00:00,0.74901,0.76141,0.74897,0.76107,113862
2016-06-24 00:00:00+00:00,0.76098,0.76438,0.7304,0.74647,180285
2016-06-27 00:00:00+00:00,0.74183,0.74509,0.73242,0.73262,157553
2016-06-28 00:00:00+00:00,0.73261,0.74146,0.73259,0.73861,127794
2016-06-29 00:00:00+00:00,0.73811,0.74559,0.73804,0.74488,120357
2016-06-30 00:00:00+00:00,0.74469,0.74721,0.73708,0.74506,141538
2016-07-01 00:00:00+00:00,0.7447,0.75026,0.74366,0.74969,105239
2016-07-04 00:00:00+00:00,0.74441,0.75441,0.74433,0.75384,86477
2016-07-05 00:00:00+00:00,0.75332,0.75439,0.74532,0.74617,116750
2016-07-06 00:00:00+00:00,0.74573,0.75285,0.74075,0.75186,140334
2016-07-07 00:00:00+00:00,0.75166,0.75382,0.74664,0.74762,133799
2016-07-08 00:00:00+00:00,0.74768,0.7573,0.74698,0.75599,114192
2016-07-11 00:00:00+00:00,0.75617,0.75751,0.75213,0.75309,92226
2016-07-12 00:00:00+00:00,0.75297,0.76576,0.75297,0.76219,125059
2016-07-13 00:00:00+00:00,0.76179,0.76378,0.75774,0.76066,126965
2016-07-14 00:00:00+00:00,0.76051,0.76526,0.75909,0.76302,131115
2016-07-15 00:00:00+00:00,0.76288,0.76758,0.75582,0.7563,122636
2016-07-18 00:00:00+00:00,0.75882,0.76061,0.75747,0.75905,103602
2016-07-19 00:00:00+00:00,0.75888,0.75903,0.74757,0.75031,118733
2016-07-20 00:00:00+00:00,0.75017,0.75167,0.74617,0.74744,96839
2016-07-21 00:00:00+00:00,0.74692,0.75136,0.74527,0.7493,127260
2016-07-22 00:00:00+00:00,0.74926,0.75075,0.74422,0.74623,101793
2016-07-25 00:00:00+00:00,0.74591,0.74919,0.74512,0.74692,96808
2016-07-26 00:00:00+00:00,0.74676,0.75396,0.74623,0.75017,100520
2016-07-27 00:00:00+00:00,0.75001,0.75651,0.74202,0.74905,124077
2016-07-28 00:00:00+00:00,0.74874,0.75488,0.74861,0.75032,102738
2016-07-29 00:00:00+00:00,0.74973,0.761,0.74927,0.75981,119187
2016-08-01 00:00:00+00:00,0.75905,0.76151,0.75283,0.75344,91278
2016-08-02 00:00:00+00:00,0.7534,0.76373,0.74853,0.76064,115535
2016-08-03 00:00:00+00:00,0.76054,0.76137,0.75678,0.75858,100780
2016-08-04 00:00:00+00:00,0.75865,0.76401,0.75834,0.76256,102766
2016-08-05 00:00:00+00:00,0.76218,0.76637,0.75971,0.76157,95438
2016-08-08 00:00:00+00:00,0.76126,0.76718,0.75969,0.76499,85397
2016-08-09 00:00:00+00:00,0.76481,0.76864,0.76215,0.76716,87721
2016-08-10 00:00:00+00:00,0.76665,0.77553,0.76612,0.76987,105997
2016-08-11 00:00:00+00:00,0.7696,0.77519,0.7691,0.76977,98655
2016-08-12 00:00:00+00:00,0.76977,0.77243,0.76457,0.76484,100906
2016-08-15 00:00:00+00:00,0.76537,0.7691,0.76359,0.76716,80031
2016-08-16 00:00:00+00:00,0.76718,0.77488,0.76534,0.76931,117654
2016-08-17 00:00:00+00:00,0.76921,0.77076,0.76086,0.76531,116404
2016-08-18 00:00:00+00:00,0.76528,0.77227,0.76488,0.76852,118377
2016-08-19 00:00:00+00:00,0.76839,0.76903,0.75987,0.76256,108203
2016-08-22 00:00:00+00:00,0.75993,0.76395,0.75833,0.76248,99079
2016-08-23 00:00:00+00:00,0.76092,0.76545,0.76092,0.76138,102981
2016-08-24 00:00:00+00:00,0.76125,0.76333,0.75879,0.76121,110201
2016-08-25 00:00:00+00:00,0.76117,0.76386,0.76015,0.76153,87806
2016-08-26 00:00:00+00:00,0.76146,0.76916,0.75506,0.75538,124107
2016-08-29 00:00:00+00:00,0.75571,0.7581,0.75245,0.75684,101482
2016-08-30 00:00:00+00:00,0.75652,0.75795,0.74999,0.7508,99854
2016-08-31 00:00:00+00:00,0.75068,0.75327,0.74896,0.75169,103760
2016-09-01 00:00:00+00:00,0.75129,0.75584,0.75039,0.75501,111530
2016-09-02 00:00:00+00:00,0.75458,0.76153,0.75356,0.75518,115958
2016-09-05 00:00:00+00:00,0.75684,0.76059,0.75624,0.75801,88941
2016-09-06 00:00:00+00:00,0.7577,0.76874,0.7577,0.76862,109175
2016-09-07 00:00:00+00:00,0.76872,0.76971,0.76508,0.76705,109247
2016-09-08 00:00:00+00:00,0.76668,0.77316,0.76359,0.76408,119677
2016-09-09 00:00:00+00:00,0.76407,0.76564,0.75358,0.75358,119065
2016-09-12 00:00:00+00:00,0.75362,0.75663,0.74936,0.75655,126454
2016-09-13 00:00:00+00:00,0.75631,0.75676,0.74416,0.74609,143051
2016-09-14 00:00:00+00:00,0.74626,0.74953,0.74504,0.74683,126204
2016-09-15 00:00:00+00:00,0.74662,0.75222,0.74456,0.75142,145995
2016-09-16 00:00:00+00:00,0.75145,0.75262,0.74746,0.74904,123345
2016-09-19 00:00:00+00:00,0.74804,0.75725,0.7475,0.75328,93551
2016-09-20 00:00:00+00:00,0.75309,0.75645,0.75181,0.75545,104616
2016-09-21 00:00:00+00:00,0.75542,0.76298,0.75339,0.7622,138365
2016-09-22 00:00:00+00:00,0.76235,0.76743,0.76061,0.76407,117817
2016-09-23 00:00:00+00:00,0.76418,0.76528,0.76021,0.76021,106911
2016-09-26 00:00:00+00:00,0.76119,0.76489,0.76024,0.76345,96964
2016-09-27 00:00:00+00:00,0.76319,0.76951,0.76109,0.76647,118669
2016-09-28 00:00:00+00:00,0.7665,0.76928,0.76443,0.7691,120158
2016-09-29 00:00:00+00:00,0.76921,0.77096,0.76229,0.76341,146517
2016-09-30 00:00:00+00:00,0.76335,0.7671,0.75893,0.76558,125624
2016-10-03 00:00:00+00:00,0.76528,0.76809,0.76399,0.76709,92843
2016-10-04 00:00:00+00:00,0.76708,0.76903,0.76076,0.76187,130668
2016-10-05 00:00:00+00:00,0.76177,0.76443,0.75922,0.762,115874
2016-10-06 00:00:00+00:00,0.76197,0.76221,0.75617,0.75841,112309
2016-10-07 00:00:00+00:00,0.7583,0.76237,0.75527,0.75839,160777
2016-10-10 00:00:00+00:00,0.76007,0.76281,0.75797,0.76058,99592
2016-10-11 00:00:00+00:00,0.76048,0.7609,0.7533,0.75379,127547
2016-10-12 00:00:00+00:00,0.75335,0.7592,0.75324,0.75605,125441
2016-10-13 00:00:00+00:00,0.75587,0.75811,0.75058,0.75674,117260
2016-10-14 00:00:00+00:00,0.75665,0.76471,0.75558,0.76112,129239
2016-10-17 00:00:00+00:00,0.76152,0.76281,0.75808,0.76277,105026
2016-10-18 00:00:00+00:00,0.76249,0.76891,0.76241,0.76648,106547
2016-10-19 00:00:00+00:00,0.76634,0.77286,0.76587,0.77228,102684
2016-10-20 00:00:00+00:00,0.77194,0.7734,0.76209,0.76244,111812
2016-10-21 00:00:00+00:00,0.76233,0.76506,0.75869,0.76053,96395
2016-10-24 00:00:00+00:00,0.76063,0.76403,0.75908,0.76085,85455
2016-10-25 00:00:00+00:00,0.7609,0.76544,0.75887,0.7646,113363
2016-10-26 00:00:00+00:00,0.76433,0.77086,0.7625,0.76489,107461
2016-10-27 00:00:00+00:00,0.76473,0.76519,0.75812,0.7587,118682
2016-10-28 00:00:00+00:00,0.75863,0.76074,0.75573,0.75884,134254
2016-10-31 00:00:00+00:00,0.75967,0.76185,0.75826,0.76063,105991
2016-11-01 00:00:00+00:00,0.76061,0.76885,0.75976,0.76551,123598
2016-11-02 00:00:00+00:00,0.76548,0.76778,0.76122,0.7657,131562
2016-11-03 00:00:00+00:00,0.7657,0.76874,0.76365,0.76805,132712
2016-11-04 00:00:00+00:00,0.76805,0.76967,0.76516,0.76707,135485
2016-11-07 00:00:00+00:00,0.76732,0.77289,0.76564,0.77263,118886
2016-11-08 00:00:00+00:00,0.77247,0.77777,0.76886,0.77612,129159
2016-11-09 00:00:00+00:00,0.77575,0.77712,0.75787,0.76343,260972
2016-11-10 00:00:00+00:00,0.76303,0.77416,0.75675,0.76111,183717
2016-11-11 00:00:00+00:00,0.76112,0.76292,0.75247,0.75309,200743
2016-11-14 00:00:00+00:00,0.75425,0.75651,0.75233,0.75513,181179
2016-11-15 00:00:00+00:00,0.75518,0.75807,0.75111,0.75571,174239
2016-11-16 00:00:00+00:00,0.75557,0.75708,0.74598,0.74779,166453
2016-11-17 00:00:00+00:00,0.74761,0.7501,0.73962,0.74034,167679
2016-11-18 00:00:00+00:00,0.7401,0.74175,0.73166,0.73166,183974
2016-11-21 00:00:00+00:00,0.7329,0.73814,0.73105,0.73665,167657
2016-11-22 00:00:00+00:00,0.73628,0.7413,0.7361,0.74008,156551
2016-11-23 00:00:00+00:00,0.74007,0.74447,0.73722,0.73814,152928
2016-11-24 00:00:00+00:00,0.73811,0.74179,0.73639,0.74061,128887
2016-11-25 00:00:00+00:00,0.74038,0.74677,0.73999,0.74243,148614
2016-11-28 00:00:00+00:00,0.74414,0.74932,0.74325,0.74816,137384
2016-11-29 00:00:00+00:00,0.74779,0.74969,0.74319,0.74828,140911
2016-11-30 00:00:00+00:00,0.74811,0.74969,0.73735,0.73827,166735
2016-12-01 00:00:00+00:00,0.73825,0.7421,0.73695,0.74131,131423
2016-12-02 00:00:00+00:00,0.74134,0.74685,0.74004,0.74489,117041
2016-12-05 00:00:00+00:00,0.74484,0.74974,0.74115,0.74706,135483
2016-12-06 00:00:00+00:00,0.74699,0.74827,0.74308,0.746,98273
2016-12-07 00:00:00+00:00,0.74555,0.74828,0.74159,0.74816,89330
2016-12-08 00:00:00+00:00,0.74773,0.75074,0.74281,0.74617,122195
2016-12-09 00:00:00+00:00,0.74597,0.74954,0.74278,0.74278,100380
2016-12-12 00:00:00+00:00,0.74352,0.75036,0.74303,0.74948,103504
2016-12-13 00:00:00+00:00,0.74948,0.75229,0.74753,0.74984,110547
2016-12-14 00:00:00+00:00,0.74966,0.75243,0.73938,0.74043,125497
2016-12-15 00:00:00+00:00,0.7401,0.74303,0.7337,0.73575,164783
2016-12-16 00:00:00+00:00,0.73568,0.73688,0.72657,0.72839,126415
2016-12-19 00:00:00+00:00,0.72807,0.73124,0.72418,0.72436,110324
2016-12-20 00:00:00+00:00,0.72433,0.72619,0.72225,0.72583,94524
2016-12-21 00:00:00+00:00,0.72576,0.72792,0.72342,0.72357,85951
2016-12-22 00:00:00+00:00,0.72325,0.72575,0.71968,0.72153,96776
2016-12-23 00:00:00+00:00,0.72152,0.72269,0.71558,0.71558,72630
2016-12-26 00:00:00+00:00,0.71908,0.72252,0.70326,0.71881,7729
2016-12-27 00:00:00+00:00,0.71798,0.71965,0.7172,0.71856,63568
2016-12-28 00:00:00+00:00,0.71788,0.72193,0.71631,0.71756,79579
2016-12-29 00:00:00+00:00,0.71713,0.72231,0.71619,0.72182,101098
2016-12-30 00:00:00+00:00,0.7212,0.72464,0.718,0.718,114180
2017-01-02 00:00:00+00:00,0.72064,0.72175,0.71639,0.71738,40354
2017-01-03 00:00:00+00:00,0.71736,0.72407,0.71736,0.72164,117788
2017-01-04 00:00:00+00:00,0.72137,0.7286,0.72133,0.72811,136493
2017-01-05 00:00:00+00:00,0.72788,0.73564,0.72722,0.73338,169699
2017-01-06 00:00:00+00:00,0.73329,0.73545,0.7288,0.72956,142881
2017-01-09 00:00:00+00:00,0.72906,0.73733,0.7287,0.7353,116959
2017-01-10 00:00:00+00:00,0.73518,0.73842,0.73306,0.73662,132362
2017-01-11 00:00:00+00:00,0.73643,0.74712,0.73517,0.74407,172508
2017-01-12 00:00:00+00:00,0.74377,0.7518,0.74294,0.74811,154644
2017-01-13 00:00:00+00:00,0.74797,0.7508,0.74484,0.74808,135197
2017-01-16 00:00:00+00:00,0.74816,0.75049,0.74577,0.74745,103662
2017-01-17 00:00:00+00:00,0.74741,0.7568,0.74643,0.75642,164000
2017-01-18 00:00:00+00:00,0.75624,0.7566,0.75022,0.75038,128515
2017-01-19 00:00:00+00:00,0.75062,0.75738,0.74928,0.75598,160771
2017-01-20 00:00:00+00:00,0.75583,0.75881,0.75171,0.75359,162071
2017-01-23 00:00:00+00:00,0.75528,0.75888,0.75497,0.75822,140610
2017-01-24 00:00:00+00:00,0.75823,0.76087,0.75529,0.7581,121143
2017-01-25 00:00:00+00:00,0.75756,0.75978,0.75146,0.75696,139285
2017-01-26 00:00:00+00:00,0.75703,0.75844,0.75212,0.75339,134541
2017-01-27 00:00:00+00:00,0.75328,0.75725,0.75109,0.75443,128788
2017-01-30 00:00:00+00:00,0.75548,0.75664,0.75275,0.75523,114611
2017-01-31 00:00:00+00:00,0.75504,0.76051,0.75416,0.75824,130504
2017-02-01 00:00:00+00:00,0.75855,0.75963,0.75506,0.75821,123040
2017-02-02 00:00:00+00:00,0.75856,0.76956,0.75768,0.76563,121547
2017-02-03 00:00:00+00:00,0.76563,0.7695,0.76186,0.76619,118758
2017-02-06 00:00:00+00:00,0.76434,0.76826,0.7629,0.76575,108212
2017-02-07 00:00:00+00:00,0.76561,0.76805,0.76051,0.76265,115181
2017-02-08 00:00:00+00:00,0.76252,0.76653,0.76109,0.76431,115955
2017-02-09 00:00:00+00:00,0.76433,0.76636,0.761,0.76235,106397
2017-02-10 00:00:00+00:00,0.76226,0.76883,0.76172,0.76659,103251
2017-02-13 00:00:00+00:00,0.76766,0.76796,0.76303,0.76396,95976
2017-02-14 00:00:00+00:00,0.76379,0.76959,0.76175,0.76613,114061
2017-02-15 00:00:00+00:00,0.76602,0.7719,0.76365,0.7709,106688
2017-02-16 00:00:00+00:00,0.77089,0.77316,0.76841,0.76925,117079
2017-02-17 00:00:00+00:00,0.76924,0.77124,0.76452,0.76452,99464
2017-02-20 00:00:00+00:00,0.76717,0.76898,0.76588,0.76864,74970
2017-02-21 00:00:00+00:00,0.76856,0.76902,0.76491,0.76735,88026
2017-02-22 00:00:00+00:00,0.76717,0.77144,0.76663,0.77017,95367
2017-02-23 00:00:00+00:00,0.76994,0.77404,0.76646,0.77143,99329
2017-02-24 00:00:00+00:00,0.77125,0.772,0.76634,0.76634,84544
2017-02-27 00:00:00+00:00,0.7678,0.77074,0.76622,0.76717,88759
2017-02-28 00:00:00+00:00,0.76702,0.76944,0.76458,0.76559,92194
2017-03-01 00:00:00+00:00,0.76545,0.76994,0.7636,0.76753,120442
2017-03-02 00:00:00+00:00,0.76755,0.76816,0.75571,0.75709,96075
2017-03-03 00:00:00+00:00,0.757,0.75978,0.75424,0.75769,104467
2017-03-06 00:00:00+00:00,0.75836,0.76091,0.75697,0.75785,86991
2017-03-07 00:00:00+00:00,0.75769,0.76323,0.75725,0.75867,93127
2017-03-08 00:00:00+00:00,0.75866,0.76084,0.7525,0.75257,104591
2017-03-09 00:00:00+00:00,0.75255,0.75336,0.74906,0.7505,107766
2017-03-10 00:00:00+00:00,0.75046,0.75565,0.74977,0.75404,109109
2017-03-13 00:00:00+00:00,0.75455,0.75919,0.75334,0.75702,93949
2017-03-14 00:00:00+00:00,0.75702,0.75792,0.75398,0.75592,90059
2017-03-15 00:00:00+00:00,0.75592,0.77187,0.75547,0.77052,111147
2017-03-16 00:00:00+00:00,0.77052,0.77173,0.76633,0.76805,115913
2017-03-17 00:00:00+00:00,0.76802,0.77174,0.76628,0.77036,84304
2017-03-20 00:00:00+00:00,0.76991,0.77476,0.76966,0.77287,83892
2017-03-21 00:00:00+00:00,0.77287,0.77491,0.76822,0.76848,100329
2017-03-22 00:00:00+00:00,0.76849,0.76888,0.76388,0.76742,106224
2017-03-23 00:00:00+00:00,0.7674,0.76764,0.76219,0.76257,104117
2017-03-24 00:00:00+00:00,0.76255,0.764,0.76035,0.76215,93688
2017-03-27 00:00:00+00:00,0.7631,0.76477,0.76077,0.76163,87345
2017-03-28 00:00:00+00:00,0.76137,0.76541,0.75869,0.76336,84564
2017-03-29 00:00:00+00:00,0.76311,0.76747,0.76287,0.76685,87459
2017-03-30 00:00:00+00:00,0.76669,0.76791,0.76388,0.76389,89335
2017-03-31 00:00:00+00:00,0.76392,0.76624,0.76218,0.76265,93620
2017-04-03 00:00:00+00:00,0.76234,0.76397,0.75908,0.76033,77386
2017-04-04 00:00:00+00:00,0.76017,0.76146,0.75447,0.75638,85392
2017-04-05 00:00:00+00:00,0.75637,0.7587,0.75574,0.75683,84782
2017-04-06 00:00:00+00:00,0.75683,0.75763,0.75319,0.75435,85768
2017-04-07 00:00:00+00:00,0.75435,0.75455,0.74808,0.74808,104237
2017-04-10 00:00:00+00:00,0.74907,0.75084,0.74756,0.74995,80752
2017-04-11 00:00:00+00:00,0.74996,0.75144,0.74736,0.7497,91374
2017-04-12 00:00:00+00:00,0.74956,0.75282,0.74727,0.75218,97633
2017-04-13 00:00:00+00:00,0.75189,0.75951,0.75172,0.7567,94545
2017-04-14 00:00:00+00:00,0.75574,0.7582,0.75563,0.75717,49894
2017-04-17 00:00:00+00:00,0.75734,0.76102,0.75667,0.75879,56853
2017-04-18 00:00:00+00:00,0.75879,0.75958,0.75335,0.75585,88470
2017-04-19 00:00:00+00:00,0.75584,0.75621,0.74911,0.74958,77657
2017-04-20 00:00:00+00:00,0.74962,0.75466,0.74885,0.75254,79954
2017-04-21 00:00:00+00:00,0.75245,0.75454,0.75151,0.75267,71799
2017-04-24 00:00:00+00:00,0.75689,0.75839,0.75383,0.75678,76140
2017-04-25 00:00:00+00:00,0.75677,0.75715,0.752,0.75334,74851
2017-04-26 00:00:00+00:00,0.75338,0.75533,0.74546,0.74726,93574
2017-04-27 00:00:00+00:00,0.74721,0.7492,0.74396,0.74637,85940
2017-04-28 00:00:00+00:00,0.74638,0.74905,0.74475,0.74603,78858
2017-05-01 00:00:00+00:00,0.74673,0.754,0.74673,0.75244,52923
2017-05-02 00:00:00+00:00,0.75245,0.75557,0.751,0.75355,65882
2017-05-03 00:00:00+00:00,0.75333,0.75457,0.7419,0.7422,76969
2017-05-04 00:00:00+00:00,0.74185,0.74297,0.73825,0.7408,84564
2017-05-05 00:00:00+00:00,0.7408,0.74261,0.73672,0.7411,86755
2017-05-08 00:00:00+00:00,0.74119,0.74241,0.73774,0.73856,80699
2017-05-09 00:00:00+00:00,0.73856,0.73978,0.73285,0.73431,85238
2017-05-10 00:00:00+00:00,0.73431,0.73943,0.73383,0.73641,84962
2017-05-11 00:00:00+00:00,0.73637,0.73826,0.73326,0.73779,83571
2017-05-12 00:00:00+00:00,0.73779,0.74206,0.7367,0.73783,78513
2017-05-15 00:00:00+00:00,0.73905,0.74454,0.73842,0.74113,77406
2017-05-16 00:00:00+00:00,0.74104,0.74376,0.73947,0.74249,86236
2017-05-17 00:00:00+00:00,0.74247,0.74432,0.73884,0.74298,98027
2017-05-18 00:00:00+00:00,0.74298,0.74665,0.74078,0.74168,119987
2017-05-19 00:00:00+00:00,0.74168,0.7469,0.7406,0.74554,82587
2017-05-22 00:00:00+00:00,0.74501,0.74882,0.74334,0.7474,75969
2017-05-23 00:00:00+00:00,0.74737,0.75169,0.74658,0.74752,81371
2017-05-24 00:00:00+00:00,0.7475,0.75073,0.74421,0.75017,85507
2017-05-25 00:00:00+00:00,0.75013,0.75156,0.74502,0.74517,85879
2017-05-26 00:00:00+00:00,0.7452,0.74607,0.74215,0.7436,84898
2017-05-29 00:00:00+00:00,0.74375,0.74499,0.74265,0.74375,50376
2017-05-30 00:00:00+00:00,0.7437,0.74692,0.74157,0.74636,77892
2017-05-31 00:00:00+00:00,0.74641,0.74756,0.74242,0.74295,82936
2017-06-01 00:00:00+00:00,0.74294,0.7454,0.73721,0.73723,84494
2017-06-02 00:00:00+00:00,0.73721,0.74461,0.7366,0.74357,74488
2017-06-05 00:00:00+00:00,0.74238,0.74981,0.74218,0.74851,52148
2017-06-06 00:00:00+00:00,0.74822,0.75219,0.74567,0.75051,68418
2017-06-07 00:00:00+00:00,0.75045,0.75662,0.74994,0.75497,67427
2017-06-08 00:00:00+00:00,0.75471,0.75541,0.75245,0.75451,60863
2017-06-09 00:00:00+00:00,0.7542,0.75448,0.7519,0.75266,61282
2017-06-12 00:00:00+00:00,0.75292,0.75468,0.75211,0.75406,45314
2017-06-13 00:00:00+00:00,0.7537,0.75644,0.75239,0.75358,49749
2017-06-14 00:00:00+00:00,0.75363,0.76351,0.7532,0.75883,81570
2017-06-15 00:00:00+00:00,0.75862,0.76312,0.75678,0.75786,74458
2017-06-16 00:00:00+00:00,0.7575,0.76294,0.75697,0.76131,62370
2017-06-19 00:00:00+00:00,0.76143,0.76287,0.75846,0.75969,52603
2017-06-20 00:00:00+00:00,0.75934,0.76235,0.75702,0.75789,57069
2017-06-21 00:00:00+00:00,0.75784,0.75849,0.75426,0.75522,58424
2017-06-22 00:00:00+00:00,0.75522,0.75619,0.7535,0.75397,54304
2017-06-23 00:00:00+00:00,0.75373,0.75822,0.75373,0.75596,48398
2017-06-26 00:00:00+00:00,0.75623,0.75991,0.75622,0.75843,51814
2017-06-27 00:00:00+00:00,0.75783,0.76243,0.75766,0.75825,62181
2017-06-28 00:00:00+00:00,0.75788,0.76444,0.75727,0.7637,75333
2017-06-29 00:00:00+00:00,0.76358,0.7686,0.76346,0.76823,64996
2017-06-30 00:00:00+00:00,0.76776,0.77119,0.76668,0.76854,73133
2017-07-03 00:00:00+00:00,0.76791,0.76948,0.7644,0.76561,57165
2017-07-04 00:00:00+00:00,0.76541,0.76824,0.75907,0.76039,58030
2017-07-05 00:00:00+00:00,0.75978,0.76317,0.75708,0.76035,55636
2017-07-06 00:00:00+00:00,0.75992,0.76144,0.75766,0.75834,55559
2017-07-07 00:00:00+00:00,0.75822,0.7623,0.75718,0.75981,59639
2017-07-10 00:00:00+00:00,0.7599,0.76143,0.7586,0.76056,45352
2017-07-11 00:00:00+00:00,0.76047,0.76422,0.75928,0.76354,57805
2017-07-12 00:00:00+00:00,0.76346,0.76851,0.76336,0.76768,65749
2017-07-13 00:00:00+00:00,0.76729,0.77394,0.76729,0.77306,60732
2017-07-14 00:00:00+00:00,0.77273,0.78335,0.77256,0.78246,62738
2017-07-17 00:00:00+00:00,0.78233,0.78382,0.77917,0.77963,72777
2017-07-18 00:00:00+00:00,0.77971,0.79425,0.77858,0.79176,94892
2017-07-19 00:00:00+00:00,0.79148,0.79586,0.79087,0.79529,72368
2017-07-20 00:00:00+00:00,0.79457,0.79886,0.78969,0.79569,85386
2017-07-21 00:00:00+00:00,0.79531,0.79591,0.78745,0.79126,76531
2017-07-24 00:00:00+00:00,0.79058,0.79672,0.7903,0.79234,67238
2017-07-25 00:00:00+00:00,0.79229,0.797,0.79021,0.79362,65980
2017-07-26 00:00:00+00:00,0.79384,0.80131,0.78776,0.7999,96005
2017-07-27 00:00:00+00:00,0.80034,0.80651,0.79559,0.7965,97795
2017-07-28 00:00:00+00:00,0.79639,0.80069,0.79365,0.79843,92568
2017-07-31 00:00:00+00:00,0.7981,0.80024,0.79556,0.79999,75550
2017-08-01 00:00:00+00:00,0.80007,0.80423,0.79602,0.79672,82289
2017-08-02 00:00:00+00:00,0.7967,0.79925,0.79409,0.79649,71664
2017-08-03 00:00:00+00:00,0.79636,0.7968,0.79137,0.79469,82891
2017-08-04 00:00:00+00:00,0.7947,0.79792,0.78909,0.79222,83444
2017-08-07 00:00:00+00:00,0.79149,0.79481,0.78986,0.79117,60936
2017-08-08 00:00:00+00:00,0.79077,0.79424,0.78866,0.79092,69890
2017-08-09 00:00:00+00:00,0.79095,0.79141,0.78547,0.78875,80167
2017-08-10 00:00:00+00:00,0.78867,0.79101,0.78661,0.78735,71026
2017-08-11 00:00:00+00:00,0.78714,0.79089,0.78385,0.78914,77791
2017-08-14 00:00:00+00:00,0.78903,0.79185,0.78442,0.78511,62204
2017-08-15 00:00:00+00:00,0.78496,0.78762,0.78074,0.78195,59136
2017-08-16 00:00:00+00:00,0.78212,0.79337,0.78159,0.79311,64870
2017-08-17 00:00:00+00:00,0.79236,0.79623,0.78799,0.7882,76543
2017-08-18 00:00:00+00:00,0.78825,0.79437,0.7869,0.79222,76674
2017-08-21 00:00:00+00:00,0.79256,0.79503,0.79103,0.79389,45697
2017-08-22 00:00:00+00:00,0.79357,0.79504,0.78972,0.79113,48962
2017-08-23 00:00:00+00:00,0.7909,0.79179,0.78818,0.7903,61249
2017-08-24 00:00:00+00:00,0.78998,0.79155,0.78662,0.79006,65679
2017-08-25 00:00:00+00:00,0.79003,0.79535,0.78848,0.79314,74256
2017-08-28 00:00:00+00:00,0.79297,0.79726,0.79251,0.79644,51645
2017-08-29 00:00:00+00:00,0.79663,0.79827,0.7905,0.79525,87655
2017-08-30 00:00:00+00:00,0.794,0.79952,0.78896,0.78995,73088
2017-08-31 00:00:00+00:00,0.78979,0.79496,0.7871,0.79461,80683
2017-09-01 00:00:00+00:00,0.79443,0.7994,0.79212,0.79668,83053
2017-09-04 00:00:00+00:00,0.79471,0.79724,0.79404,0.79418,62807
2017-09-05 00:00:00+00:00,0.79418,0.80278,0.79416,0.79955,90351
2017-09-06 00:00:00+00:00,0.79949,0.80203,0.7963,0.79995,84425
2017-09-07 00:00:00+00:00,0.79995,0.80482,0.79739,0.80463,85346
2017-09-08 00:00:00+00:00,0.80463,0.81247,0.80424,0.80476,94043
2017-09-11 00:00:00+00:00,0.80545,0.80579,0.80182,0.80272,66620
2017-09-12 00:00:00+00:00,0.80259,0.80488,0.7998,0.80127,86521
2017-09-13 00:00:00+00:00,0.80127,0.8044,0.79705,0.79841,77564
2017-09-14 00:00:00+00:00,0.79841,0.80163,0.79556,0.80026,90630
2017-09-15 00:00:00+00:00,0.8003,0.80351,0.79864,0.79988,84904
2017-09-18 00:00:00+00:00,0.79955,0.80351,0.79399,0.79562,70537
2017-09-19 00:00:00+00:00,0.79562,0.80199,0.79505,0.80094,82659
2017-09-20 00:00:00+00:00,0.80094,0.81019,0.79854,0.80309,102025
2017-09-21 00:00:00+00:00,0.80309,0.8036,0.7917,0.7925,97250
2017-09-22 00:00:00+00:00,0.79247,0.79863,0.7908,0.79582,84790
2017-09-25 00:00:00+00:00,0.79511,0.79735,0.79262,0.7936,83913
2017-09-26 00:00:00+00:00,0.7936,0.79487,0.7859,0.78852,96692
2017-09-27 00:00:00+00:00,0.78852,0.78885,0.78361,0.78477,106536
2017-09-28 00:00:00+00:00,0.78477,0.78601,0.77996,0.78539,87742
2017-09-29 00:00:00+00:00,0.7854,0.78569,0.78165,0.78309,68952
2017-10-02 00:00:00+00:00,0.78325,0.78475,0.77953,0.7825,64806
2017-10-03 00:00:00+00:00,0.7825,0.78385,0.77852,0.78343,70623
2017-10-04 00:00:00+00:00,0.78345,0.78749,0.78297,0.78637,69376
2017-10-05 00:00:00+00:00,0.78611,0.78652,0.77867,0.77942,67119
2017-10-06 00:00:00+00:00,0.77942,0.77982,0.7733,0.77617,80449
2017-10-09 00:00:00+00:00,0.77687,0.77821,0.77474,0.77506,38103
2017-10-10 00:00:00+00:00,0.77507,0.77968,0.77487,0.77774,58559
2017-10-11 00:00:00+00:00,0.77774,0.78093,0.77707,0.77875,61132
2017-10-12 00:00:00+00:00,0.77875,0.78358,0.7783,0.78186,64862
2017-10-13 00:00:00+00:00,0.78186,0.78974,0.78145,0.78816,63227
2017-10-16 00:00:00+00:00,0.78827,0.78895,0.78428,0.78496,56131
2017-10-17 00:00:00+00:00,0.78496,0.78608,0.78182,0.78447,60676
2017-10-18 00:00:00+00:00,0.78447,0.78579,0.78189,0.78459,55015
2017-10-19 00:00:00+00:00,0.78459,0.78839,0.78408,0.78756,73051
2017-10-20 00:00:00+00:00,0.78756,0.78819,0.78083,0.78112,68397
2017-10-23 00:00:00+00:00,0.78189,0.78345,0.77962,0.78059,52530
2017-10-24 00:00:00+00:00,0.78059,0.78247,0.77704,0.77755,65321
2017-10-25 00:00:00+00:00,0.77755,0.7784,0.76901,0.77029,76387
2017-10-26 00:00:00+00:00,0.77029,0.77189,0.76551,0.76562,72213
2017-10-27 00:00:00+00:00,0.76562,0.76781,0.76251,0.76756,72872
2017-10-30 00:00:00+00:00,0.76739,0.7691,0.76556,0.76877,47077
2017-10-31 00:00:00+00:00,0.76877,0.76987,0.76397,0.76557,49487
2017-11-01 00:00:00+00:00,0.76559,0.76959,0.76482,0.76751,65655
2017-11-02 00:00:00+00:00,0.76751,0.77262,0.76725,0.77137,70258
2017-11-03 00:00:00+00:00,0.77137,0.77157,0.7639,0.76492,61577
2017-11-06 00:00:00+00:00,0.76478,0.7692,0.76382,0.76887,50134
2017-11-07 00:00:00+00:00,0.76887,0.77006,0.76273,0.76422,59539
2017-11-08 00:00:00+00:00,0.76422,0.76847,0.76358,0.76742,53537
2017-11-09 00:00:00+00:00,0.76742,0.76936,0.76494,0.76783,58497
2017-11-10 00:00:00+00:00,0.76783,0.7695,0.76528,0.76528,54042
2017-11-13 00:00:00+00:00,0.76485,0.76655,0.76166,0.76209,43114
2017-11-14 00:00:00+00:00,0.76209,0.76498,0.76086,0.76284,55055
2017-11-15 00:00:00+00:00,0.76284,0.76323,0.75732,0.7588,64433
2017-11-16 00:00:00+00:00,0.7588,0.76094,0.75689,0.75872,51037
2017-11-17 00:00:00+00:00,0.75872,0.76079,0.75361,0.75646,53422
2017-11-20 00:00:00+00:00,0.75649,0.75738,0.75439,0.75499,49734
2017-11-21 00:00:00+00:00,0.75499,0.75901,0.75322,0.75767,49304
2017-11-22 00:00:00+00:00,0.75767,0.76234,0.75552,0.76125,48457
2017-11-23 00:00:00+00:00,0.76125,0.76385,0.76036,0.7623,45154
2017-11-24 00:00:00+00:00,0.76232,0.76318,0.76066,0.76143,48627
2017-11-27 00:00:00+00:00,0.76149,0.76446,0.75931,0.76019,46706
2017-11-28 00:00:00+00:00,0.76019,0.76199,0.75879,0.75933,46478
2017-11-29 00:00:00+00:00,0.75933,0.76077,0.75521,0.75634,55335
2017-11-30 00:00:00+00:00,0.7564,0.75945,0.75565,0.75639,58505
2017-12-01 00:00:00+00:00,0.75639,0.76388,0.75511,0.76085,81145
2017-12-04 00:00:00+00:00,0.75916,0.7614,0.75794,0.75973,63584
2017-12-05 00:00:00+00:00,0.75955,0.76537,0.75953,0.76072,67632
2017-12-06 00:00:00+00:00,0.76072,0.76346,0.75585,0.75612,60730
2017-12-07 00:00:00+00:00,0.75612,0.75695,0.75052,0.75109,58933
2017-12-08 00:00:00+00:00,0.75109,0.75336,0.75014,0.75082,59137
2017-12-11 00:00:00+00:00,0.75081,0.75455,0.75032,0.75256,53003
2017-12-12 00:00:00+00:00,0.75256,0.75801,0.75193,0.75546,51635
2017-12-13 00:00:00+00:00,0.75546,0.76395,0.75525,0.7636,71116
2017-12-14 00:00:00+00:00,0.7636,0.76796,0.76266,0.76643,77308
2017-12-15 00:00:00+00:00,0.76638,0.76945,0.7635,0.76461,63833
2017-12-18 00:00:00+00:00,0.76444,0.76776,0.76406,0.76588,68467
2017-12-19 00:00:00+00:00,0.76588,0.76839,0.76459,0.76617,65910
2017-12-20 00:00:00+00:00,0.76624,0.76795,0.76512,0.76654,66804
2017-12-21 00:00:00+00:00,0.76649,0.77072,0.76534,0.76992,61022
2017-12-22 00:00:00+00:00,0.76998,0.77205,0.76993,0.77141,59387
2017-12-26 00:00:00+00:00,0.77189,0.773,0.77122,0.77272,17649
2017-12-27 00:00:00+00:00,0.77264,0.77791,0.77236,0.77671,54071
2017-12-28 00:00:00+00:00,0.77671,0.78094,0.7764,0.77878,51496
2017-12-29 00:00:00+00:00,0.77878,0.78247,0.77878,0.78065,55240
2018-01-02 00:00:00+00:00,0.77981,0.78447,0.77939,0.78255,53072
2018-01-03 00:00:00+00:00,0.78255,0.78447,0.78051,0.78339,78067
2018-01-04 00:00:00+00:00,0.78339,0.78663,0.78142,0.78608,77129
2018-01-05 00:00:00+00:00,0.78608,0.78746,0.78348,0.78625,78913
2018-01-08 00:00:00+00:00,0.78625,0.78725,0.78269,0.78397,57840
2018-01-09 00:00:00+00:00,0.78403,0.78644,0.78074,0.78228,78067
2018-01-10 00:00:00+00:00,0.78229,0.7867,0.78082,0.78407,112778
2018-01-11 00:00:00+00:00,0.78407,0.78944,0.78369,0.78912,104705
2018-01-12 00:00:00+00:00,0.78912,0.79244,0.7848,0.79162,116656
2018-01-15 00:00:00+00:00,0.79004,0.79786,0.79004,0.79625,100033
2018-01-16 00:00:00+00:00,0.79625,0.79746,0.79368,0.79564,100015
2018-01-17 00:00:00+00:00,0.79563,0.80226,0.79402,0.79684,134827
2018-01-18 00:00:00+00:00,0.79684,0.8007,0.79416,0.79976,115513
2018-01-19 00:00:00+00:00,0.79975,0.80386,0.79784,0.79851,107619
2018-01-22 00:00:00+00:00,0.79851,0.8027,0.79787,0.80148,75502
2018-01-23 00:00:00+00:00,0.80148,0.80295,0.79562,0.79971,97093
2018-01-24 00:00:00+00:00,0.7997,0.80827,0.79934,0.80619,113396
2018-01-25 00:00:00+00:00,0.80608,0.81185,0.80112,0.80194,189543
2018-01-26 00:00:00+00:00,0.80194,0.81357,0.80046,0.81096,153591
2018-01-29 00:00:00+00:00,0.80983,0.81179,0.80742,0.80919,123887
2018-01-30 00:00:00+00:00,0.80921,0.81134,0.80421,0.80797,113480
2018-01-31 00:00:00+00:00,0.8079,0.81167,0.80347,0.80538,152409
2018-02-01 00:00:00+00:00,0.80538,0.80672,0.79874,0.80382,138352
2018-02-02 00:00:00+00:00,0.80382,0.80439,0.79178,0.7921,159273
2018-02-05 00:00:00+00:00,0.7912,0.79537,0.7875,0.78766,170120
2018-02-06 00:00:00+00:00,0.78748,0.79099,0.78355,0.79045,227230
2018-02-07 00:00:00+00:00,0.79045,0.79079,0.78165,0.78209,127471
2018-02-08 00:00:00+00:00,0.78215,0.78431,0.77756,0.77792,180175
2018-02-09 00:00:00+00:00,0.77792,0.78302,0.77589,0.78146,184951
2018-02-12 00:00:00+00:00,0.78134,0.78635,0.78041,0.78588,101591
2018-02-13 00:00:00+00:00,0.7859,0.78765,0.78276,0.78586,99192
2018-02-14 00:00:00+00:00,0.78586,0.79341,0.7773,0.79254,156634
2018-02-15 00:00:00+00:00,0.79254,0.79664,0.78918,0.79418,132042
2018-02-16 00:00:00+00:00,0.79418,0.79883,0.78924,0.79045,116184
2018-02-19 00:00:00+00:00,0.79064,0.79352,0.78981,0.79111,74279
2018-02-20 00:00:00+00:00,0.79116,0.79335,0.78737,0.78816,113114
2018-02-21 00:00:00+00:00,0.78807,0.79008,0.78025,0.78032,134755
2018-02-22 00:00:00+00:00,0.78032,0.78597,0.77903,0.78447,94404
2018-02-23 00:00:00+00:00,0.78448,0.78472,0.78041,0.78409,79834
2018-02-26 00:00:00+00:00,0.78387,0.78931,0.78256,0.78521,72751
2018-02-27 00:00:00+00:00,0.78521,0.78683,0.77832,0.77874,94437
2018-02-28 00:00:00+00:00,0.77875,0.78189,0.77602,0.77604,86264
2018-03-01 00:00:00+00:00,0.77605,0.77693,0.77123,0.77534,131747
2018-03-02 00:00:00+00:00,0.77534,0.77735,0.77373,0.77627,105707
2018-03-05 00:00:00+00:00,0.77606,0.777,0.77255,0.77634,81604
2018-03-06 00:00:00+00:00,0.77634,0.78421,0.77563,0.78265,98692
2018-03-07 00:00:00+00:00,0.78267,0.78299,0.77713,0.78223,106082
2018-03-08 00:00:00+00:00,0.78228,0.78384,0.77725,0.7786,93244
2018-03-09 00:00:00+00:00,0.77859,0.78538,0.77762,0.78468,84939
2018-03-12 00:00:00+00:00,0.78496,0.78796,0.78472,0.78733,58283
2018-03-13 00:00:00+00:00,0.78733,0.78975,0.78457,0.78554,90801
2018-03-14 00:00:00+00:00,0.78554,0.79163,0.78511,0.78746,86968
2018-03-15 00:00:00+00:00,0.7875,0.78852,0.77942,0.77986,84060
2018-03-16 00:00:00+00:00,0.77986,0.78041,0.77096,0.77132,76044
2018-03-19 00:00:00+00:00,0.77142,0.77258,0.76865,0.77141,78686
2018-03-20 00:00:00+00:00,0.77141,0.77208,0.76785,0.7683,70661
2018-03-21 00:00:00+00:00,0.7683,0.77799,0.76721,0.7763,104531
2018-03-22 00:00:00+00:00,0.7763,0.77845,0.76869,0.7695,128233
2018-03-23 00:00:00+00:00,0.7695,0.77437,0.7687,0.7696,170105
2018-03-26 00:00:00+00:00,0.77022,0.77504,0.76948,0.77453,121362
2018-03-27 00:00:00+00:00,0.77453,0.77575,0.76751,0.76773,118380
2018-03-28 00:00:00+00:00,0.76773,0.77024,0.76533,0.76605,167559
2018-03-29 00:00:00+00:00,0.76594,0.76894,0.76428,0.76775,121058
2018-03-30 00:00:00+00:00,0.76775,0.77062,0.7672,0.76857,154059
2018-04-02 00:00:00+00:00,0.76838,0.7695,0.76495,0.76602,76410
2018-04-03 00:00:00+00:00,0.76602,0.77067,0.7647,0.76826,117830
2018-04-04 00:00:00+00:00,0.76839,0.77212,0.76626,0.77144,94714
2018-04-05 00:00:00+00:00,0.77134,0.77261,0.76739,0.76811,46847
2018-04-06 00:00:00+00:00,0.76816,0.76994,0.76574,0.7673,60342
2018-04-09 00:00:00+00:00,0.76772,0.77107,0.7652,0.76945,42208
2018-04-10 00:00:00+00:00,0.76945,0.77678,0.76935,0.77593,52748
2018-04-11 00:00:00+00:00,0.77587,0.77728,0.77393,0.77499,42644
2018-04-12 00:00:00+00:00,0.77452,0.77713,0.7738,0.77515,42176
2018-04-13 00:00:00+00:00,0.77523,0.78097,0.77517,0.77631,39095
2018-04-16 00:00:00+00:00,0.77669,0.77832,0.77519,0.77779,31270
2018-04-17 00:00:00+00:00,0.77776,0.77911,0.776,0.77622,34928
2018-04-18 00:00:00+00:00,0.77647,0.77974,0.7744,0.77819,35728
2018-04-19 00:00:00+00:00,0.77827,0.78126,0.77189,0.77278,48404
2018-04-20 00:00:00+00:00,0.77278,0.77319,0.76551,0.76713,43346
2018-04-23 00:00:00+00:00,0.76676,0.76826,0.75993,0.76039,40872
2018-04-24 00:00:00+00:00,0.76039,0.76205,0.75767,0.76031,52701
2018-04-25 00:00:00+00:00,0.76022,0.7606,0.75519,0.7564,49528
2018-04-26 00:00:00+00:00,0.75632,0.75888,0.75467,0.75532,67724
2018-04-27 00:00:00+00:00,0.75519,0.75838,0.75319,0.75818,52974
2018-04-30 00:00:00+00:00,0.7574,0.7582,0.75253,0.7528,51718
2018-05-01 00:00:00+00:00,0.7528,0.75464,0.74724,0.7488,53689
2018-05-02 00:00:00+00:00,0.7488,0.7537,0.74754,0.74916,83500
2018-05-03 00:00:00+00:00,0.74916,0.75427,0.74853,0.7531,80416
2018-05-04 00:00:00+00:00,0.7531,0.75603,0.7492,0.75387,63665
2018-05-07 00:00:00+00:00,0.75406,0.7543,0.7493,0.75119,47884
2018-05-08 00:00:00+00:00,0.751,0.7528,0.74336,0.7451,72722
2018-05-09 00:00:00+00:00,0.74509,0.74725,0.74123,0.74549,65084
2018-05-10 00:00:00+00:00,0.74549,0.75397,0.74492,0.75289,84193
2018-05-11 00:00:00+00:00,0.75284,0.75669,0.75225,0.75413,61441
2018-05-14 00:00:00+00:00,0.75396,0.7565,0.75224,0.75227,48836
2018-05-15 00:00:00+00:00,0.75213,0.75375,0.74477,0.74682,71206
2018-05-16 00:00:00+00:00,0.74672,0.75227,0.74472,0.75148,71021
2018-05-17 00:00:00+00:00,0.75127,0.75474,0.74975,0.75081,67570
2018-05-18 00:00:00+00:00,0.75074,0.75279,0.74883,0.75096,56813
2018-05-21 00:00:00+00:00,0.75192,0.75863,0.75026,0.75789,53196
2018-05-22 00:00:00+00:00,0.75798,0.76053,0.7566,0.75734,58528
2018-05-23 00:00:00+00:00,0.75743,0.75825,0.75223,0.75562,84445
2018-05-24 00:00:00+00:00,0.75558,0.75824,0.7542,0.75733,76974
2018-05-25 00:00:00+00:00,0.75733,0.75899,0.75424,0.75475,59049
2018-05-28 00:00:00+00:00,0.75578,0.75809,0.75393,0.75434,52798
2018-05-29 00:00:00+00:00,0.75426,0.75526,0.74978,0.75041,73214
2018-05-30 00:00:00+00:00,0.75032,0.75836,0.74759,0.75699,74144
2018-05-31 00:00:00+00:00,0.7568,0.75928,0.75525,0.7567,71210
2018-06-01 00:00:00+00:00,0.75665,0.75732,0.75138,0.7568,62348
2018-06-04 00:00:00+00:00,0.75612,0.76661,0.75582,0.7643,56311
2018-06-05 00:00:00+00:00,0.76425,0.76559,0.75945,0.76156,59250
2018-06-06 00:00:00+00:00,0.76145,0.76765,0.76117,0.76672,55424
2018-06-07 00:00:00+00:00,0.76677,0.76728,0.76121,0.76188,54841
2018-06-08 00:00:00+00:00,0.76209,0.7627,0.75604,0.75966,47600
2018-06-11 00:00:00+00:00,0.75877,0.76214,0.75877,0.76063,31162
2018-06-12 00:00:00+00:00,0.76038,0.76234,0.75655,0.7573,47136
2018-06-13 00:00:00+00:00,0.75734,0.76086,0.7529,0.75755,59201
2018-06-14 00:00:00+00:00,0.75752,0.75823,0.74719,0.74744,61774
2018-06-15 00:00:00+00:00,0.74746,0.74803,0.74389,0.74407,54787
2018-06-18 00:00:00+00:00,0.74394,0.74543,0.74133,0.74213,34769
2018-06-19 00:00:00+00:00,0.74213,0.74269,0.73471,0.73762,65333
2018-06-20 00:00:00+00:00,0.73733,0.74087,0.73665,0.73674,55111
2018-06-21 00:00:00+00:00,0.73674,0.73935,0.73453,0.73718,75101
2018-06-22 00:00:00+00:00,0.73719,0.74435,0.73707,0.74404,62760
2018-06-25 00:00:00+00:00,0.74384,0.74425,0.73961,0.74132,56491
2018-06-26 00:00:00+00:00,0.74105,0.74228,0.73797,0.739,62121
2018-06-27 00:00:00+00:00,0.73903,0.74067,0.73227,0.73369,70770
2018-06-28 00:00:00+00:00,0.73378,0.73619,0.73297,0.7347,64673
2018-06-29 00:00:00+00:00,0.73495,0.74092,0.73354,0.74074,71338
2018-07-02 00:00:00+00:00,0.73983,0.74054,0.73103,0.73353,48636
2018-07-03 00:00:00+00:00,0.73353,0.74041,0.73141,0.73847,57719
2018-07-04 00:00:00+00:00,0.73814,0.74243,0.73743,0.73792,61571
2018-07-05 00:00:00+00:00,0.73813,0.74079,0.73612,0.73855,56033
2018-07-06 00:00:00+00:00,0.73853,0.74439,0.73757,0.7429,50600
2018-07-09 00:00:00+00:00,0.74301,0.74836,0.74277,0.74648,39680
2018-07-10 00:00:00+00:00,0.74649,0.74836,0.74302,0.74562,43097
2018-07-11 00:00:00+00:00,0.74554,0.74562,0.73636,0.73656,71793
2018-07-12 00:00:00+00:00,0.7365,0.74195,0.73595,0.74062,50666
2018-07-13 00:00:00+00:00,0.74057,0.74231,0.7368,0.74229,50797
2018-07-16 00:00:00+00:00,0.74178,0.74423,0.74088,0.74156,43848
2018-07-17 00:00:00+00:00,0.74156,0.74382,0.73755,0.73848,53982
2018-07-18 00:00:00+00:00,0.73849,0.74073,0.7343,0.73966,46464
2018-07-19 00:00:00+00:00,0.73966,0.74414,0.73223,0.73525,77711
2018-07-20 00:00:00+00:00,0.73468,0.74309,0.73177,0.74182,81543
2018-07-23 00:00:00+00:00,0.74177,0.74367,0.73707,0.73781,56949
2018-07-24 00:00:00+00:00,0.73766,0.74333,0.73588,0.74192,58466
2018-07-25 00:00:00+00:00,0.74193,0.74636,0.73912,0.74535,68340
2018-07-26 00:00:00+00:00,0.74521,0.74622,0.73712,0.73759,62813
2018-07-27 00:00:00+00:00,0.73752,0.74138,0.73692,0.73995,51211
2018-07-30 00:00:00+00:00,0.73987,0.74125,0.73848,0.7402,35943
2018-07-31 00:00:00+00:00,0.74039,0.744,0.74017,0.74278,53726
2018-08-01 00:00:00+00:00,0.74232,0.74283,0.7389,0.7403,47580
2018-08-02 00:00:00+00:00,0.74024,0.74106,0.73543,0.73573,42220
2018-08-03 00:00:00+00:00,0.73565,0.74107,0.73474,0.73956,53025
2018-08-06 00:00:00+00:00,0.73899,0.74047,0.73732,0.7386,32368
2018-08-07 00:00:00+00:00,0.73862,0.74388,0.73806,0.74207,38817
2018-08-08 00:00:00+00:00,0.74193,0.74385,0.73824,0.74283,38554
2018-08-09 00:00:00+00:00,0.74253,0.74523,0.73714,0.73714,44843
2018-08-10 00:00:00+00:00,0.73712,0.73789,0.72795,0.72954,73167
2018-08-13 00:00:00+00:00,0.72742,0.72991,0.72557,0.72655,62012
2018-08-14 00:00:00+00:00,0.72652,0.72827,0.72233,0.72389,55188
2018-08-15 00:00:00+00:00,0.7239,0.72469,0.72015,0.72378,62792
2018-08-16 00:00:00+00:00,0.72362,0.72858,0.72132,0.72572,66935
2018-08-17 00:00:00+00:00,0.72561,0.73186,0.72518,0.73148,57370
2018-08-20 00:00:00+00:00,0.73142,0.73429,0.72949,0.73372,46767
2018-08-21 00:00:00+00:00,0.73361,0.7381,0.73322,0.73644,55024
2018-08-22 00:00:00+00:00,0.73627,0.73694,0.7333,0.73444,55315
2018-08-23 00:00:00+00:00,0.73474,0.73545,0.72398,0.72435,52606
2018-08-24 00:00:00+00:00,0.72435,0.73436,0.7237,0.73253,56726
2018-08-27 00:00:00+00:00,0.73219,0.73557,0.73065,0.73479,45255
2018-08-28 00:00:00+00:00,0.73479,0.73617,0.73205,0.73345,51517
2018-08-29 00:00:00+00:00,0.73342,0.73481,0.7274,0.73099,61892
2018-08-30 00:00:00+00:00,0.73082,0.73137,0.72486,0.72606,53875
2018-08-31 00:00:00+00:00,0.72594,0.72667,0.71749,0.71892,61909
2018-09-03 00:00:00+00:00,0.71885,0.72228,0.7165,0.72129,39157
2018-09-04 00:00:00+00:00,0.72115,0.72348,0.71565,0.71742,53915
2018-09-05 00:00:00+00:00,0.71747,0.72174,0.71435,0.71902,56624
2018-09-06 00:00:00+00:00,0.71892,0.72102,0.71653,0.71972,57545
2018-09-07 00:00:00+00:00,0.71972,0.72007,0.70978,0.71009,63359
2018-09-10 00:00:00+00:00,0.71022,0.71309,0.7098,0.71119,39785
2018-09-11 00:00:00+00:00,0.71122,0.71279,0.70843,0.71162,51228
2018-09-12 00:00:00+00:00,0.71197,0.71818,0.70926,0.7166,53258
2018-09-13 00:00:00+00:00,0.71656,0.72284,0.71637,0.71897,51368
2018-09-14 00:00:00+00:00,0.7192,0.72155,0.71497,0.71505,49786
2018-09-17 00:00:00+00:00,0.71524,0.71955,0.7141,0.71776,38154
2018-09-18 00:00:00+00:00,0.71776,0.72228,0.71433,0.72176,62204
2018-09-19 00:00:00+00:00,0.72099,0.72742,0.72053,0.72606,54191
2018-09-20 00:00:00+00:00,0.72573,0.7292,0.72529,0.72913,49451
2018-09-21 00:00:00+00:00,0.72901,0.73031,0.7262,0.72874,48889
2018-09-24 00:00:00+00:00,0.72627,0.72808,0.72499,0.72516,41075
2018-09-25 00:00:00+00:00,0.72515,0.72622,0.72352,0.72492,46500
2018-09-26 00:00:00+00:00,0.72485,0.73144,0.72399,0.72559,54308
2018-09-27 00:00:00+00:00,0.72561,0.72677,0.72045,0.72058,56686
2018-09-28 00:00:00+00:00,0.72057,0.72407,0.72014,0.72143,45651
2018-10-01 00:00:00+00:00,0.7224,0.7231,0.72062,0.72209,44462
2018-10-02 00:00:00+00:00,0.72208,0.72373,0.71615,0.71842,56233
2018-10-03 00:00:00+00:00,0.71849,0.7196,0.71007,0.71011,55809
2018-10-04 00:00:00+00:00,0.71003,0.7111,0.70647,0.70741,64925
2018-10-05 00:00:00+00:00,0.70705,0.70864,0.70417,0.70499,68819
2018-10-08 00:00:00+00:00,0.70528,0.70805,0.70403,0.70757,54251
2018-10-09 00:00:00+00:00,0.70755,0.71049,0.70533,0.71019,64757
2018-10-10 00:00:00+00:00,0.71011,0.71297,0.70425,0.7049,61897
2018-10-11 00:00:00+00:00,0.70494,0.71285,0.70448,0.71231,97336
2018-10-12 00:00:00+00:00,0.71213,0.71389,0.71011,0.71119,67137
2018-10-15 00:00:00+00:00,0.71103,0.71481,0.7098,0.71301,60214
2018-10-16 00:00:00+00:00,0.71294,0.71502,0.7111,0.71408,53933
2018-10-17 00:00:00+00:00,0.71403,0.71588,0.71055,0.71084,56458
2018-10-18 00:00:00+00:00,0.71095,0.71501,0.70965,0.70982,68698
2018-10-19 00:00:00+00:00,0.70973,0.71494,0.7088,0.71185,66552
2018-10-22 00:00:00+00:00,0.71127,0.71245,0.70753,0.70802,55170
2018-10-23 00:00:00+00:00,0.708,0.70901,0.70546,0.70841,68902
2018-10-24 00:00:00+00:00,0.70836,0.71054,0.70587,0.70587,72183
2018-10-25 00:00:00+00:00,0.7057,0.70987,0.70555,0.70798,72590
2018-10-26 00:00:00+00:00,0.70796,0.71033,0.70202,0.7086,84297
2018-10-29 00:00:00+00:00,0.709,0.7108,0.70498,0.70597,72099
2018-10-30 00:00:00+00:00,0.70597,0.71214,0.70559,0.71028,70627
2018-10-31 00:00:00+00:00,0.71028,0.7106,0.70671,0.70754,61051
2018-11-01 00:00:00+00:00,0.70754,0.72117,0.70733,0.71992,64427
2018-11-02 00:00:00+00:00,0.71991,0.72577,0.71817,0.71969,76064
2018-11-05 00:00:00+00:00,0.719,0.72169,0.71818,0.72092,55999
2018-11-06 00:00:00+00:00,0.72095,0.72456,0.72044,0.72439,61829
2018-11-07 00:00:00+00:00,0.7243,0.72991,0.72119,0.72738,77856
2018-11-08 00:00:00+00:00,0.72737,0.73018,0.72463,0.72561,72859
2018-11-09 00:00:00+00:00,0.72527,0.72698,0.72183,0.72272,75497
2018-11-12 00:00:00+00:00,0.7218,0.72368,0.71714,0.71716,61403
2018-11-13 00:00:00+00:00,0.71716,0.72233,0.71634,0.72167,81231
2018-11-14 00:00:00+00:00,0.72182,0.72529,0.71872,0.72282,86936
2018-11-15 00:00:00+00:00,0.72319,0.72974,0.7228,0.72756,88111
2018-11-16 00:00:00+00:00,0.72756,0.73366,0.72494,0.73293,68043
2018-11-19 00:00:00+00:00,0.73132,0.73249,0.72766,0.72925,53153
2018-11-20 00:00:00+00:00,0.72925,0.72997,0.72108,0.72126,68517
2018-11-21 00:00:00+00:00,0.72126,0.72763,0.72016,0.72618,59259
2018-11-22 00:00:00+00:00,0.72631,0.72672,0.72334,0.72532,43347
2018-11-23 00:00:00+00:00,0.72506,0.72555,0.72179,0.72257,47561
2018-11-26 00:00:00+00:00,0.72265,0.72755,0.72118,0.72195,47981
2018-11-27 00:00:00+00:00,0.72197,0.72683,0.71984,0.72239,61011
2018-11-28 00:00:00+00:00,0.72245,0.73271,0.72204,0.73042,56603
2018-11-29 00:00:00+00:00,0.7305,0.73437,0.72943,0.73182,64700
2018-11-30 00:00:00+00:00,0.73184,0.73253,0.72835,0.73127,55997
2018-12-03 00:00:00+00:00,0.73773,0.73928,0.73455,0.73572,50654
2018-12-04 00:00:00+00:00,0.73572,0.73926,0.73251,0.73371,62507
2018-12-05 00:00:00+00:00,0.73378,0.7355,0.7259,0.72683,42852
2018-12-06 00:00:00+00:00,0.72667,0.72736,0.71906,0.72338,75700
2018-12-07 00:00:00+00:00,0.72331,0.7241,0.71971,0.71971,62977
2018-12-10 00:00:00+00:00,0.71828,0.72259,0.71771,0.71898,63944
2018-12-11 00:00:00+00:00,0.7188,0.72241,0.71807,0.72043,60470
2018-12-12 00:00:00+00:00,0.72015,0.7237,0.71951,0.72191,59760
2018-12-13 00:00:00+00:00,0.72192,0.72458,0.72114,0.72257,54356
2018-12-14 00:00:00+00:00,0.72258,0.72275,0.71504,0.71759,56176
2018-12-17 00:00:00+00:00,0.7171,0.71863,0.71676,0.71749,52781
2018-12-18 00:00:00+00:00,0.71756,0.72027,0.71644,0.71804,62039
2018-12-19 00:00:00+00:00,0.71827,0.71997,0.70864,0.71069,69739
2018-12-20 00:00:00+00:00,0.7106,0.7148,0.70853,0.71072,77597
2018-12-21 00:00:00+00:00,0.71094,0.71224,0.70329,0.70336,64812
2018-12-24 00:00:00+00:00,0.70311,0.70681,0.70311,0.70457,47811
2018-12-26 00:00:00+00:00,0.70415,0.70705,0.70406,0.70648,25865
2018-12-27 00:00:00+00:00,0.70666,0.70768,0.70159,0.70301,73254
2018-12-28 00:00:00+00:00,0.70276,0.70682,0.70245,0.70366,56908
2018-12-31 00:00:00+00:00,0.70412,0.70703,0.70319,0.70431,41117
2019-01-02 00:00:00+00:00,0.70109,0.70443,0.69807,0.69838,54964
2019-01-03 00:00:00+00:00,0.69832,0.70185,0.67125,0.70045,88062
2019-01-04 00:00:00+00:00,0.70045,0.71237,0.69926,0.71166,63230
2019-01-07 00:00:00+00:00,0.71132,0.71488,0.71081,0.71469,48705
2019-01-08 00:00:00+00:00,0.71468,0.71486,0.71156,0.71386,55050
2019-01-09 00:00:00+00:00,0.71382,0.71936,0.71338,0.71693,66590
2019-01-10 00:00:00+00:00,0.71693,0.71974,0.71457,0.71844,66787
2019-01-11 00:00:00+00:00,0.71844,0.72343,0.7182,0.72126,56983
2019-01-14 00:00:00+00:00,0.72086,0.72169,0.71746,0.71944,43565
2019-01-15 00:00:00+00:00,0.71953,0.72249,0.71791,0.72003,51715
2019-01-16 00:00:00+00:00,0.72011,0.72113,0.71609,0.71666,41741
2019-01-17 00:00:00+00:00,0.71665,0.72206,0.71459,0.71921,48550
2019-01-18 00:00:00+00:00,0.7191,0.7214,0.71591,0.71593,43290
2019-01-21 00:00:00+00:00,0.71635,0.71811,0.71392,0.71573,42972
2019-01-22 00:00:00+00:00,0.71571,0.71595,0.71151,0.71219,40463
2019-01-23 00:00:00+00:00,0.71195,0.71434,0.71169,0.7141,41150
2019-01-24 00:00:00+00:00,0.71399,0.71658,0.708,0.70931,55655
2019-01-25 00:00:00+00:00,0.70903,0.71843,0.70751,0.71762,52320
2019-01-28 00:00:00+00:00,0.71748,0.7203,0.71597,0.71644,37114
2019-01-29 00:00:00+00:00,0.71645,0.71754,0.7137,0.71536,44648
2019-01-30 00:00:00+00:00,0.71549,0.72721,0.71483,0.72465,62219
2019-01-31 00:00:00+00:00,0.72468,0.72945,0.72411,0.72729,60204
2019-02-01 00:00:00+00:00,0.7274,0.72835,0.72359,0.72451,52830
2019-02-04 00:00:00+00:00,0.72454,0.72532,0.72105,0.72239,41349
2019-02-05 00:00:00+00:00,0.72246,0.72637,0.71928,0.72333,45888
2019-02-06 00:00:00+00:00,0.72339,0.72447,0.71027,0.71037,55456
2019-02-07 00:00:00+00:00,0.71062,0.71167,0.70885,0.70999,48151
2019-02-08 00:00:00+00:00,0.70964,0.7103,0.70596,0.70878,45496
2019-02-11 00:00:00+00:00,0.70854,0.71071,0.70562,0.70602,39750
2019-02-12 00:00:00+00:00,0.70607,0.71018,0.70532,0.70942,50869
2019-02-13 00:00:00+00:00,0.70943,0.71352,0.70853,0.70873,52717
2019-02-14 00:00:00+00:00,0.70878,0.71307,0.70706,0.71041,59402
2019-02-15 00:00:00+00:00,0.71043,0.71476,0.70785,0.71357,51965
2019-02-18 00:00:00+00:00,0.71321,0.71597,0.71237,0.71284,40856
2019-02-19 00:00:00+00:00,0.71288,0.71731,0.71027,0.71625,49862
2019-02-20 00:00:00+00:00,0.71631,0.71822,0.71404,0.71619,56526
2019-02-21 00:00:00+00:00,0.71626,0.72061,0.70691,0.70883,75895
2019-02-22 00:00:00+00:00,0.70885,0.71495,0.70817,0.71271,62514
2019-02-25 00:00:00+00:00,0.71343,0.71835,0.71297,0.71654,49923
2019-02-26 00:00:00+00:00,0.71673,0.71938,0.71412,0.71834,49459
2019-02-27 00:00:00+00:00,0.71871,0.7198,0.71264,0.71383,56037
2019-02-28 00:00:00+00:00,0.71396,0.71655,0.70892,0.70918,58100
2019-03-01 00:00:00+00:00,0.70921,0.71209,0.70686,0.70774,44296
2019-03-04 00:00:00+00:00,0.71017,0.71066,0.70743,0.70902,49955
2019-03-05 00:00:00+00:00,0.70906,0.70956,0.70578,0.70823,46180
2019-03-06 00:00:00+00:00,0.70832,0.70912,0.70203,0.70306,51218
2019-03-07 00:00:00+00:00,0.70313,0.70508,0.70042,0.70134,43105
2019-03-08 00:00:00+00:00,0.7015,0.70514,0.70022,0.70421,47147
2019-03-11 00:00:00+00:00,0.70348,0.70759,0.70257,0.70678,35840
2019-03-12 00:00:00+00:00,0.70679,0.7091,0.70562,0.70788,42195
2019-03-13 00:00:00+00:00,0.70789,0.70971,0.70481,0.70911,41044
2019-03-14 00:00:00+00:00,0.70913,0.70975,0.70403,0.70648,43702
2019-03-15 00:00:00+00:00,0.7065,0.70963,0.70609,0.70838,34719
2019-03-18 00:00:00+00:00,0.70829,0.7119,0.70774,0.70988,32126
2019-03-19 00:00:00+00:00,0.70994,0.71099,0.7084,0.70862,38564
2019-03-20 00:00:00+00:00,0.70861,0.71491,0.70558,0.71258,50561
2019-03-21 00:00:00+00:00,0.71258,0.71674,0.7089,0.71108,59718
2019-03-22 00:00:00+00:00,0.71108,0.71164,0.70747,0.70789,58154
2019-03-25 00:00:00+00:00,0.70792,0.7116,0.70645,0.71098,45066
2019-03-26 00:00:00+00:00,0.71098,0.71468,0.71072,0.71337,43434
2019-03-27 00:00:00+00:00,0.71344,0.7141,0.70678,0.70857,53457
2019-03-28 00:00:00+00:00,0.70857,0.71052,0.70622,0.70761,49012
2019-03-29 00:00:00+00:00,0.70761,0.71039,0.70735,0.70939,41587
2019-04-01 00:00:00+00:00,0.71155,0.71309,0.7103,0.71103,40871
2019-04-02 00:00:00+00:00,0.71124,0.71286,0.70517,0.70695,42123
2019-04-03 00:00:00+00:00,0.70703,0.71291,0.70536,0.71112,40835
2019-04-04 00:00:00+00:00,0.71113,0.71265,0.70968,0.71097,34292
2019-04-05 00:00:00+00:00,0.7112,0.7131,0.70914,0.71029,33606
2019-04-08 00:00:00+00:00,0.71028,0.713,0.70867,0.71248,30106
2019-04-09 00:00:00+00:00,0.71252,0.71514,0.71182,0.71204,33038
2019-04-10 00:00:00+00:00,0.7125,0.7174,0.71085,0.7168,42179
2019-04-11 00:00:00+00:00,0.71705,0.71705,0.71157,0.71204,38428
2019-04-12 00:00:00+00:00,0.71209,0.71915,0.71152,0.71711,40750
2019-04-15 00:00:00+00:00,0.71749,0.71813,0.71629,0.71714,34262
2019-04-16 00:00:00+00:00,0.71715,0.71783,0.71388,0.71726,39036
2019-04-17 00:00:00+00:00,0.7174,0.72052,0.71517,0.7178,39307
2019-04-18 00:00:00+00:00,0.71773,0.7198,0.71358,0.71491,38482
2019-04-19 00:00:00+00:00,0.71477,0.71577,0.71409,0.7149,17989
2019-04-22 00:00:00+00:00,0.71458,0.71536,0.71275,0.71322,17694
2019-04-23 00:00:00+00:00,0.71345,0.71387,0.70801,0.71004,29835
2019-04-24 00:00:00+00:00,0.71009,0.71015,0.70035,0.70137,43917
2019-04-25 00:00:00+00:00,0.70126,0.7022,0.69873,0.70143,34701
2019-04-26 00:00:00+00:00,0.70152,0.70605,0.70046,0.70353,38194
2019-04-29 00:00:00+00:00,0.7034,0.706,0.7034,0.70547,22434
2019-04-30 00:00:00+00:00,0.70551,0.70683,0.70301,0.70477,35704
2019-05-01 00:00:00+00:00,0.70486,0.70602,0.70064,0.70128,32698
2019-05-02 00:00:00+00:00,0.70136,0.70285,0.69942,0.69989,33636
2019-05-03 00:00:00+00:00,0.69981,0.70236,0.69838,0.70225,34845
2019-05-06 00:00:00+00:00,0.69665,0.70018,0.69619,0.69889,42977
2019-05-07 00:00:00+00:00,0.69928,0.70471,0.69765,0.70108,48247
2019-05-08 00:00:00+00:00,0.70096,0.70259,0.69851,0.69872,49603
2019-05-09 00:00:00+00:00,0.69869,0.69971,0.69638,0.69876,50877
2019-05-10 00:00:00+00:00,0.69859,0.70178,0.69773,0.69974,63353
2019-05-13 00:00:00+00:00,0.69904,0.70008,0.69399,0.69426,46663
2019-05-14 00:00:00+00:00,0.69428,0.69587,0.6934,0.69425,37872
2019-05-15 00:00:00+00:00,0.69424,0.69466,0.69141,0.69265,42747
2019-05-16 00:00:00+00:00,0.69283,0.69321,0.68855,0.68896,38250
2019-05-17 00:00:00+00:00,0.68901,0.68965,0.68639,0.68645,40455
2019-05-20 00:00:00+00:00,0.69061,0.69333,0.68891,0.69061,34534
2019-05-21 00:00:00+00:00,0.69075,0.69282,0.68655,0.68818,43209
2019-05-22 00:00:00+00:00,0.68817,0.68958,0.68704,0.68794,33516
2019-05-23 00:00:00+00:00,0.68792,0.68996,0.68639,0.68987,41251
2019-05-24 00:00:00+00:00,0.68986,0.69338,0.68803,0.69258,35756
2019-05-27 00:00:00+00:00,0.69311,0.69377,0.69121,0.69161,29032
2019-05-28 00:00:00+00:00,0.69165,0.6935,0.69135,0.69223,39774
2019-05-29 00:00:00+00:00,0.6922,0.69308,0.69033,0.69156,45389
2019-05-30 00:00:00+00:00,0.69158,0.6936,0.68979,0.69101,38886
2019-05-31 00:00:00+00:00,0.69103,0.69433,0.69001,0.69331,59481
2019-06-03 00:00:00+00:00,0.69327,0.69817,0.69265,0.69754,59331
2019-06-04 00:00:00+00:00,0.69753,0.70032,0.69549,0.69895,60098
2019-06-05 00:00:00+00:00,0.69901,0.70066,0.69617,0.69679,59571
2019-06-06 00:00:00+00:00,0.69674,0.69936,0.69616,0.69757,69993
2019-06-07 00:00:00+00:00,0.69748,0.70214,0.69632,0.6999,69561
2019-06-10 00:00:00+00:00,0.70035,0.7006,0.69563,0.69592,57646
2019-06-11 00:00:00+00:00,0.69593,0.69658,0.69462,0.69603,55488
2019-06-12 00:00:00+00:00,0.69602,0.69627,0.69245,0.69277,60024
2019-06-13 00:00:00+00:00,0.69273,0.6938,0.69005,0.69134,44746
2019-06-14 00:00:00+00:00,0.69136,0.69174,0.68605,0.68688,49458
2019-06-17 00:00:00+00:00,0.68727,0.68838,0.68479,0.68515,36412
2019-06-18 00:00:00+00:00,0.68517,0.68812,0.68308,0.68758,49805
2019-06-19 00:00:00+00:00,0.68752,0.69085,0.68542,0.68787,53509
2019-06-20 00:00:00+00:00,0.68787,0.69349,0.68764,0.69223,67903
2019-06-21 00:00:00+00:00,0.69214,0.69371,0.69026,0.69247,60427
2019-06-24 00:00:00+00:00,0.69294,0.69678,0.69282,0.69608,50721
2019-06-25 00:00:00+00:00,0.69624,0.69775,0.69409,0.69595,78659
2019-06-26 00:00:00+00:00,0.69598,0.6994,0.69502,0.69834,60376
2019-06-27 00:00:00+00:00,0.69846,0.70083,0.69821,0.70081,45416
2019-06-28 00:00:00+00:00,0.70081,0.70219,0.69974,0.70195,44773
2019-07-01 00:00:00+00:00,0.70196,0.7033,0.69553,0.69642,44605
2019-07-02 00:00:00+00:00,0.69644,0.69996,0.69551,0.69923,39026
2019-07-03 00:00:00+00:00,0.69926,0.70384,0.69846,0.70282,35975
2019-07-04 00:00:00+00:00,0.70284,0.70471,0.70148,0.702,20846
2019-07-05 00:00:00+00:00,0.70201,0.7028,0.69566,0.69756,35585
2019-07-08 00:00:00+00:00,0.69716,0.69936,0.69668,0.69708,14459
2019-07-09 00:00:00+00:00,0.69709,0.6975,0.69205,0.69264,28890
2019-07-10 00:00:00+00:00,0.69264,0.69688,0.69103,0.69576,38508
2019-07-11 00:00:00+00:00,0.69556,0.69878,0.69519,0.69733,37609
2019-07-12 00:00:00+00:00,0.69737,0.70244,0.69709,0.70174,34680
2019-07-15 00:00:00+00:00,0.70121,0.70397,0.70119,0.70379,26445
2019-07-16 00:00:00+00:00,0.70383,0.70442,0.701,0.70113,37829
2019-07-17 00:00:00+00:00,0.7011,0.70246,0.69961,0.7009,29305
2019-07-18 00:00:00+00:00,0.70083,0.70762,0.70047,0.70748,43412
2019-07-19 00:00:00+00:00,0.70746,0.70819,0.70373,0.70415,44112
2019-07-22 00:00:00+00:00,0.70414,0.70569,0.70308,0.70346,28838
2019-07-23 00:00:00+00:00,0.70347,0.70351,0.6996,0.70042,28679
2019-07-24 00:00:00+00:00,0.7004,0.70081,0.69723,0.69759,28908
2019-07-25 00:00:00+00:00,0.6976,0.69839,0.69422,0.69501,42319
2019-07-26 00:00:00+00:00,0.69501,0.69549,0.69025,0.69073,26950
2019-07-29 00:00:00+00:00,0.69045,0.69163,0.68945,0.69007,16986
2019-07-30 00:00:00+00:00,0.69005,0.69081,0.68684,0.68715,23742
2019-07-31 00:00:00+00:00,0.68713,0.6899,0.68314,0.68434,47262
2019-08-01 00:00:00+00:00,0.68434,0.68677,0.67948,0.67998,53198
2019-08-02 00:00:00+00:00,0.67999,0.68185,0.67628,0.67958,62041
2019-08-05 00:00:00+00:00,0.67913,0.68039,0.67477,0.67549,55434
2019-08-06 00:00:00+00:00,0.67545,0.68006,0.67494,0.6759,54220
2019-08-07 00:00:00+00:00,0.67588,0.67825,0.66771,0.67555,66032
2019-08-08 00:00:00+00:00,0.67548,0.68217,0.67459,0.68015,47614
2019-08-09 00:00:00+00:00,0.68004,0.6818,0.67774,0.67825,42758
2019-08-12 00:00:00+00:00,0.67795,0.67955,0.67449,0.6749,46774
2019-08-13 00:00:00+00:00,0.67487,0.68181,0.67451,0.67984,69353
2019-08-14 00:00:00+00:00,0.67974,0.68084,0.67351,0.67461,73360
2019-08-15 00:00:00+00:00,0.67464,0.67902,0.67449,0.67736,83255
2019-08-16 00:00:00+00:00,0.67725,0.67949,0.67704,0.67762,59404
2019-08-19 00:00:00+00:00,0.67764,0.67886,0.67616,0.67631,39495
2019-08-20 00:00:00+00:00,0.67631,0.67949,0.67543,0.67765,59223
2019-08-21 00:00:00+00:00,0.67763,0.67989,0.67728,0.67798,46006
2019-08-22 00:00:00+00:00,0.67796,0.67869,0.67507,0.6755,51706
2019-08-23 00:00:00+00:00,0.67549,0.67776,0.67358,0.67469,76225
2019-08-26 00:00:00+00:00,0.67354,0.67879,0.66892,0.67743,113339
2019-08-27 00:00:00+00:00,0.67741,0.67797,0.67463,0.67508,72406
2019-08-28 00:00:00+00:00,0.67505,0.6762,0.67321,0.67327,72492
2019-08-29 00:00:00+00:00,0.6732,0.67531,0.67169,0.67262,71079
2019-08-30 00:00:00+00:00,0.67261,0.674,0.67057,0.67351,68445
2019-09-02 00:00:00+00:00,0.67232,0.67344,0.67097,0.6715,40791
2019-09-03 00:00:00+00:00,0.67144,0.67634,0.66872,0.67575,66593
2019-09-04 00:00:00+00:00,0.67571,0.68007,0.67541,0.67958,61164
2019-09-05 00:00:00+00:00,0.67962,0.68296,0.67933,0.68132,63555
2019-09-06 00:00:00+00:00,0.68129,0.68612,0.68069,0.68484,56387
2019-09-09 00:00:00+00:00,0.68388,0.68756,0.68371,0.68606,41621
2019-09-10 00:00:00+00:00,0.68607,0.68699,0.68486,0.68601,31456
2019-09-11 00:00:00+00:00,0.68591,0.68844,0.68484,0.68614,30821
2019-09-12 00:00:00+00:00,0.6861,0.68942,0.68597,0.68661,48818
2019-09-13 00:00:00+00:00,0.68661,0.68903,0.68587,0.68753,32953
2019-09-16 00:00:00+00:00,0.68742,0.68836,0.68537,0.68639,40313
2019-09-17 00:00:00+00:00,0.68637,0.68696,0.68303,0.68648,38109
2019-09-18 00:00:00+00:00,0.68648,0.68689,0.6812,0.68259,35904
2019-09-19 00:00:00+00:00,0.68262,0.68309,0.678,0.67913,34703
2019-09-20 00:00:00+00:00,0.67909,0.68086,0.67596,0.67627,31751
2019-09-23 00:00:00+00:00,0.67685,0.67812,0.67637,0.67731,31517
2019-09-24 00:00:00+00:00,0.67731,0.68058,0.67649,0.68001,32488
2019-09-25 00:00:00+00:00,0.68001,0.68036,0.67387,0.67501,36658
2019-09-26 00:00:00+00:00,0.67507,0.67807,0.67458,0.6748,35627
2019-09-27 00:00:00+00:00,0.67475,0.67792,0.67432,0.67636,33017
2019-09-30 00:00:00+00:00,0.67604,0.677,0.67409,0.67492,31096
2019-10-01 00:00:00+00:00,0.67492,0.67755,0.66714,0.67026,46730
2019-10-02 00:00:00+00:00,0.67026,0.67184,0.66705,0.67042,38984
2019-10-03 00:00:00+00:00,0.67042,0.67528,0.67021,0.67404,41063
2019-10-04 00:00:00+00:00,0.674,0.67737,0.67384,0.67644,38963
2019-10-07 00:00:00+00:00,0.67544,0.6765,0.67294,0.67299,31220
2019-10-08 00:00:00+00:00,0.67299,0.67569,0.67229,0.67267,34898
2019-10-09 00:00:00+00:00,0.67267,0.67496,0.6722,0.67224,29504
2019-10-10 00:00:00+00:00,0.67223,0.67743,0.671,0.67596,41381
2019-10-11 00:00:00+00:00,0.67595,0.68104,0.6753,0.67903,38213
2019-10-14 00:00:00+00:00,0.67872,0.68013,0.67511,0.67727,29657
2019-10-15 00:00:00+00:00,0.67735,0.67886,0.67425,0.67512,35657
2019-10-16 00:00:00+00:00,0.67512,0.67653,0.67233,0.67557,33297
2019-10-17 00:00:00+00:00,0.67555,0.68329,0.67512,0.68211,36257
2019-10-18 00:00:00+00:00,0.68212,0.68564,0.6821,0.6854,25595
2019-10-21 00:00:00+00:00,0.68438,0.68799,0.68397,0.6867,28415
2019-10-22 00:00:00+00:00,0.68669,0.68826,0.68502,0.68528,29774
2019-10-23 00:00:00+00:00,0.68526,0.68621,0.68337,0.68503,28037
2019-10-24 00:00:00+00:00,0.68505,0.68574,0.68108,0.68181,29903
2019-10-25 00:00:00+00:00,0.68185,0.68359,0.68092,0.68196,22344
2019-10-28 00:00:00+00:00,0.68216,0.68452,0.68105,0.68376,21485
2019-10-29 00:00:00+00:00,0.68376,0.68716,0.68353,0.68615,25314
2019-10-30 00:00:00+00:00,0.68615,0.69045,0.68484,0.68996,35765
2019-10-31 00:00:00+00:00,0.68996,0.69294,0.6883,0.68905,40686
2019-11-01 00:00:00+00:00,0.68905,0.69209,0.68837,0.69115,29088
2019-11-04 00:00:00+00:00,0.69126,0.69248,0.68769,0.68817,23897
2019-11-05 00:00:00+00:00,0.68816,0.69279,0.68764,0.68924,38103
2019-11-06 00:00:00+00:00,0.68926,0.69072,0.68688,0.68825,26675
2019-11-07 00:00:00+00:00,0.68822,0.69131,0.68615,0.6896,34183
2019-11-08 00:00:00+00:00,0.68958,0.69062,0.68474,0.68573,26128
2019-11-11 00:00:00+00:00,0.68547,0.68652,0.68468,0.68491,21228
2019-11-12 00:00:00+00:00,0.68488,0.6857,0.68312,0.68394,27736
2019-11-13 00:00:00+00:00,0.68393,0.6857,0.6821,0.68369,27629
2019-11-14 00:00:00+00:00,0.6837,0.68409,0.67694,0.67844,27709
2019-11-15 00:00:00+00:00,0.67844,0.68205,0.67803,0.68183,20876
2019-11-18 00:00:00+00:00,0.68115,0.68222,0.67987,0.68083,19043
2019-11-19 00:00:00+00:00,0.68096,0.68344,0.67849,0.68263,20584
2019-11-20 00:00:00+00:00,0.68262,0.68307,0.67899,0.6802,23521
2019-11-21 00:00:00+00:00,0.68024,0.68138,0.6783,0.67848,28331
2019-11-22 00:00:00+00:00,0.67842,0.68033,0.67804,0.67841,22340
2019-11-25 00:00:00+00:00,0.67883,0.67991,0.67679,0.67764,19658
2019-11-26 00:00:00+00:00,0.67789,0.67951,0.67677,0.6787,25025
2019-11-27 00:00:00+00:00,0.6787,0.6791,0.67718,0.67743,21593
2019-11-28 00:00:00+00:00,0.67743,0.67777,0.67589,0.67673,18599
2019-11-29 00:00:00+00:00,0.67677,0.67793,0.67539,0.67548,18734
2019-12-02 00:00:00+00:00,0.67672,0.68258,0.67615,0.68176,21814
2019-12-03 00:00:00+00:00,0.68176,0.6862,0.68149,0.6846,25666
2019-12-04 00:00:00+00:00,0.68459,0.68547,0.68129,0.6847,27313
2019-12-05 00:00:00+00:00,0.68454,0.68547,0.68205,0.68309,20281
2019-12-06 00:00:00+00:00,0.68315,0.68571,0.68233,0.68405,20618
2019-12-09 00:00:00+00:00,0.68306,0.68383,0.68199,0.68217,15026
2019-12-10 00:00:00+00:00,0.68218,0.68373,0.68,0.68083,20757
2019-12-11 00:00:00+00:00,0.68085,0.68891,0.68041,0.68745,25010
2019-12-12 00:00:00+00:00,0.68746,0.69128,0.68673,0.69075,31211
2019-12-13 00:00:00+00:00,0.69073,0.69385,0.68635,0.68745,43092
2019-12-16 00:00:00+00:00,0.6882,0.68975,0.68683,0.68838,22117
2019-12-17 00:00:00+00:00,0.6884,0.68854,0.68381,0.68503,25433
2019-12-18 00:00:00+00:00,0.68503,0.68642,0.68383,0.68518,19800
2019-12-19 00:00:00+00:00,0.68518,0.6888,0.68484,0.68848,23162
2019-12-20 00:00:00+00:00,0.68852,0.69065,0.68827,0.68999,19265
2019-12-23 00:00:00+00:00,0.68967,0.69286,0.68903,0.69212,22367
2019-12-24 00:00:00+00:00,0.69212,0.69301,0.69122,0.69227,19583
2019-12-26 00:00:00+00:00,0.69265,0.69499,0.69214,0.69441,8293
2019-12-27 00:00:00+00:00,0.6944,0.69869,0.6941,0.69843,25839
2019-12-30 00:00:00+00:00,0.69761,0.70041,0.69645,0.69935,28532
2019-12-31 00:00:00+00:00,0.69932,0.70316,0.699,0.70158,24334
2020-01-02 00:00:00+00:00,0.70058,0.7008,0.69783,0.69895,20238
2020-01-03 00:00:00+00:00,0.69897,0.69925,0.693,0.69444,32351
2020-01-06 00:00:00+00:00,0.69409,0.69575,0.69251,0.69381,27757
2020-01-07 00:00:00+00:00,0.69383,0.69419,0.68588,0.68682,31420
2020-01-08 00:00:00+00:00,0.68682,0.68851,0.68488,0.68643,43888
2020-01-09 00:00:00+00:00,0.68643,0.68801,0.68499,0.68581,21914
2020-01-10 00:00:00+00:00,0.68577,0.69106,0.68504,0.68984,26992
2020-01-13 00:00:00+00:00,0.68962,0.69195,0.68932,0.69027,22809
2020-01-14 00:00:00+00:00,0.69027,0.69094,0.68847,0.68997,26136
2020-01-15 00:00:00+00:00,0.68999,0.69164,0.68769,0.69,23695
2020-01-16 00:00:00+00:00,0.69001,0.69334,0.68876,0.68969,24711
2020-01-17 00:00:00+00:00,0.68968,0.69108,0.68704,0.6871,22020
2020-01-20 00:00:00+00:00,0.68729,0.68882,0.68548,0.68715,16085
2020-01-21 00:00:00+00:00,0.68715,0.68802,0.68422,0.68439,27717
2020-01-22 00:00:00+00:00,0.68439,0.68559,0.68267,0.68438,25382
2020-01-23 00:00:00+00:00,0.68437,0.68784,0.68289,0.68457,31925
2020-01-24 00:00:00+00:00,0.68461,0.68569,0.68172,0.68251,25673
2020-01-27 00:00:00+00:00,0.68104,0.6818,0.67515,0.67599,31682
2020-01-28 00:00:00+00:00,0.67599,0.67645,0.67366,0.67611,24857
2020-01-29 00:00:00+00:00,0.67611,0.6777,0.67348,0.67534,26737
2020-01-30 00:00:00+00:00,0.67524,0.67546,0.66997,0.67204,33660
2020-01-31 00:00:00+00:00,0.67203,0.67293,0.66825,0.66861,32669
2020-02-03 00:00:00+00:00,0.66828,0.67067,0.66826,0.66904,33598
2020-02-04 00:00:00+00:00,0.66906,0.67414,0.66783,0.67381,30942
2020-02-05 00:00:00+00:00,0.6737,0.67738,0.67234,0.67459,31710
2020-02-06 00:00:00+00:00,0.67459,0.67645,0.67266,0.67279,25106
2020-02-07 00:00:00+00:00,0.6728,0.67358,0.66617,0.66759,29929
2020-02-10 00:00:00+00:00,0.66667,0.6707,0.66662,0.66856,31513
2020-02-11 00:00:00+00:00,0.66856,0.67363,0.66802,0.67136,27178
2020-02-12 00:00:00+00:00,0.67136,0.67496,0.67114,0.67367,27070
2020-02-13 00:00:00+00:00,0.67345,0.67448,0.67066,0.67185,31201
2020-02-14 00:00:00+00:00,0.67186,0.67313,0.6709,0.67131,20144
2020-02-17 00:00:00+00:00,0.67212,0.67331,0.67114,0.67128,16080
2020-02-18 00:00:00+00:00,0.67128,0.67153,0.66732,0.66835,23428
2020-02-19 00:00:00+00:00,0.66836,0.67071,0.66649,0.66741,21731
2020-02-20 00:00:00+00:00,0.66736,0.66935,0.66099,0.66139,35151
2020-02-21 00:00:00+00:00,0.66131,0.66385,0.65854,0.66262,32809
2020-02-24 00:00:00+00:00,0.65857,0.66195,0.65854,0.66017,40463
2020-02-25 00:00:00+00:00,0.66018,0.66222,0.65861,0.66024,40687
2020-02-26 00:00:00+00:00,0.66024,0.66065,0.65418,0.65429,46637
2020-02-27 00:00:00+00:00,0.65425,0.65917,0.65423,0.65665,51241
2020-02-28 00:00:00+00:00,0.65662,0.65852,0.64336,0.65051,81342
2020-03-02 00:00:00+00:00,0.64695,0.65677,0.64695,0.65369,57250
2020-03-03 00:00:00+00:00,0.65367,0.66452,0.65095,0.65828,56435
2020-03-04 00:00:00+00:00,0.6582,0.66276,0.65769,0.66257,37077
2020-03-05 00:00:00+00:00,0.66257,0.66365,0.65836,0.66132,32927
2020-03-06 00:00:00+00:00,0.66082,0.66571,0.65848,0.66435,45852
2020-03-09 00:00:00+00:00,0.6595,0.6684,0.63112,0.65856,102158
2020-03-10 00:00:00+00:00,0.65856,0.66122,0.64615,0.64893,91480
2020-03-11 00:00:00+00:00,0.64893,0.65393,0.64809,0.64866,76980
2020-03-12 00:00:00+00:00,0.6488,0.64918,0.62119,0.63013,121354
2020-03-13 00:00:00+00:00,0.63013,0.63252,0.61222,0.61774,103468
2020-03-16 00:00:00+00:00,0.6241,0.6279,0.60789,0.61027,107924
2020-03-17 00:00:00+00:00,0.61024,0.61486,0.59587,0.60117,96058
2020-03-18 00:00:00+00:00,0.60121,0.60286,0.5701,0.57846,109096
2020-03-19 00:00:00+00:00,0.57846,0.5964,0.55073,0.57297,150746
2020-03-20 00:00:00+00:00,0.57347,0.59853,0.56636,0.58006,134236
2020-03-23 00:00:00+00:00,0.58018,0.58453,0.56997,0.5821,173497
2020-03-24 00:00:00+00:00,0.5821,0.59796,0.58105,0.59668,134584
2020-03-25 00:00:00+00:00,0.59681,0.60733,0.59304,0.59565,105758
2020-03-26 00:00:00+00:00,0.59565,0.60872,0.587,0.60386,100759
2020-03-27 00:00:00+00:00,0.60396,0.62,0.60224,0.61656,109887
2020-03-30 00:00:00+00:00,0.61502,0.61842,0.61114,0.61664,111485
2020-03-31 00:00:00+00:00,0.61629,0.62136,0.60787,0.61313,136280
2020-04-01 00:00:00+00:00,0.61316,0.61846,0.60387,0.60685,95715
2020-04-02 00:00:00+00:00,0.60693,0.61188,0.60065,0.60559,98170
2020-04-03 00:00:00+00:00,0.60562,0.60753,0.59797,0.59939,84636
2020-04-06 00:00:00+00:00,0.60097,0.61061,0.59843,0.60858,71535
2020-04-07 00:00:00+00:00,0.60856,0.62078,0.60749,0.61681,62026
2020-04-08 00:00:00+00:00,0.61682,0.62444,0.61152,0.62277,56672
2020-04-09 00:00:00+00:00,0.62277,0.63626,0.61948,0.63365,55836
2020-04-10 00:00:00+00:00,0.63359,0.63675,0.63119,0.63459,18319
2020-04-13 00:00:00+00:00,0.63472,0.64089,0.63257,0.63798,32793
2020-04-14 00:00:00+00:00,0.63797,0.64443,0.63724,0.64413,45784
2020-04-15 00:00:00+00:00,0.64411,0.64434,0.62837,0.63161,49633
2020-04-16 00:00:00+00:00,0.63162,0.63336,0.62635,0.63263,59315
2020-04-17 00:00:00+00:00,0.63264,0.63848,0.63141,0.63619,56217
2020-04-20 00:00:00+00:00,0.63571,0.63968,0.63326,0.63348,47718
2020-04-21 00:00:00+00:00,0.63351,0.63465,0.62532,0.62786,54861
2020-04-22 00:00:00+00:00,0.62781,0.63518,0.62749,0.63213,46024
2020-04-23 00:00:00+00:00,0.63207,0.64058,0.62827,0.63691,51921
2020-04-24 00:00:00+00:00,0.63693,0.6396,0.63368,0.63956,39833
2020-04-27 00:00:00+00:00,0.63803,0.64715,0.63797,0.64634,34744
2020-04-28 00:00:00+00:00,0.64636,0.65136,0.64342,0.64892,39680
2020-04-29 00:00:00+00:00,0.64881,0.65577,0.64851,0.65555,39791
2020-04-30 00:00:00+00:00,0.65547,0.65696,0.64899,0.65083,50582
2020-05-01 00:00:00+00:00,0.65083,0.65112,0.64092,0.64203,38187
2020-05-04 00:00:00+00:00,0.64106,0.64345,0.63724,0.64215,41521
2020-05-05 00:00:00+00:00,0.64215,0.64759,0.64156,0.64272,41391
2020-05-06 00:00:00+00:00,0.64291,0.64526,0.63934,0.63943,40523
2020-05-07 00:00:00+00:00,0.63943,0.65057,0.63783,0.6493,41635
2020-05-08 00:00:00+00:00,0.6493,0.65477,0.6492,0.65294,34229
2020-05-11 00:00:00+00:00,0.65296,0.65612,0.6456,0.64879,39056
2020-05-12 00:00:00+00:00,0.64879,0.6536,0.64318,0.64688,44380
2020-05-13 00:00:00+00:00,0.64688,0.65238,0.6438,0.64521,58143
2020-05-14 00:00:00+00:00,0.64514,0.64688,0.64033,0.64589,50461
2020-05-15 00:00:00+00:00,0.64589,0.64734,0.64019,0.64155,42269
2020-05-18 00:00:00+00:00,0.64164,0.65269,0.64099,0.65239,36858
2020-05-19 00:00:00+00:00,0.65222,0.65846,0.65096,0.65352,42195
2020-05-20 00:00:00+00:00,0.65352,0.66159,0.65248,0.6596,38925
2020-05-21 00:00:00+00:00,0.65949,0.65984,0.65487,0.65642,43434
2020-05-22 00:00:00+00:00,0.65642,0.65721,0.65055,0.65356,40269
2020-05-25 00:00:00+00:00,0.65297,0.65499,0.65195,0.65419,24459
2020-05-26 00:00:00+00:00,0.65419,0.66749,0.65375,0.66487,38970
2020-05-27 00:00:00+00:00,0.66487,0.66802,0.65671,0.66181,56399
2020-05-28 00:00:00+00:00,0.66184,0.6667,0.65879,0.66344,52421
2020-05-29 00:00:00+00:00,0.66344,0.66828,0.66118,0.66674,60178
2020-06-01 00:00:00+00:00,0.66585,0.68029,0.66478,0.67968,52365
2020-06-02 00:00:00+00:00,0.67961,0.68983,0.67746,0.68953,53994
2020-06-03 00:00:00+00:00,0.68953,0.69834,0.68561,0.69186,66771
2020-06-04 00:00:00+00:00,0.69186,0.69873,0.68819,0.69415,64388
2020-06-05 00:00:00+00:00,0.69415,0.70127,0.69306,0.69653,61678
2020-06-08 00:00:00+00:00,0.6963,0.7029,0.69617,0.702,44839
2020-06-09 00:00:00+00:00,0.702,0.70424,0.68982,0.696,56656
2020-06-10 00:00:00+00:00,0.696,0.70639,0.69324,0.69968,64160
2020-06-11 00:00:00+00:00,0.69968,0.70144,0.68392,0.68538,81056
2020-06-12 00:00:00+00:00,0.68538,0.69114,0.67994,0.68701,90008
2020-06-15 00:00:00+00:00,0.68375,0.69248,0.67762,0.69178,83336
2020-06-16 00:00:00+00:00,0.69182,0.69764,0.68333,0.68884,79544
2020-06-17 00:00:00+00:00,0.6888,0.69224,0.68519,0.68834,64002
2020-06-18 00:00:00+00:00,0.68834,0.69021,0.68354,0.68515,60164
2020-06-19 00:00:00+00:00,0.68515,0.69112,0.68293,0.68343,53788
2020-06-22 00:00:00+00:00,0.68098,0.69222,0.68098,0.69071,44275
2020-06-23 00:00:00+00:00,0.69008,0.69742,0.68577,0.69288,56729
2020-06-24 00:00:00+00:00,0.6928,0.69615,0.68621,0.68675,56875
2020-06-25 00:00:00+00:00,0.68665,0.68922,0.68468,0.68859,53201
2020-06-26 00:00:00+00:00,0.68859,0.68952,0.68403,0.68603,42345
2020-06-29 00:00:00+00:00,0.68538,0.68905,0.68414,0.68629,42252
2020-06-30 00:00:00+00:00,0.68648,0.69117,0.68324,0.69022,46827
2020-07-01 00:00:00+00:00,0.69029,0.69434,0.68767,0.69141,45747
2020-07-02 00:00:00+00:00,0.69141,0.69519,0.69012,0.69224,52331
2020-07-03 00:00:00+00:00,0.69261,0.69473,0.69136,0.694,37452
2020-07-06 00:00:00+00:00,0.6928,0.69872,0.69264,0.69725,40505
2020-07-07 00:00:00+00:00,0.69714,0.69973,0.69217,0.69455,48870
2020-07-08 00:00:00+00:00,0.69455,0.69861,0.6927,0.69802,47669
2020-07-09 00:00:00+00:00,0.698,0.70007,0.69497,0.69636,51209
2020-07-10 00:00:00+00:00,0.69642,0.6969,0.69233,0.6947,43149
2020-07-13 00:00:00+00:00,0.69479,0.69928,0.69387,0.69391,48743
2020-07-14 00:00:00+00:00,0.69389,0.69773,0.69209,0.69745,59425
2020-07-15 00:00:00+00:00,0.69745,0.70374,0.6967,0.70071,46801
2020-07-16 00:00:00+00:00,0.7006,0.70138,0.69629,0.6969,47786
2020-07-17 00:00:00+00:00,0.6969,0.70048,0.69659,0.69956,34516
2020-07-20 00:00:00+00:00,0.69848,0.70172,0.69725,0.70159,35040
2020-07-21 00:00:00+00:00,0.70136,0.71467,0.70097,0.71269,44760
2020-07-22 00:00:00+00:00,0.71269,0.71824,0.71114,0.71389,50154
2020-07-23 00:00:00+00:00,0.71402,0.71614,0.70901,0.70973,46926
2020-07-24 00:00:00+00:00,0.70944,0.7125,0.70634,0.71056,44231
2020-07-27 00:00:00+00:00,0.70843,0.71498,0.70843,0.7147,43519
2020-07-28 00:00:00+00:00,0.71455,0.71764,0.71125,0.71579,45355
2020-07-29 00:00:00+00:00,0.71579,0.71963,0.71487,0.71865,43473
2020-07-30 00:00:00+00:00,0.71856,0.71972,0.71204,0.7194,50423
2020-07-31 00:00:00+00:00,0.71926,0.7227,0.71331,0.71414,58801
2020-08-03 00:00:00+00:00,0.71281,0.71494,0.70761,0.71232,39499
2020-08-04 00:00:00+00:00,0.71227,0.71667,0.71056,0.71592,46798
2020-08-05 00:00:00+00:00,0.71585,0.72408,0.71535,0.71908,43767
2020-08-06 00:00:00+00:00,0.71902,0.72391,0.71741,0.72348,50409
2020-08-07 00:00:00+00:00,0.72336,0.72429,0.71442,0.71599,51831
2020-08-10 00:00:00+00:00,0.71586,0.71839,0.71399,0.71482,34553
2020-08-11 00:00:00+00:00,0.71465,0.71893,0.71347,0.71422,47556
2020-08-12 00:00:00+00:00,0.7139,0.71756,0.71088,0.71611,49153
2020-08-13 00:00:00+00:00,0.71584,0.71876,0.71355,0.71478,42171
2020-08-14 00:00:00+00:00,0.7148,0.71749,0.71319,0.71719,33164
2020-08-17 00:00:00+00:00,0.71632,0.72274,0.71629,0.72133,31142
2020-08-18 00:00:00+00:00,0.72129,0.72643,0.72086,0.72423,45722
2020-08-19 00:00:00+00:00,0.7242,0.72753,0.71791,0.71805,47411
2020-08-20 00:00:00+00:00,0.71803,0.72021,0.71354,0.71913,49316
2020-08-21 00:00:00+00:00,0.71904,0.72158,0.71392,0.71596,47008
2020-08-24 00:00:00+00:00,0.71511,0.72037,0.71451,0.71619,36920
2020-08-25 00:00:00+00:00,0.71607,0.71976,0.715,0.71937,36533
2020-08-26 00:00:00+00:00,0.7194,0.72395,0.71871,0.72323,38149
2020-08-27 00:00:00+00:00,0.72312,0.72902,0.72165,0.72582,56143
2020-08-28 00:00:00+00:00,0.72582,0.73655,0.72542,0.73654,53195
2020-08-31 00:00:00+00:00,0.73585,0.74031,0.73398,0.73749,45838
2020-09-01 00:00:00+00:00,0.73726,0.74134,0.73589,0.73715,61200
2020-09-02 00:00:00+00:00,0.73712,0.73813,0.7301,0.73374,53213
2020-09-03 00:00:00+00:00,0.73374,0.73392,0.72648,0.72723,57870
2020-09-04 00:00:00+00:00,0.72722,0.72987,0.72217,0.72846,57969
2020-09-07 00:00:00+00:00,0.72855,0.72978,0.72699,0.72747,32282
2020-09-08 00:00:00+00:00,0.72759,0.73087,0.72102,0.72128,51756
2020-09-09 00:00:00+00:00,0.72125,0.72876,0.71917,0.72822,47089
2020-09-10 00:00:00+00:00,0.72805,0.73242,0.72474,0.72573,52263
2020-09-11 00:00:00+00:00,0.72567,0.73058,0.72518,0.72814,42551
2020-09-14 00:00:00+00:00,0.72752,0.73034,0.7264,0.72878,31896
2020-09-15 00:00:00+00:00,0.72871,0.73421,0.72666,0.7301,31495
2020-09-16 00:00:00+00:00,0.7301,0.73449,0.7278,0.73047,42428
2020-09-17 00:00:00+00:00,0.73037,0.73151,0.72537,0.73112,57008
2020-09-18 00:00:00+00:00,0.73132,0.73337,0.72823,0.72882,42441
2020-09-21 00:00:00+00:00,0.72958,0.7324,0.71987,0.72229,49870
2020-09-22 00:00:00+00:00,0.72255,0.72348,0.71542,0.7169,48546
2020-09-23 00:00:00+00:00,0.71685,0.71774,0.70682,0.70701,54785
2020-09-24 00:00:00+00:00,0.70696,0.7082,0.7016,0.70426,61683
2020-09-25 00:00:00+00:00,0.70426,0.70868,0.70056,0.70303,48923
2020-09-28 00:00:00+00:00,0.70293,0.70743,0.70264,0.707,42041
2020-09-29 00:00:00+00:00,0.70699,0.7138,0.70684,0.71311,43921
2020-09-30 00:00:00+00:00,0.71314,0.71752,0.70999,0.71597,54245
2020-10-01 00:00:00+00:00,0.71608,0.72091,0.71549,0.71825,54760
2020-10-02 00:00:00+00:00,0.71813,0.7188,0.71305,0.71631,64382
2020-10-05 00:00:00+00:00,0.71652,0.71931,0.71558,0.71787,37602
2020-10-06 00:00:00+00:00,0.71787,0.72085,0.70998,0.71008,50326
2020-10-07 00:00:00+00:00,0.71002,0.71514,0.7095,0.71349,43665
2020-10-08 00:00:00+00:00,0.71368,0.71698,0.7123,0.71669,36743
2020-10-09 00:00:00+00:00,0.71676,0.72429,0.71574,0.72406,36182
2020-10-12 00:00:00+00:00,0.72261,0.72347,0.72033,0.72069,33869
2020-10-13 00:00:00+00:00,0.72067,0.72137,0.71501,0.71587,55879
2020-10-14 00:00:00+00:00,0.71584,0.71906,0.71522,0.71612,53234
2020-10-15 00:00:00+00:00,0.71591,0.71679,0.7056,0.70925,64705
2020-10-16 00:00:00+00:00,0.7093,0.70972,0.70704,0.70765,51280
2020-10-19 00:00:00+00:00,0.70757,0.71147,0.70582,0.70628,47098
2020-10-20 00:00:00+00:00,0.70628,0.70724,0.70206,0.70468,48089
2020-10-21 00:00:00+00:00,0.70469,0.71366,0.70322,0.7115,55443
2020-10-22 00:00:00+00:00,0.71158,0.7125,0.70849,0.71165,51155
2020-10-23 00:00:00+00:00,0.71164,0.7158,0.71008,0.71367,45250
2020-10-26 00:00:00+00:00,0.714,0.71464,0.71028,0.71182,55143
2020-10-27 00:00:00+00:00,0.71182,0.71468,0.71138,0.71229,49118
2020-10-28 00:00:00+00:00,0.71228,0.71571,0.7038,0.70455,61955
2020-10-29 00:00:00+00:00,0.70454,0.70759,0.70023,0.70296,66812
2020-10-30 00:00:00+00:00,0.70296,0.70721,0.70112,0.70278,69463
2020-11-02 00:00:00+00:00,0.70209,0.70572,0.69909,0.70525,57571
2020-11-03 00:00:00+00:00,0.70538,0.71744,0.70278,0.71615,38906
2020-11-04 00:00:00+00:00,0.71615,0.72214,0.70482,0.71763,83977
2020-11-05 00:00:00+00:00,0.71745,0.7289,0.71448,0.72814,74621
2020-11-06 00:00:00+00:00,0.72827,0.72871,0.72388,0.72592,69812
2020-11-09 00:00:00+00:00,0.72747,0.73397,0.72667,0.72808,83955
2020-11-10 00:00:00+00:00,0.72805,0.7294,0.72523,0.72817,77392
2020-11-11 00:00:00+00:00,0.72841,0.73179,0.72599,0.72798,50496
2020-11-12 00:00:00+00:00,0.72796,0.72937,0.72233,0.72294,50189
2020-11-13 00:00:00+00:00,0.72294,0.7273,0.72213,0.7269,37509
2020-11-16 00:00:00+00:00,0.72612,0.73263,0.72612,0.73175,46398
2020-11-17 00:00:00+00:00,0.73168,0.73397,0.72887,0.72975,40781
2020-11-18 00:00:00+00:00,0.72974,0.73308,0.72717,0.73048,46488
2020-11-19 00:00:00+00:00,0.73049,0.73057,0.72544,0.7282,48170
2020-11-20 00:00:00+00:00,0.72816,0.73237,0.72657,0.73045,44993
2020-11-23 00:00:00+00:00,0.73001,0.73373,0.72652,0.72856,40795
2020-11-24 00:00:00+00:00,0.72848,0.73674,0.72829,0.73597,41968
2020-11-25 00:00:00+00:00,0.73598,0.73733,0.73249,0.73639,41122
2020-11-26 00:00:00+00:00,0.73627,0.73743,0.73522,0.7356,23853
2020-11-27 00:00:00+00:00,0.73557,0.73988,0.7352,0.73837,33179
2020-11-30 00:00:00+00:00,0.73824,0.74072,0.73389,0.73405,44528
2020-12-01 00:00:00+00:00,0.73407,0.73731,0.73377,0.73707,51958
2020-12-02 00:00:00+00:00,0.73707,0.74199,0.73513,0.74151,66193
2020-12-03 00:00:00+00:00,0.74159,0.74493,0.7398,0.74408,54433
2020-12-04 00:00:00+00:00,0.74408,0.74437,0.74099,0.74269,59618
2020-12-07 00:00:00+00:00,0.74291,0.74535,0.73725,0.7419,57240
2020-12-08 00:00:00+00:00,0.74186,0.7435,0.73991,0.74088,55350
2020-12-09 00:00:00+00:00,0.74084,0.74853,0.74047,0.7442,59328
2020-12-10 00:00:00+00:00,0.74411,0.75396,0.74251,0.75338,66677
2020-12-11 00:00:00+00:00,0.75337,0.75718,0.75202,0.75353,59809
2020-12-14 00:00:00+00:00,0.75491,0.7578,0.75242,0.7532,49404
2020-12-15 00:00:00+00:00,0.75319,0.75716,0.7507,0.75573,51330
2020-12-16 00:00:00+00:00,0.75573,0.75787,0.75387,0.75753,54043
2020-12-17 00:00:00+00:00,0.75743,0.76394,0.75672,0.76252,45380
2020-12-18 00:00:00+00:00,0.76241,0.76277,0.75824,0.76214,45736
2020-12-21 00:00:00+00:00,0.75846,0.76063,0.74618,0.75831,90061
2020-12-22 00:00:00+00:00,0.7584,0.75906,0.75171,0.75203,69478
2020-12-23 00:00:00+00:00,0.75214,0.75915,0.75167,0.75733,66586
2020-12-24 00:00:00+00:00,0.75734,0.76064,0.75679,0.75929,43817
2020-12-28 00:00:00+00:00,0.76001,0.76224,0.75572,0.75758,47044
2020-12-29 00:00:00+00:00,0.75751,0.76247,0.75741,0.76023,45132
2020-12-30 00:00:00+00:00,0.76028,0.7686,0.76017,0.76843,47706
2020-12-31 00:00:00+00:00,0.76847,0.7742,0.76718,0.77083,43835
2021-01-04 00:00:00+00:00,0.76987,0.77407,0.76421,0.76617,74936
2021-01-05 00:00:00+00:00,0.76617,0.77772,0.76586,0.77573,84479
2021-01-06 00:00:00+00:00,0.77565,0.782,0.77332,0.77997,117973
2021-01-07 00:00:00+00:00,0.77993,0.78173,0.77255,0.77665,84673
2021-01-08 00:00:00+00:00,0.77663,0.77986,0.77284,0.77648,103415
2021-01-11 00:00:00+00:00,0.77512,0.77612,0.7666,0.76955,83678
2021-01-12 00:00:00+00:00,0.76949,0.77773,0.76866,0.77702,73782
2021-01-13 00:00:00+00:00,0.77698,0.77813,0.77213,0.77313,65806
2021-01-14 00:00:00+00:00,0.77324,0.78051,0.77286,0.77773,71495
2021-01-15 00:00:00+00:00,0.7777,0.77886,0.76815,0.7703,80445
2021-01-18 00:00:00+00:00,0.77071,0.77104,0.76589,0.76784,65779
2021-01-19 00:00:00+00:00,0.76804,0.77252,0.76713,0.76931,67890
2021-01-20 00:00:00+00:00,0.76945,0.77609,0.76904,0.77436,70245
2021-01-21 00:00:00+00:00,0.77432,0.77821,0.77397,0.77632,68967
2021-01-22 00:00:00+00:00,0.7763,0.77696,0.77019,0.77152,67008
2021-01-25 00:00:00+00:00,0.77155,0.77471,0.76829,0.77124,74423
2021-01-26 00:00:00+00:00,0.77122,0.7754,0.76689,0.77451,55204
2021-01-27 00:00:00+00:00,0.77422,0.77637,0.76438,0.76628,96149
2021-01-28 00:00:00+00:00,0.76622,0.76977,0.75918,0.7676,103672
2021-01-29 00:00:00+00:00,0.76791,0.7704,0.76311,0.76411,104810
2021-02-01 00:00:00+00:00,0.76211,0.76626,0.76056,0.76181,89214
2021-02-02 00:00:00+00:00,0.76179,0.76615,0.75636,0.76062,73547
2021-02-03 00:00:00+00:00,0.76058,0.76263,0.76013,0.76172,65546
2021-02-04 00:00:00+00:00,0.76169,0.76478,0.75881,0.75993,66973
2021-02-05 00:00:00+00:00,0.75984,0.76785,0.75829,0.76772,69895
2021-02-08 00:00:00+00:00,0.76661,0.77145,0.76513,0.77042,58711
2021-02-09 00:00:00+00:00,0.76992,0.77401,0.7699,0.77378,58322
2021-02-10 00:00:00+00:00,0.7738,0.7756,0.77172,0.77209,62172
2021-02-11 00:00:00+00:00,0.77209,0.77712,0.77125,0.77489,61800
2021-02-12 00:00:00+00:00,0.77511,0.77644,0.77181,0.77611,56419
2021-02-15 00:00:00+00:00,0.77611,0.77888,0.77583,0.7779,42381
2021-02-16 00:00:00+00:00,0.77796,0.78053,0.77447,0.77545,81036
2021-02-17 00:00:00+00:00,0.77576,0.77718,0.77242,0.77481,88231
2021-02-18 00:00:00+00:00,0.77484,0.77897,0.77312,0.77651,88188
2021-02-19 00:00:00+00:00,0.77666,0.78771,0.77573,0.78682,89675
2021-02-22 00:00:00+00:00,0.78691,0.79293,0.78554,0.79129,91041
2021-02-23 00:00:00+00:00,0.79131,0.79349,0.78804,0.79097,93001
2021-02-24 00:00:00+00:00,0.79089,0.79734,0.7895,0.79663,109074
2021-02-25 00:00:00+00:00,0.79662,0.80071,0.78585,0.78708,136342
2021-02-26 00:00:00+00:00,0.78703,0.78835,0.76922,0.77028,170770
2021-03-01 00:00:00+00:00,0.77091,0.77865,0.77071,0.77692,115309
2021-03-02 00:00:00+00:00,0.77713,0.78376,0.77355,0.78186,104989
2021-03-03 00:00:00+00:00,0.78161,0.78382,0.77705,0.77732,89854
2021-03-04 00:00:00+00:00,0.77726,0.78149,0.77083,0.7721,122410
2021-03-05 00:00:00+00:00,0.77205,0.77278,0.76219,0.76818,125571
2021-03-08 00:00:00+00:00,0.76904,0.7722,0.76363,0.76468,135188
2021-03-09 00:00:00+00:00,0.76468,0.77258,0.76213,0.77153,112510
2021-03-10 00:00:00+00:00,0.77155,0.77455,0.76685,0.77337,103908
2021-03-11 00:00:00+00:00,0.77328,0.77935,0.77232,0.77869,88629
2021-03-12 00:00:00+00:00,0.77872,0.78005,0.77246,0.77583,95149
2021-03-15 00:00:00+00:00,0.77554,0.77755,0.77058,0.77517,79546
2021-03-16 00:00:00+00:00,0.77517,0.77574,0.77108,0.77418,71673
2021-03-17 00:00:00+00:00,0.77418,0.78104,0.76991,0.77956,80625
2021-03-18 00:00:00+00:00,0.77956,0.7849,0.77492,0.77559,102868
2021-03-19 00:00:00+00:00,0.77566,0.77724,0.77174,0.77459,94983
2021-03-22 00:00:00+00:00,0.77164,0.77563,0.77048,0.7744,71170
2021-03-23 00:00:00+00:00,0.7744,0.77473,0.7617,0.76305,79871
2021-03-24 00:00:00+00:00,0.76306,0.7634,0.7578,0.75819,77669
2021-03-25 00:00:00+00:00,0.75835,0.76141,0.75628,0.758,84949
2021-03-26 00:00:00+00:00,0.75807,0.76412,0.75795,0.76411,61276
2021-03-29 00:00:00+00:00,0.76312,0.76559,0.7615,0.76304,67903
2021-03-30 00:00:00+00:00,0.76302,0.76636,0.7585,0.75953,65416
2021-03-31 00:00:00+00:00,0.75957,0.76362,0.75813,0.75944,62626
2021-04-01 00:00:00+00:00,0.75932,0.76198,0.75316,0.7616,70257
2021-04-02 00:00:00+00:00,0.76155,0.76375,0.7592,0.76098,25573
2021-04-05 00:00:00+00:00,0.76011,0.76604,0.75983,0.7649,39131
2021-04-06 00:00:00+00:00,0.76515,0.76682,0.76061,0.7662,57350
2021-04-07 00:00:00+00:00,0.76624,0.76769,0.76005,0.76123,65874
2021-04-08 00:00:00+00:00,0.76119,0.76601,0.76026,0.7652,55637
2021-04-09 00:00:00+00:00,0.7652,0.76611,0.7588,0.76189,58987
2021-04-12 00:00:00+00:00,0.76112,0.76355,0.75947,0.76218,56983
2021-04-13 00:00:00+00:00,0.76212,0.76484,0.75844,0.76394,64164
2021-04-14 00:00:00+00:00,0.76396,0.77378,0.76345,0.77231,50860
2021-04-15 00:00:00+00:00,0.77226,0.77607,0.77057,0.77495,48211
2021-04-16 00:00:00+00:00,0.77495,0.77587,0.77241,0.77334,39951
2021-04-19 00:00:00+00:00,0.77266,0.77844,0.77059,0.7756,44349
2021-04-20 00:00:00+00:00,0.7756,0.78159,0.77092,0.77231,48546
2021-04-21 00:00:00+00:00,0.77235,0.7762,0.7699,0.77495,43679
2021-04-22 00:00:00+00:00,0.77495,0.77645,0.76903,0.77035,50994
2021-04-23 00:00:00+00:00,0.77055,0.77601,0.76969,0.77486,41018
2021-04-26 00:00:00+00:00,0.77389,0.78147,0.77385,0.77973,39523
2021-04-27 00:00:00+00:00,0.77971,0.78036,0.77616,0.77622,37823
2021-04-28 00:00:00+00:00,0.77623,0.78008,0.77249,0.77883,46347
2021-04-29 00:00:00+00:00,0.77877,0.78179,0.77504,0.77651,44533
2021-04-30 00:00:00+00:00,0.77642,0.77841,0.76959,0.77117,46681
2021-05-03 00:00:00+00:00,0.7719,0.77666,0.7706,0.77578,36614
2021-05-04 00:00:00+00:00,0.77576,0.77634,0.76746,0.77067,51450
2021-05-05 00:00:00+00:00,0.77067,0.77545,0.7699,0.7746,42808
2021-05-06 00:00:00+00:00,0.7746,0.77874,0.77009,0.77809,49158
2021-05-07 00:00:00+00:00,0.77825,0.78624,0.77609,0.78435,50088
2021-05-10 00:00:00+00:00,0.7857,0.78909,0.78267,0.78285,45419
2021-05-11 00:00:00+00:00,0.78277,0.78566,0.78199,0.78401,59596
2021-05-12 00:00:00+00:00,0.78398,0.7844,0.77189,0.77229,65337
2021-05-13 00:00:00+00:00,0.77237,0.77461,0.7688,0.7727,63683
2021-05-14 00:00:00+00:00,0.77269,0.77872,0.77138,0.77825,49558
2021-05-17 00:00:00+00:00,0.7765,0.77834,0.77302,0.77636,46419
2021-05-18 00:00:00+00:00,0.77636,0.78133,0.77511,0.77898,43886
2021-05-19 00:00:00+00:00,0.77898,0.78033,0.77106,0.77257,71847
2021-05-20 00:00:00+00:00,0.77247,0.77815,0.7716,0.77718,51070
2021-05-21 00:00:00+00:00,0.77731,0.77826,0.77188,0.77297,47150
2021-05-24 00:00:00+00:00,0.77242,0.77575,0.77059,0.77504,41294
2021-05-25 00:00:00+00:00,0.775,0.77762,0.77327,0.77487,47294
2021-05-26 00:00:00+00:00,0.77486,0.77958,0.77308,0.77399,46857
2021-05-27 00:00:00+00:00,0.77397,0.77573,0.77228,0.77416,47960
2021-05-28 00:00:00+00:00,0.77422,0.7747,0.76772,0.77081,46348
2021-05-31 00:00:00+00:00,0.77042,0.77411,0.77002,0.77307,30316
2021-06-01 00:00:00+00:00,0.77311,0.77691,0.77277,0.77498,43058
2021-06-02 00:00:00+00:00,0.77503,0.77729,0.77151,0.77511,40870
2021-06-03 00:00:00+00:00,0.7751,0.77536,0.76465,0.76549,46508
2021-06-04 00:00:00+00:00,0.76556,0.77449,0.76442,0.77428,42927
2021-06-07 00:00:00+00:00,0.77267,0.77653,0.77214,0.77542,31990
2021-06-08 00:00:00+00:00,0.77542,0.77633,0.77313,0.77375,36131
2021-06-09 00:00:00+00:00,0.77371,0.77621,0.7724,0.77294,32401
2021-06-10 00:00:00+00:00,0.77279,0.77634,0.7716,0.77501,48295
2021-06-11 00:00:00+00:00,0.77501,0.77752,0.76882,0.77025,36775
2021-06-14 00:00:00+00:00,0.7704,0.77258,0.76937,0.77101,33324
2021-06-15 00:00:00+00:00,0.77087,0.77166,0.76742,0.7686,38894
2021-06-16 00:00:00+00:00,0.76857,0.77155,0.76067,0.76079,53627
2021-06-17 00:00:00+00:00,0.76064,0.76455,0.75395,0.75504,70098
2021-06-18 00:00:00+00:00,0.75464,0.75611,0.74786,0.74793,55717
2021-06-21 00:00:00+00:00,0.74812,0.75461,0.74765,0.75403,65660
2021-06-22 00:00:00+00:00,0.75403,0.7564,0.74937,0.75534,50738
2021-06-23 00:00:00+00:00,0.75534,0.75989,0.75314,0.75748,53757
2021-06-24 00:00:00+00:00,0.75727,0.75916,0.75655,0.75815,46903
2021-06-25 00:00:00+00:00,0.75806,0.76166,0.75795,0.75926,44832
2021-06-28 00:00:00+00:00,0.75712,0.76016,0.75542,0.75657,41156
2021-06-29 00:00:00+00:00,0.7565,0.75705,0.75074,0.75105,43668
2021-06-30 00:00:00+00:00,0.75099,0.75273,0.74917,0.74965,46481
2021-07-01 00:00:00+00:00,0.74961,0.75078,0.746,0.74693,46493
2021-07-02 00:00:00+00:00,0.7468,0.75327,0.74441,0.75255,46551
2021-07-05 00:00:00+00:00,0.75172,0.75372,0.75089,0.75284,34904
2021-07-06 00:00:00+00:00,0.75247,0.75988,0.74808,0.74931,54508
2021-07-07 00:00:00+00:00,0.74933,0.75335,0.74627,0.74824,50601
2021-07-08 00:00:00+00:00,0.74824,0.74897,0.74165,0.74302,76676
2021-07-09 00:00:00+00:00,0.74267,0.74938,0.74095,0.74904,62533
2021-07-12 00:00:00+00:00,0.74732,0.74958,0.74482,0.74779,42798
2021-07-13 00:00:00+00:00,0.74779,0.7503,0.74261,0.74453,43528
2021-07-14 00:00:00+00:00,0.74438,0.74858,0.74309,0.74787,49973
2021-07-15 00:00:00+00:00,0.74787,0.74872,0.74104,0.74221,47411
2021-07-16 00:00:00+00:00,0.74219,0.74427,0.73923,0.73953,45028
2021-07-19 00:00:00+00:00,0.74002,0.74148,0.73219,0.73432,68949
2021-07-20 00:00:00+00:00,0.73412,0.73571,0.72995,0.73285,53116
2021-07-21 00:00:00+00:00,0.73286,0.73624,0.72894,0.7357,43976
2021-07-22 00:00:00+00:00,0.73561,0.73973,0.7342,0.73767,46649
2021-07-23 00:00:00+00:00,0.73753,0.73997,0.7357,0.73623,34884
2021-07-26 00:00:00+00:00,0.7358,0.73905,0.73305,0.73801,46758
2021-07-27 00:00:00+00:00,0.73785,0.73884,0.73369,0.73574,55722
2021-07-28 00:00:00+00:00,0.73576,0.73813,0.73166,0.73745,60518
2021-07-29 00:00:00+00:00,0.73727,0.74132,0.7359,0.73958,44032
2021-07-30 00:00:00+00:00,0.7395,0.74042,0.7331,0.73467,48704
2021-08-02 00:00:00+00:00,0.73302,0.73818,0.73291,0.73629,41686
2021-08-03 00:00:00+00:00,0.73606,0.74084,0.73568,0.7395,46008
2021-08-04 00:00:00+00:00,0.73928,0.74265,0.73701,0.73774,39356
2021-08-05 00:00:00+00:00,0.73769,0.74156,0.73744,0.74011,36322
2021-08-06 00:00:00+00:00,0.73997,0.74063,0.73464,0.7353,38058
2021-08-09 00:00:00+00:00,0.73492,0.73637,0.73279,0.73282,36454
2021-08-10 00:00:00+00:00,0.73295,0.73557,0.73157,0.73484,33389
2021-08-11 00:00:00+00:00,0.73473,0.73889,0.73231,0.73737,35633
2021-08-12 00:00:00+00:00,0.73707,0.73763,0.73318,0.73358,29384
2021-08-13 00:00:00+00:00,0.73358,0.73811,0.73294,0.73686,24994
2021-08-16 00:00:00+00:00,0.73612,0.73726,0.73193,0.73366,30827
2021-08-17 00:00:00+00:00,0.73338,0.7341,0.72424,0.72533,45030
2021-08-18 00:00:00+00:00,0.72499,0.72694,0.72285,0.72329,42036
2021-08-19 00:00:00+00:00,0.72329,0.72443,0.71421,0.7146,58866
2021-08-20 00:00:00+00:00,0.7146,0.71562,0.71061,0.71402,44244
2021-08-23 00:00:00+00:00,0.71192,0.72177,0.7119,0.72107,37012
2021-08-24 00:00:00+00:00,0.72107,0.72707,0.72005,0.72574,35067
2021-08-25 00:00:00+00:00,0.72559,0.72802,0.72371,0.72756,37969
2021-08-26 00:00:00+00:00,0.72735,0.72795,0.7234,0.72363,46165
2021-08-27 00:00:00+00:00,0.72349,0.73166,0.72221,0.73103,43978
2021-08-30 00:00:00+00:00,0.73032,0.73183,0.72844,0.72956,29850
2021-08-31 00:00:00+00:00,0.72939,0.73411,0.72878,0.73155,49509
2021-09-01 00:00:00+00:00,0.73139,0.73837,0.73078,0.73664,42233
2021-09-02 00:00:00+00:00,0.73655,0.74092,0.73556,0.74002,38089
2021-09-03 00:00:00+00:00,0.73981,0.74781,0.73933,0.74492,46391
2021-09-06 00:00:00+00:00,0.7448,0.74563,0.74262,0.7439,43505
2021-09-07 00:00:00+00:00,0.74371,0.74686,0.73745,0.73875,45808
2021-09-08 00:00:00+00:00,0.73834,0.74039,0.73449,0.73643,65472
2021-09-09 00:00:00+00:00,0.73624,0.73943,0.73468,0.7367,65729
2021-09-10 00:00:00+00:00,0.73635,0.74098,0.73479,0.73521,50819
2021-09-13 00:00:00+00:00,0.73481,0.73756,0.7336,0.73686,56088
2021-09-14 00:00:00+00:00,0.73664,0.73731,0.73134,0.73202,60496
2021-09-15 00:00:00+00:00,0.73173,0.73385,0.73013,0.73315,58057
2021-09-16 00:00:00+00:00,0.73294,0.73472,0.7274,0.72922,52282
2021-09-17 00:00:00+00:00,0.7291,0.73214,0.72616,0.7264,54896
2021-09-20 00:00:00+00:00,0.7261,0.72682,0.72197,0.72518,76140
2021-09-21 00:00:00+00:00,0.72493,0.72829,0.72216,0.72313,67333
2021-09-22 00:00:00+00:00,0.72278,0.72964,0.722,0.72439,79415
2021-09-23 00:00:00+00:00,0.72443,0.73152,0.72224,0.72944,67911
2021-09-24 00:00:00+00:00,0.7291,0.73166,0.72355,0.7261,52376
2021-09-27 00:00:00+00:00,0.72492,0.72935,0.72474,0.72879,57537
2021-09-28 00:00:00+00:00,0.72854,0.73106,0.72252,0.72389,71969
2021-09-29 00:00:00+00:00,0.72371,0.72638,0.717,0.71746,69742
2021-09-30 00:00:00+00:00,0.71739,0.72568,0.71707,0.72264,66817
2021-10-01 00:00:00+00:00,0.72253,0.72766,0.71918,0.72615,67919
2021-10-04 00:00:00+00:00,0.72502,0.73036,0.72502,0.72865,62158
2021-10-05 00:00:00+00:00,0.72854,0.73007,0.72487,0.72912,49294
2021-10-06 00:00:00+00:00,0.72887,0.72925,0.72254,0.72719,66273
2021-10-07 00:00:00+00:00,0.7269,0.73239,0.72671,0.7312,47024
2021-10-08 00:00:00+00:00,0.73084,0.73377,0.72881,0.7308,56313
2021-10-11 00:00:00+00:00,0.73075,0.73724,0.72917,0.73461,42732
2021-10-12 00:00:00+00:00,0.73452,0.73841,0.7332,0.73503,46072
2021-10-13 00:00:00+00:00,0.73476,0.73816,0.73232,0.73779,46091
2021-10-14 00:00:00+00:00,0.7376,0.74265,0.7369,0.7415,33810
2021-10-15 00:00:00+00:00,0.74137,0.74401,0.74033,0.74195,39196
2021-10-18 00:00:00+00:00,0.74133,0.74368,0.73785,0.74116,39036
2021-10-19 00:00:00+00:00,0.74074,0.74854,0.74069,0.74737,38115
2021-10-20 00:00:00+00:00,0.74709,0.75227,0.74649,0.75161,34487
2021-10-21 00:00:00+00:00,0.75092,0.75461,0.74582,0.7466,40953
2021-10-22 00:00:00+00:00,0.74645,0.75119,0.74534,0.74668,47727
2021-10-25 00:00:00+00:00,0.74642,0.75051,0.74603,0.74913,34584
2021-10-26 00:00:00+00:00,0.74864,0.75253,0.74832,0.75016,34310
2021-10-27 00:00:00+00:00,0.74963,0.75353,0.74869,0.75173,44859
2021-10-28 00:00:00+00:00,0.75155,0.75557,0.74796,0.75438,50926
2021-10-29 00:00:00+00:00,0.75411,0.75551,0.75,0.75205,48311
2021-11-01 00:00:00+00:00,0.75113,0.75359,0.74861,0.75219,33996
2021-11-02 00:00:00+00:00,0.7521,0.75316,0.74201,0.74306,39478
2021-11-03 00:00:00+00:00,0.74287,0.74587,0.74122,0.74496,51436
2021-11-04 00:00:00+00:00,0.74491,0.74707,0.73827,0.74005,41107
2021-11-05 00:00:00+00:00,0.74005,0.74119,0.73596,0.74017,43886
2021-11-08 00:00:00+00:00,0.73911,0.7431,0.7384,0.74227,28794
2021-11-09 00:00:00+00:00,0.74204,0.74318,0.73606,0.73777,41281
2021-11-10 00:00:00+00:00,0.73764,0.73936,0.73236,0.73263,52637
2021-11-11 00:00:00+00:00,0.73239,0.7341,0.7287,0.72928,39928
2021-11-12 00:00:00+00:00,0.72906,0.7335,0.72764,0.733,32833
2021-11-15 00:00:00+00:00,0.73232,0.73706,0.73229,0.73462,31821
2021-11-16 00:00:00+00:00,0.73433,0.73676,0.72924,0.73022,39639
2021-11-17 00:00:00+00:00,0.73002,0.73048,0.72584,0.72666,38726
2021-11-18 00:00:00+00:00,0.72646,0.72928,0.72494,0.72762,33753
2021-11-19 00:00:00+00:00,0.72738,0.72911,0.72268,0.72349,42192
2021-11-22 00:00:00+00:00,0.72342,0.7273,0.72207,0.72244,41521
2021-11-23 00:00:00+00:00,0.72229,0.7236,0.72067,0.72263,46692
2021-11-24 00:00:00+00:00,0.72249,0.72273,0.71837,0.71947,47556
2021-11-25 00:00:00+00:00,0.71922,0.72089,0.71796,0.71885,36308
2021-11-26 00:00:00+00:00,0.71866,0.71895,0.71121,0.71215,77242
2021-11-29 00:00:00+00:00,0.71332,0.71596,0.71137,0.71423,48596
2021-11-30 00:00:00+00:00,0.71423,0.71703,0.70626,0.71268,78840
2021-12-01 00:00:00+00:00,0.71238,0.7173,0.70945,0.71043,64502
2021-12-02 00:00:00+00:00,0.71002,0.71197,0.70845,0.70934,60766
2021-12-03 00:00:00+00:00,0.70918,0.70958,0.69932,0.69996,65459
2021-12-06 00:00:00+00:00,0.69972,0.70542,0.69964,0.70501,41782
2021-12-07 00:00:00+00:00,0.70475,0.7123,0.70394,0.71184,39704
2021-12-08 00:00:00+00:00,0.71166,0.71836,0.71139,0.71707,46745
2021-12-09 00:00:00+00:00,0.71683,0.71867,0.71353,0.71475,31661
2021-12-10 00:00:00+00:00,0.71458,0.71825,0.71317,0.71715,33530
2021-12-13 00:00:00+00:00,0.7167,0.71761,0.71105,0.71314,31198
2021-12-14 00:00:00+00:00,0.71289,0.71356,0.70901,0.71038,32053
2021-12-15 00:00:00+00:00,0.71019,0.71773,0.70918,0.71712,51428
2021-12-16 00:00:00+00:00,0.71694,0.72238,0.71454,0.71828,49965
2021-12-17 00:00:00+00:00,0.71815,0.71834,0.7122,0.71258,44030
2021-12-20 00:00:00+00:00,0.7127,0.71324,0.70825,0.71108,45889
2021-12-21 00:00:00+00:00,0.71086,0.71559,0.70983,0.71537,30831
2021-12-22 00:00:00+00:00,0.71518,0.72202,0.71209,0.72128,29379
2021-12-23 00:00:00+00:00,0.72113,0.72512,0.71961,0.72444,25084
2021-12-24 00:00:00+00:00,0.72422,0.72438,0.72176,0.72226,32714
2021-12-27 00:00:00+00:00,0.72212,0.72452,0.72055,0.72396,17365
2021-12-28 00:00:00+00:00,0.72374,0.72642,0.72189,0.72288,18755
2021-12-29 00:00:00+00:00,0.72264,0.72724,0.72127,0.72488,24961
2021-12-30 00:00:00+00:00,0.72452,0.7276,0.72391,0.72492,21231
2021-12-31 00:00:00+00:00,0.72508,0.72778,0.72424,0.72655,22228
2022-01-03 00:00:00+00:00,0.72582,0.7277,0.71838,0.71905,28387
2022-01-04 00:00:00+00:00,0.71894,0.72488,0.71838,0.72403,27676
2022-01-05 00:00:00+00:00,0.72374,0.72722,0.72149,0.72213,35138
2022-01-06 00:00:00+00:00,0.72183,0.72224,0.71458,0.71616,38823
2022-01-07 00:00:00+00:00,0.7159,0.71876,0.71295,0.71812,33368
2022-01-10 00:00:00+00:00,0.71662,0.72024,0.7149,0.71735,35075
2022-01-11 00:00:00+00:00,0.71628,0.72134,0.71549,0.72093,36386
2022-01-12 00:00:00+00:00,0.72088,0.72923,0.72006,0.72833,37108
2022-01-13 00:00:00+00:00,0.72818,0.73142,0.72733,0.72815,37016
2022-01-14 00:00:00+00:00,0.72786,0.72937,0.71985,0.72163,45945
2022-01-17 00:00:00+00:00,0.72112,0.72291,0.71958,0.7209,29278
2022-01-18 00:00:00+00:00,0.72064,0.72278,0.717,0.71833,49397
2022-01-19 00:00:00+00:00,0.71827,0.72383,0.71769,0.72101,46043
2022-01-20 00:00:00+00:00,0.72088,0.72763,0.72067,0.72256,45339
2022-01-21 00:00:00+00:00,0.72225,0.72284,0.71714,0.71748,65059
2022-01-24 00:00:00+00:00,0.71715,0.71875,0.70906,0.71435,72489
2022-01-25 00:00:00+00:00,0.71435,0.71747,0.71214,0.71514,86274
2022-01-26 00:00:00+00:00,0.71519,0.71814,0.70955,0.71151,88074
2022-01-27 00:00:00+00:00,0.71137,0.71213,0.70238,0.70339,101108
2022-01-28 00:00:00+00:00,0.70339,0.70458,0.69676,0.69956,95590
2022-01-31 00:00:00+00:00,0.6989,0.70765,0.69862,0.70668,66073
2022-02-01 00:00:00+00:00,0.70642,0.713,0.70331,0.7128,71736
2022-02-02 00:00:00+00:00,0.71272,0.71589,0.71182,0.71359,60641
2022-02-03 00:00:00+00:00,0.71328,0.71683,0.71095,0.71397,74308
2022-02-04 00:00:00+00:00,0.71352,0.71515,0.70516,0.70775,61674
2022-02-07 00:00:00+00:00,0.70727,0.71302,0.70651,0.71256,42999
2022-02-08 00:00:00+00:00,0.71244,0.71466,0.71064,0.71454,38570
2022-02-09 00:00:00+00:00,0.71441,0.71946,0.71416,0.71783,30965
2022-02-10 00:00:00+00:00,0.71764,0.72487,0.71468,0.71664,63524
2022-02-11 00:00:00+00:00,0.71646,0.71848,0.71084,0.71359,80668
2022-02-14 00:00:00+00:00,0.71275,0.715,0.70861,0.71263,78174
2022-02-15 00:00:00+00:00,0.71235,0.71562,0.71017,0.7151,55800
2022-02-16 00:00:00+00:00,0.71511,0.72048,0.71432,0.71939,49910
2022-02-17 00:00:00+00:00,0.71924,0.72174,0.71495,0.71863,79171
2022-02-18 00:00:00+00:00,0.71843,0.72278,0.71647,0.71775,65454
2022-02-21 00:00:00+00:00,0.71685,0.72223,0.71663,0.71888,57862
2022-02-22 00:00:00+00:00,0.71867,0.72333,0.71715,0.72186,87132
2022-02-23 00:00:00+00:00,0.7216,0.72835,0.72152,0.72337,59772
2022-02-24 00:00:00+00:00,0.72312,0.72324,0.70945,0.71624,153965
2022-02-25 00:00:00+00:00,0.71621,0.72375,0.71396,0.72317,102273
2022-02-28 00:00:00+00:00,0.7179,0.72653,0.71674,0.7262,101994
2022-03-01 00:00:00+00:00,0.72598,0.72895,0.7238,0.72518,80277
2022-03-02 00:00:00+00:00,0.72504,0.73067,0.72433,0.72963,88127
2022-03-03 00:00:00+00:00,0.72951,0.73477,0.72761,0.73286,73470
2022-03-04 00:00:00+00:00,0.73259,0.73806,0.73002,0.73739,93501
2022-03-07 00:00:00+00:00,0.73702,0.74413,0.73114,0.73163,125324
2022-03-08 00:00:00+00:00,0.73124,0.73481,0.72451,0.72695,120306
2022-03-09 00:00:00+00:00,0.72658,0.73372,0.7261,0.73213,77923
2022-03-10 00:00:00+00:00,0.73179,0.73674,0.72873,0.73584,76362
2022-03-11 00:00:00+00:00,0.7348,0.73669,0.72819,0.72938,72496
2022-03-14 00:00:00+00:00,0.72887,0.72982,0.7186,0.71903,65527
2022-03-15 00:00:00+00:00,0.71881,0.72276,0.71654,0.71949,67895
2022-03-16 00:00:00+00:00,0.71938,0.72968,0.71805,0.72875,82587
2022-03-17 00:00:00+00:00,0.72864,0.73931,0.72811,0.73753,68660
2022-03-18 00:00:00+00:00,0.73744,0.74178,0.73604,0.74124,55974
2022-03-21 00:00:00+00:00,0.74012,0.74243,0.73737,0.73966,48764
2022-03-22 00:00:00+00:00,0.73937,0.74711,0.73755,0.74644,52216
2022-03-23 00:00:00+00:00,0.74636,0.75074,0.74502,0.74967,55885
2022-03-24 00:00:00+00:00,0.7496,0.7528,0.74662,0.75112,62365
2022-03-25 00:00:00+00:00,0.751,0.75368,0.74947,0.75155,64123
2022-03-28 00:00:00+00:00,0.75,0.75404,0.74665,0.74883,77544
2022-03-29 00:00:00+00:00,0.74861,0.75186,0.74562,0.75083,85836
2022-03-30 00:00:00+00:00,0.75027,0.75367,0.74997,0.75094,70627
2022-03-31 00:00:00+00:00,0.75087,0.75251,0.74703,0.74809,77910
2022-04-01 00:00:00+00:00,0.74815,0.75249,0.74727,0.74954,63240
2022-04-04 00:00:00+00:00,0.74867,0.75564,0.74825,0.7542,49688
2022-04-05 00:00:00+00:00,0.75411,0.76614,0.75358,0.75778,63307
2022-04-06 00:00:00+00:00,0.7576,0.75935,0.74852,0.75084,75771
2022-04-07 00:00:00+00:00,0.75051,0.75185,0.74666,0.74791,64749
2022-04-08 00:00:00+00:00,0.74791,0.74928,0.74263,0.74589,56723
2022-04-11 00:00:00+00:00,0.74561,0.74648,0.74134,0.74165,60186
2022-04-12 00:00:00+00:00,0.74149,0.74936,0.73993,0.74549,70972
2022-04-13 00:00:00+00:00,0.7451,0.74746,0.73917,0.74511,68607
2022-04-14 00:00:00+00:00,0.74493,0.74683,0.73971,0.74175,65144
2022-04-15 00:00:00+00:00,0.74148,0.74182,0.739,0.73961,30584
2022-04-18 00:00:00+00:00,0.73889,0.74035,0.73428,0.73484,46043
2022-04-19 00:00:00+00:00,0.73467,0.74001,0.73403,0.73756,59359
2022-04-20 00:00:00+00:00,0.73732,0.74573,0.7369,0.745,62856
2022-04-21 00:00:00+00:00,0.74475,0.74581,0.73648,0.73706,63511
2022-04-22 00:00:00+00:00,0.73683,0.73766,0.72347,0.72431,73144
2022-04-25 00:00:00+00:00,0.72401,0.72537,0.71348,0.71777,101456
2022-04-26 00:00:00+00:00,0.7175,0.72288,0.71186,0.71218,84767
2022-04-27 00:00:00+00:00,0.71188,0.71906,0.71011,0.71255,101034
2022-04-28 00:00:00+00:00,0.71234,0.7162,0.7055,0.70954,108088
2022-04-29 00:00:00+00:00,0.70893,0.71798,0.70589,0.70598,87531
2022-05-02 00:00:00+00:00,0.70672,0.7082,0.70299,0.70503,90281
2022-05-03 00:00:00+00:00,0.70467,0.71474,0.70442,0.70959,83053
2022-05-04 00:00:00+00:00,0.70938,0.72649,0.70882,0.72587,91027
2022-05-05 00:00:00+00:00,0.72529,0.72658,0.70773,0.7112,119233
2022-05-06 00:00:00+00:00,0.71117,0.71351,0.70584,0.70704,145709
2022-05-09 00:00:00+00:00,0.70642,0.70693,0.69446,0.69498,122374
2022-05-10 00:00:00+00:00,0.69483,0.6986,0.69108,0.69347,143369
2022-05-11 00:00:00+00:00,0.69347,0.70534,0.69274,0.69328,130602
2022-05-12 00:00:00+00:00,0.69333,0.69526,0.68289,0.68534,151134
2022-05-13 00:00:00+00:00,0.68534,0.69404,0.68521,0.69394,92129
2022-05-16 00:00:00+00:00,0.69192,0.69825,0.68722,0.6968,100613
2022-05-17 00:00:00+00:00,0.6968,0.70409,0.69633,0.70259,93230
2022-05-18 00:00:00+00:00,0.70259,0.70463,0.69491,0.69519,84307
2022-05-19 00:00:00+00:00,0.69517,0.70723,0.69499,0.70463,132930
2022-05-20 00:00:00+00:00,0.7047,0.70737,0.70022,0.70461,99157
2022-05-23 00:00:00+00:00,0.70468,0.71272,0.7037,0.7105,97446
2022-05-24 00:00:00+00:00,0.7105,0.71134,0.70564,0.71064,102667
2022-05-25 00:00:00+00:00,0.71029,0.71189,0.70355,0.70882,105023
2022-05-26 00:00:00+00:00,0.70839,0.71093,0.70569,0.70957,86450
2022-05-27 00:00:00+00:00,0.70957,0.71665,0.70875,0.71583,73294
2022-05-30 00:00:00+00:00,0.71542,0.71997,0.7148,0.71964,58971
2022-05-31 00:00:00+00:00,0.71964,0.72039,0.71497,0.71763,93362
2022-06-01 00:00:00+00:00,0.71763,0.72299,0.71554,0.71753,91550
2022-06-02 00:00:00+00:00,0.71733,0.72695,0.71404,0.72646,77952
2022-06-03 00:00:00+00:00,0.72629,0.7283,0.72018,0.72076,79448
2022-06-06 00:00:00+00:00,0.72092,0.72318,0.71864,0.71913,54899
2022-06-07 00:00:00+00:00,0.71905,0.72475,0.71568,0.72311,88299
2022-06-08 00:00:00+00:00,0.72274,0.72345,0.71756,0.71907,79749
2022-06-09 00:00:00+00:00,0.71869,0.71977,0.70932,0.70963,91549
2022-06-10 00:00:00+00:00,0.7095,0.7138,0.70377,0.70432,96494
2022-06-13 00:00:00+00:00,0.70328,0.70597,0.69112,0.69226,132142
2022-06-14 00:00:00+00:00,0.69209,0.69706,0.68503,0.6871,143634
2022-06-15 00:00:00+00:00,0.68708,0.70243,0.68633,0.70019,154190
2022-06-16 00:00:00+00:00,0.69992,0.7069,0.69436,0.70445,152192
2022-06-17 00:00:00+00:00,0.7032,0.70515,0.68979,0.69366,138546
2022-06-20 00:00:00+00:00,0.69142,0.69957,0.69142,0.69516,86708
2022-06-21 00:00:00+00:00,0.69516,0.6994,0.69345,0.697,95295
2022-06-22 00:00:00+00:00,0.69692,0.69722,0.68815,0.69258,116026
2022-06-23 00:00:00+00:00,0.69232,0.6928,0.68688,0.68947,123732
2022-06-24 00:00:00+00:00,0.68908,0.69575,0.68817,0.69423,100851
2022-06-27 00:00:00+00:00,0.69412,0.69591,0.6907,0.69234,114043
2022-06-28 00:00:00+00:00,0.69217,0.69645,0.69036,0.69067,118383
2022-06-29 00:00:00+00:00,0.69075,0.692,0.68616,0.6877,121070
2022-06-30 00:00:00+00:00,0.6877,0.69191,0.68538,0.69018,118637
2022-07-01 00:00:00+00:00,0.68989,0.6904,0.67637,0.6815,144170
2022-07-04 00:00:00+00:00,0.68082,0.68887,0.67936,0.68647,89415
2022-07-05 00:00:00+00:00,0.68624,0.6895,0.67617,0.68025,130144
2022-07-06 00:00:00+00:00,0.68011,0.68261,0.6762,0.67801,157206
2022-07-07 00:00:00+00:00,0.67751,0.68484,0.67643,0.68381,103218
2022-07-08 00:00:00+00:00,0.68355,0.68743,0.67917,0.68524,122238
2022-07-11 00:00:00+00:00,0.68382,0.68543,0.67145,0.67326,109460
2022-07-12 00:00:00+00:00,0.6732,0.67788,0.67108,0.67576,114488
2022-07-13 00:00:00+00:00,0.675,0.68032,0.67253,0.67594,125760
2022-07-14 00:00:00+00:00,0.67562,0.67879,0.66814,0.67489,146889
2022-07-15 00:00:00+00:00,0.67463,0.68062,0.6719,0.67918,108498
2022-07-18 00:00:00+00:00,0.67783,0.68541,0.67783,0.68118,93503
2022-07-19 00:00:00+00:00,0.68109,0.69126,0.68026,0.68976,95029
2022-07-20 00:00:00+00:00,0.68927,0.69304,0.68728,0.68865,97569
2022-07-21 00:00:00+00:00,0.68845,0.69358,0.6859,0.69337,125151
2022-07-22 00:00:00+00:00,0.69313,0.69775,0.68932,0.6925,108858
2022-07-25 00:00:00+00:00,0.69172,0.69652,0.68781,0.69555,96307
2022-07-26 00:00:00+00:00,0.69521,0.69831,0.69217,0.69384,85644
2022-07-27 00:00:00+00:00,0.69363,0.70125,0.69118,0.69913,98596
2022-07-28 00:00:00+00:00,0.69898,0.70138,0.6955,0.69893,104709
2022-07-29 00:00:00+00:00,0.69893,0.70317,0.69107,0.6993,101526
2022-08-01 00:00:00+00:00,0.69687,0.7047,0.69685,0.70251,85628
2022-08-02 00:00:00+00:00,0.7017,0.70323,0.69124,0.69189,114847
2022-08-03 00:00:00+00:00,0.6916,0.69558,0.68862,0.69488,102861
2022-08-04 00:00:00+00:00,0.69453,0.69899,0.6935,0.69696,84648
2022-08-05 00:00:00+00:00,0.69671,0.69749,0.68697,0.69102,89333
2022-08-08 00:00:00+00:00,0.69012,0.70095,0.6898,0.69846,77514
2022-08-09 00:00:00+00:00,0.69767,0.69945,0.69528,0.69647,66008
2022-08-10 00:00:00+00:00,0.69647,0.7109,0.69468,0.70816,88976
2022-08-11 00:00:00+00:00,0.70807,0.71368,0.7063,0.7104,86372
2022-08-12 00:00:00+00:00,0.71005,0.71281,0.70848,0.71217,76416
2022-08-15 00:00:00+00:00,0.71082,0.7125,0.70112,0.7022,74902
2022-08-16 00:00:00+00:00,0.70201,0.70402,0.69911,0.70211,82259
2022-08-17 00:00:00+00:00,0.70185,0.70264,0.69109,0.69361,102998
2022-08-18 00:00:00+00:00,0.69334,0.697,0.68989,0.69146,95284
2022-08-19 00:00:00+00:00,0.69122,0.69196,0.68591,0.68727,79882
2022-08-22 00:00:00+00:00,0.68593,0.6929,0.68593,0.68759,78124
2022-08-23 00:00:00+00:00,0.68742,0.69632,0.6856,0.69284,98737
2022-08-24 00:00:00+00:00,0.69272,0.69313,0.68789,0.69079,76317
2022-08-25 00:00:00+00:00,0.69045,0.69912,0.69007,0.69803,87085
2022-08-26 00:00:00+00:00,0.69791,0.70092,0.6888,0.68904,106547
2022-08-29 00:00:00+00:00,0.68781,0.69261,0.68409,0.6901,110434
2022-08-30 00:00:00+00:00,0.6901,0.69562,0.68454,0.68539,110361
2022-08-31 00:00:00+00:00,0.68539,0.69039,0.68348,0.68415,103175
2022-09-01 00:00:00+00:00,0.68415,0.68455,0.67712,0.67874,113916
2022-09-02 00:00:00+00:00,0.67861,0.68552,0.67751,0.6807,101233
2022-09-05 00:00:00+00:00,0.67766,0.68039,0.67727,0.67967,70727
2022-09-06 00:00:00+00:00,0.67908,0.68324,0.67277,0.67346,111538
2022-09-07 00:00:00+00:00,0.67346,0.67695,0.66984,0.6768,95881
2022-09-08 00:00:00+00:00,0.67667,0.67737,0.67131,0.67508,123584
2022-09-09 00:00:00+00:00,0.67508,0.68771,0.67439,0.68455,90851
2022-09-12 00:00:00+00:00,0.68237,0.68996,0.6822,0.68863,84345
2022-09-13 00:00:00+00:00,0.68863,0.69162,0.67265,0.67307,94969
2022-09-14 00:00:00+00:00,0.67307,0.67602,0.67052,0.67478,92475
2022-09-15 00:00:00+00:00,0.67478,0.67701,0.66958,0.67024,55506
2022-09-16 00:00:00+00:00,0.67024,0.67243,0.66698,0.67173,58893
2022-09-19 00:00:00+00:00,0.67112,0.67337,0.66721,0.67263,43412
2022-09-20 00:00:00+00:00,0.67244,0.67473,0.66765,0.66883,54427
2022-09-21 00:00:00+00:00,0.66833,0.67047,0.66213,0.66309,81145
2022-09-22 00:00:00+00:00,0.66312,0.66707,0.65739,0.66438,90966
2022-09-23 00:00:00+00:00,0.66424,0.66558,0.65111,0.65285,81089
2022-09-26 00:00:00+00:00,0.65152,0.65375,0.64377,0.64551,125561
2022-09-27 00:00:00+00:00,0.64418,0.65129,0.64138,0.6434,92370
2022-09-28 00:00:00+00:00,0.64325,0.65307,0.63629,0.65213,129104
2022-09-29 00:00:00+00:00,0.65197,0.65243,0.64357,0.64997,110306
2022-09-30 00:00:00+00:00,0.64955,0.65239,0.63908,0.63985,109444
2022-10-03 00:00:00+00:00,0.64001,0.6522,0.63977,0.65147,81711
2022-10-04 00:00:00+00:00,0.65132,0.65474,0.64505,0.65013,82937
2022-10-05 00:00:00+00:00,0.64878,0.65261,0.64165,0.64892,84178
2022-10-06 00:00:00+00:00,0.64863,0.65406,0.63888,0.64051,96781
2022-10-07 00:00:00+00:00,0.64025,0.64326,0.6354,0.63603,84991
2022-10-10 00:00:00+00:00,0.63647,0.63802,0.62748,0.62986,114271
2022-10-11 00:00:00+00:00,0.62967,0.6346,0.62474,0.62715,135863
2022-10-12 00:00:00+00:00,0.62655,0.62988,0.62351,0.6277,134567
2022-10-13 00:00:00+00:00,0.62749,0.63164,0.61703,0.62979,122921
2022-10-14 00:00:00+00:00,0.62967,0.63471,0.61939,0.62032,105739
2022-10-17 00:00:00+00:00,0.6205,0.63121,0.62015,0.62888,111193
2022-10-18 00:00:00+00:00,0.62886,0.63398,0.62657,0.63086,120985
2022-10-19 00:00:00+00:00,0.63035,0.63253,0.62512,0.627,110308
2022-10-20 00:00:00+00:00,0.62598,0.63561,0.62286,0.62819,126154
2022-10-21 00:00:00+00:00,0.62811,0.63928,0.62102,0.63795,146075
2022-10-24 00:00:00+00:00,0.63843,0.64104,0.62724,0.63114,150361
2022-10-25 00:00:00+00:00,0.63114,0.64123,0.63036,0.6393,124116
2022-10-26 00:00:00+00:00,0.63926,0.65111,0.63672,0.64963,129481
2022-10-27 00:00:00+00:00,0.64948,0.65222,0.64255,0.64519,99183
2022-10-28 00:00:00+00:00,0.64449,0.64795,0.63892,0.64118,99274
2022-10-31 00:00:00+00:00,0.63977,0.6428,0.63681,0.63955,119572
2022-11-01 00:00:00+00:00,0.63947,0.64639,0.6377,0.63946,139670
2022-11-02 00:00:00+00:00,0.63945,0.6492,0.63475,0.6352,144309
2022-11-03 00:00:00+00:00,0.63518,0.63722,0.62724,0.62892,137173
2022-11-04 00:00:00+00:00,0.6289,0.64827,0.6285,0.64718,158236
2022-11-07 00:00:00+00:00,0.64149,0.64907,0.64065,0.64791,144947
2022-11-08 00:00:00+00:00,0.64755,0.65512,0.64443,0.65053,111334
2022-11-09 00:00:00+00:00,0.65058,0.65223,0.64141,0.64303,103898
2022-11-10 00:00:00+00:00,0.64274,0.66313,0.63864,0.66188,116863
2022-11-11 00:00:00+00:00,0.66151,0.67169,0.65776,0.67065,130475
2022-11-14 00:00:00+00:00,0.66987,0.67237,0.66638,0.67009,141953
2022-11-15 00:00:00+00:00,0.66971,0.67978,0.66856,0.67584,183546
2022-11-16 00:00:00+00:00,0.67554,0.67927,0.67197,0.6741,148939
2022-11-17 00:00:00+00:00,0.67379,0.67512,0.66342,0.66884,131469
2022-11-18 00:00:00+00:00,0.66847,0.67304,0.66602,0.66689,115237
2022-11-21 00:00:00+00:00,0.66576,0.66831,0.65849,0.66047,111008
2022-11-22 00:00:00+00:00,0.66015,0.66515,0.65924,0.66481,99917
2022-11-23 00:00:00+00:00,0.66453,0.67388,0.6634,0.67322,115761
2022-11-24 00:00:00+00:00,0.67281,0.67783,0.67221,0.67639,83026
2022-11-25 00:00:00+00:00,0.67624,0.6781,0.67206,0.67504,105503
2022-11-28 00:00:00+00:00,0.67152,0.67275,0.66419,0.66513,117990
2022-11-29 00:00:00+00:00,0.66512,0.67489,0.66403,0.66876,103462
2022-11-30 00:00:00+00:00,0.66856,0.6801,0.66702,0.67878,103860
2022-12-01 00:00:00+00:00,0.67844,0.68446,0.67792,0.68105,112460
2022-12-02 00:00:00+00:00,0.68079,0.68362,0.67429,0.67933,126605
2022-12-05 00:00:00+00:00,0.67774,0.68508,0.6687,0.66971,111324
2022-12-06 00:00:00+00:00,0.66958,0.67445,0.6681,0.66873,107928
2022-12-07 00:00:00+00:00,0.66844,0.67421,0.66688,0.67237,117113
2022-12-08 00:00:00+00:00,0.67215,0.6781,0.66982,0.6769,97700
2022-12-09 00:00:00+00:00,0.6763,0.68138,0.67425,0.67965,98953
2022-12-12 00:00:00+00:00,0.67834,0.68022,0.67289,0.67465,92108
2022-12-13 00:00:00+00:00,0.67436,0.68933,0.67396,0.68553,134920
2022-12-14 00:00:00+00:00,0.68545,0.68813,0.68098,0.68629,132072
2022-12-15 00:00:00+00:00,0.68629,0.68697,0.66764,0.67007,124358
2022-12-16 00:00:00+00:00,0.66994,0.6736,0.66753,0.66871,98795
2022-12-19 00:00:00+00:00,0.6696,0.67327,0.66824,0.66998,95694
2022-12-20 00:00:00+00:00,0.66989,0.67438,0.66293,0.66777,148048
2022-12-21 00:00:00+00:00,0.66791,0.67283,0.66565,0.67062,109437
2022-12-22 00:00:00+00:00,0.67058,0.67674,0.665,0.66709,99418
2022-12-23 00:00:00+00:00,0.66697,0.6725,0.66583,0.67137,99632
2022-12-26 00:00:00+00:00,0.67184,0.67296,0.67037,0.67253,4573
2022-12-27 00:00:00+00:00,0.67207,0.6776,0.67186,0.67331,83652
2022-12-28 00:00:00+00:00,0.67328,0.6801,0.67192,0.67386,91078
2022-12-29 00:00:00+00:00,0.67314,0.67876,0.67104,0.67761,78622
2022-12-30 00:00:00+00:00,0.67736,0.68209,0.67534,0.68149,97744
2023-01-02 00:00:00+00:00,0.68075,0.6819,0.6788,0.68007,9774
2023-01-03 00:00:00+00:00,0.68007,0.68347,0.6688,0.67259,112558
2023-01-04 00:00:00+00:00,0.67255,0.68865,0.67166,0.68374,118591
2023-01-05 00:00:00+00:00,0.68347,0.68452,0.67352,0.67507,116507
2023-01-06 00:00:00+00:00,0.67495,0.68867,0.67223,0.68755,122641
2023-01-09 00:00:00+00:00,0.68773,0.69499,0.68739,0.69125,108123
2023-01-10 00:00:00+00:00,0.69111,0.69279,0.68598,0.68914,111311
2023-01-11 00:00:00+00:00,0.68855,0.69256,0.6873,0.69053,90596
2023-01-12 00:00:00+00:00,0.68957,0.69846,0.68766,0.69668,130630
2023-01-13 00:00:00+00:00,0.69622,0.69941,0.69153,0.69747,107932
2023-01-16 00:00:00+00:00,0.69669,0.70191,0.69408,0.69543,71539
2023-01-17 00:00:00+00:00,0.69519,0.69973,0.69297,0.69864,98639
2023-01-18 00:00:00+00:00,0.69849,0.70635,0.69355,0.69406,134329
2023-01-19 00:00:00+00:00,0.69394,0.6948,0.6872,0.69094,96698
2023-01-20 00:00:00+00:00,0.69083,0.69736,0.69053,0.69677,84272
2023-01-23 00:00:00+00:00,0.69593,0.70399,0.69567,0.70278,90910
2023-01-24 00:00:00+00:00,0.70258,0.70581,0.69934,0.70449,89697
2023-01-25 00:00:00+00:00,0.70455,0.71229,0.70235,0.71031,100598
2023-01-26 00:00:00+00:00,0.71014,0.71424,0.70793,0.71141,92759
2023-01-27 00:00:00+00:00,0.71098,0.71296,0.70824,0.71082,80084
2023-01-30 00:00:00+00:00,0.7098,0.71203,0.70511,0.70593,83918
2023-01-31 00:00:00+00:00,0.70557,0.70649,0.69838,0.70537,96037
2023-02-01 00:00:00+00:00,0.70531,0.71446,0.70365,0.71363,102658
2023-02-02 00:00:00+00:00,0.71295,0.71577,0.70687,0.70763,120133
2023-02-03 00:00:00+00:00,0.70736,0.70799,0.6919,0.69217,132885
2023-02-06 00:00:00+00:00,0.68923,0.69486,0.68556,0.68827,115257
2023-02-07 00:00:00+00:00,0.68803,0.69883,0.6876,0.6959,137729
2023-02-08 00:00:00+00:00,0.69543,0.69964,0.69188,0.69228,110048
2023-02-09 00:00:00+00:00,0.69188,0.70113,0.69187,0.69359,101641
2023-02-10 00:00:00+00:00,0.69315,0.69602,0.69091,0.69195,120343
2023-02-13 00:00:00+00:00,0.6916,0.69736,0.68903,0.69651,99717
2023-02-14 00:00:00+00:00,0.69641,0.70294,0.69215,0.69865,148928
2023-02-15 00:00:00+00:00,0.69816,0.69889,0.68646,0.69027,113065
2023-02-16 00:00:00+00:00,0.68994,0.6936,0.68403,0.68778,130159
2023-02-17 00:00:00+00:00,0.68778,0.68843,0.68118,0.68778,114982
2023-02-20 00:00:00+00:00,0.68667,0.69206,0.68626,0.69091,73159
2023-02-21 00:00:00+00:00,0.69042,0.69199,0.68472,0.68557,107226
2023-02-22 00:00:00+00:00,0.6851,0.6865,0.67946,0.68038,104218
2023-02-23 00:00:00+00:00,0.67975,0.6842,0.67815,0.68076,90457
2023-02-24 00:00:00+00:00,0.68031,0.68241,0.67185,0.67249,102444
2023-02-27 00:00:00+00:00,0.67277,0.67447,0.66982,0.6739,80584
2023-02-28 00:00:00+00:00,0.67374,0.67577,0.67038,0.67289,85890
2023-03-01 00:00:00+00:00,0.67276,0.67837,0.66952,0.67585,104545
2023-03-02 00:00:00+00:00,0.67576,0.6766,0.67066,0.67295,95940
2023-03-03 00:00:00+00:00,0.67289,0.67747,0.67211,0.67681,81833
2023-03-06 00:00:00+00:00,0.67468,0.67696,0.67163,0.67314,73491
2023-03-07 00:00:00+00:00,0.67295,0.67481,0.65811,0.65876,101019
2023-03-08 00:00:00+00:00,0.65826,0.66289,0.6568,0.65884,80379
2023-03-09 00:00:00+00:00,0.65882,0.66364,0.65762,0.65897,71560
2023-03-10 00:00:00+00:00,0.65886,0.66403,0.65641,0.65817,144119
2023-03-13 00:00:00+00:00,0.66011,0.67168,0.65993,0.66646,223227
2023-03-14 00:00:00+00:00,0.66641,0.66961,0.66317,0.66798,157685
2023-03-15 00:00:00+00:00,0.66801,0.67116,0.65899,0.66122,170722
2023-03-16 00:00:00+00:00,0.66141,0.66683,0.66112,0.66532,152230
2023-03-17 00:00:00+00:00,0.66516,0.6725,0.66487,0.66987,104331
2023-03-20 00:00:00+00:00,0.67139,0.67301,0.66659,0.67171,115167
2023-03-21 00:00:00+00:00,0.67153,0.67264,0.66497,0.66689,82032
2023-03-22 00:00:00+00:00,0.66689,0.67589,0.66614,0.66833,95667
2023-03-23 00:00:00+00:00,0.66816,0.67555,0.66696,0.66865,101919
2023-03-24 00:00:00+00:00,0.66863,0.66944,0.66251,0.66437,96519
2023-03-27 00:00:00+00:00,0.66487,0.66659,0.6634,0.66494,75489
2023-03-28 00:00:00+00:00,0.66486,0.67102,0.66441,0.67063,68569
2023-03-29 00:00:00+00:00,0.67072,0.67133,0.66615,0.66845,71859
2023-03-30 00:00:00+00:00,0.66832,0.67184,0.66615,0.67114,65927
2023-03-31 00:00:00+00:00,0.67107,0.6738,0.66704,0.66857,68916
2023-04-03 00:00:00+00:00,0.66813,0.679,0.66511,0.67859,87095
2023-04-04 00:00:00+00:00,0.67847,0.67934,0.67206,0.67527,78419
2023-04-05 00:00:00+00:00,0.67502,0.67798,0.6677,0.67214,80194
2023-04-06 00:00:00+00:00,0.67198,0.67254,0.66531,0.66715,59268
2023-04-07 00:00:00+00:00,0.66707,0.66914,0.66408,0.66654,31732
2023-04-10 00:00:00+00:00,0.66609,0.66803,0.66194,0.6642,47405
2023-04-11 00:00:00+00:00,0.66403,0.66798,0.66198,0.66538,61369
2023-04-12 00:00:00+00:00,0.66524,0.67235,0.66451,0.66931,63675
2023-04-13 00:00:00+00:00,0.66918,0.67967,0.66841,0.67839,63295
2023-04-14 00:00:00+00:00,0.67819,0.68057,0.6695,0.67097,74896
2023-04-17 00:00:00+00:00,0.66985,0.67192,0.66809,0.6702,60713
2023-04-18 00:00:00+00:00,0.67001,0.67475,0.66902,0.67277,63590
2023-04-19 00:00:00+00:00,0.67266,0.67414,0.66901,0.67135,59601
2023-04-20 00:00:00+00:00,0.67129,0.67719,0.6697,0.6742,62124
2023-04-21 00:00:00+00:00,0.67405,0.67456,0.66778,0.66928,52023
2023-04-24 00:00:00+00:00,0.66919,0.66978,0.66656,0.66949,48164
2023-04-25 00:00:00+00:00,0.66949,0.67056,0.66143,0.66255,50960
2023-04-26 00:00:00+00:00,0.66246,0.66392,0.65915,0.66037,63924
2023-04-27 00:00:00+00:00,0.66019,0.66355,0.65934,0.66298,62141
2023-04-28 00:00:00+00:00,0.66298,0.66422,0.65737,0.66152,71141
2023-05-01 00:00:00+00:00,0.66079,0.66682,0.66067,0.66304,54231
2023-05-02 00:00:00+00:00,0.66288,0.67172,0.66207,0.66633,69302
2023-05-03 00:00:00+00:00,0.66616,0.67031,0.66493,0.66745,70142
2023-05-04 00:00:00+00:00,0.66716,0.67062,0.66402,0.66933,88104
2023-05-05 00:00:00+00:00,0.66919,0.6757,0.66907,0.6753,63714
2023-05-08 00:00:00+00:00,0.67407,0.68037,0.67401,0.67803,47677
2023-05-09 00:00:00+00:00,0.67793,0.67869,0.67465,0.67618,45748
2023-05-10 00:00:00+00:00,0.67615,0.68183,0.67441,0.67784,61299
2023-05-11 00:00:00+00:00,0.67779,0.67961,0.6689,0.6702,65854
2023-05-12 00:00:00+00:00,0.6701,0.67064,0.66361,0.66412,52758
2023-05-15 00:00:00+00:00,0.66441,0.67089,0.66412,0.66996,47349
2023-05-16 00:00:00+00:00,0.66986,0.67097,0.66512,0.66547,52012
2023-05-17 00:00:00+00:00,0.66542,0.66732,0.6629,0.66589,52974
2023-05-18 00:00:00+00:00,0.66583,0.66677,0.6605,0.6623,53996
2023-05-19 00:00:00+00:00,0.662,0.66751,0.66058,0.66497,63387
2023-05-22 00:00:00+00:00,0.66432,0.66678,0.66272,0.66518,58342
2023-05-23 00:00:00+00:00,0.66503,0.6662,0.66074,0.66099,58578
2023-05-24 00:00:00+00:00,0.66084,0.66154,0.65298,0.65431,66135
2023-05-25 00:00:00+00:00,0.65426,0.65458,0.64985,0.65047,62341
2023-05-26 00:00:00+00:00,0.65039,0.65443,0.64905,0.65178,58192
2023-05-29 00:00:00+00:00,0.65186,0.65543,0.65177,0.65395,32111
2023-05-30 00:00:00+00:00,0.65379,0.65594,0.6503,0.65181,60778
2023-05-31 00:00:00+00:00,0.6516,0.65392,0.64583,0.65035,69360
2023-06-01 00:00:00+00:00,0.65026,0.65815,0.64845,0.65726,60523
2023-06-02 00:00:00+00:00,0.65722,0.66387,0.65597,0.66048,59894
2023-06-05 00:00:00+00:00,0.65998,0.66377,0.65795,0.66177,66015
2023-06-06 00:00:00+00:00,0.66155,0.66856,0.66098,0.66713,56422
2023-06-07 00:00:00+00:00,0.66705,0.67174,0.66416,0.6652,58525
2023-06-08 00:00:00+00:00,0.66507,0.67182,0.66463,0.67141,49916
2023-06-09 00:00:00+00:00,0.67141,0.67508,0.66927,0.67422,48839
2023-06-12 00:00:00+00:00,0.67291,0.67735,0.67291,0.67509,50644
2023-06-13 00:00:00+00:00,0.67491,0.68071,0.67364,0.67664,65001
2023-06-14 00:00:00+00:00,0.6765,0.68356,0.67551,0.67978,63609
2023-06-15 00:00:00+00:00,0.67937,0.68929,0.67663,0.68826,60104
2023-06-16 00:00:00+00:00,0.68815,0.68998,0.68551,0.68745,61221
2023-06-19 00:00:00+00:00,0.68761,0.68826,0.6834,0.68493,46907
2023-06-20 00:00:00+00:00,0.68485,0.68547,0.67531,0.67816,69845
2023-06-21 00:00:00+00:00,0.67818,0.68045,0.6741,0.67956,73234
2023-06-22 00:00:00+00:00,0.67956,0.68062,0.67446,0.67535,67898
2023-06-23 00:00:00+00:00,0.67444,0.67677,0.66629,0.66754,68169
2023-06-26 00:00:00+00:00,0.66767,0.66938,0.66676,0.6674,61707
2023-06-27 00:00:00+00:00,0.6674,0.67207,0.66594,0.66851,82680
2023-06-28 00:00:00+00:00,0.66849,0.66893,0.65969,0.65995,79203
2023-06-29 00:00:00+00:00,0.65976,0.66405,0.65953,0.6615,75311
2023-06-30 00:00:00+00:00,0.66147,0.66715,0.66034,0.66559,75549
2023-07-03 00:00:00+00:00,0.66592,0.66919,0.6637,0.66713,57278
2023-07-04 00:00:00+00:00,0.66684,0.67054,0.66416,0.66907,39790
2023-07-05 00:00:00+00:00,0.66877,0.66985,0.66529,0.66536,49759
2023-07-06 00:00:00+00:00,0.66526,0.66879,0.65991,0.66239,66618
2023-07-07 00:00:00+00:00,0.66242,0.67008,0.66116,0.66918,68292
2023-07-10 00:00:00+00:00,0.6679,0.6696,0.66236,0.66741,52482
2023-07-11 00:00:00+00:00,0.66737,0.6695,0.66509,0.66863,60500
2023-07-12 00:00:00+00:00,0.66783,0.6796,0.66754,0.67832,87256
2023-07-13 00:00:00+00:00,0.67763,0.68947,0.67753,0.68876,70357
2023-07-14 00:00:00+00:00,0.68872,0.68951,0.68353,0.68357,66930
2023-07-17 00:00:00+00:00,0.68405,0.68418,0.67876,0.68123,57787
2023-07-18 00:00:00+00:00,0.68117,0.68373,0.67891,0.681,81983
2023-07-19 00:00:00+00:00,0.68097,0.682,0.67502,0.67709,79332
2023-07-20 00:00:00+00:00,0.67715,0.68467,0.67545,0.67769,78695
2023-07-21 00:00:00+00:00,0.67774,0.67879,0.67225,0.67288,59088
2023-07-24 00:00:00+00:00,0.67279,0.67561,0.67151,0.67381,70632
2023-07-25 00:00:00+00:00,0.67375,0.6795,0.67229,0.67916,63397
2023-07-26 00:00:00+00:00,0.67897,0.67926,0.67294,0.6757,82806
2023-07-27 00:00:00+00:00,0.67505,0.68212,0.66981,0.6708,93739
2023-07-28 00:00:00+00:00,0.67007,0.67136,0.66227,0.66459,92207
2023-07-31 00:00:00+00:00,0.66425,0.67396,0.66425,0.67166,66217
2023-08-01 00:00:00+00:00,0.6714,0.67236,0.6602,0.66128,68257
2023-08-02 00:00:00+00:00,0.66084,0.66298,0.6527,0.6538,70311
2023-08-03 00:00:00+00:00,0.65357,0.65685,0.65142,0.6549,80406
2023-08-04 00:00:00+00:00,0.65497,0.66095,0.65358,0.6564,82379
2023-08-07 00:00:00+00:00,0.65698,0.65929,0.65552,0.65724,54503
2023-08-08 00:00:00+00:00,0.6572,0.6576,0.64967,0.65425,65608
2023-08-09 00:00:00+00:00,0.65424,0.65712,0.65201,0.65271,65131
2023-08-10 00:00:00+00:00,0.65272,0.66165,0.65137,0.6514,87052
2023-08-11 00:00:00+00:00,0.65153,0.65336,0.64859,0.64942,69598
2023-08-14 00:00:00+00:00,0.64947,0.6503,0.6454,0.64856,65792
2023-08-15 00:00:00+00:00,0.64854,0.6522,0.64514,0.64542,96379
2023-08-16 00:00:00+00:00,0.64539,0.64806,0.64157,0.64225,79817
2023-08-17 00:00:00+00:00,0.64227,0.64506,0.63643,0.64031,91004
2023-08-18 00:00:00+00:00,0.64029,0.64289,0.63791,0.64025,73377
2023-08-21 00:00:00+00:00,0.6408,0.64214,0.63872,0.64129,67479
2023-08-22 00:00:00+00:00,0.64126,0.64579,0.64033,0.64225,69578
2023-08-23 00:00:00+00:00,0.64226,0.64815,0.6411,0.64795,68877
2023-08-24 00:00:00+00:00,0.64796,0.64882,0.64122,0.6416,67474
2023-08-25 00:00:00+00:00,0.6415,0.64413,0.63798,0.64019,82601
2023-08-28 00:00:00+00:00,0.6405,0.64395,0.64019,0.64279,53598
2023-08-29 00:00:00+00:00,0.64164,0.64868,0.64013,0.64788,73338
2023-08-30 00:00:00+00:00,0.64787,0.65221,0.64494,0.64739,75128
2023-08-31 00:00:00+00:00,0.64737,0.65079,0.64612,0.64831,73469
2023-09-01 00:00:00+00:00,0.64829,0.65217,0.64384,0.64444,92139
2023-09-04 00:00:00+00:00,0.64402,0.64806,0.64388,0.64593,37721
2023-09-05 00:00:00+00:00,0.64485,0.64646,0.63576,0.63772,86486
2023-09-06 00:00:00+00:00,0.63768,0.64047,0.63573,0.63803,78137
2023-09-07 00:00:00+00:00,0.63662,0.6395,0.63622,0.63749,65977
2023-09-08 00:00:00+00:00,0.63753,0.64148,0.63637,0.6376,59811
2023-09-11 00:00:00+00:00,0.63823,0.64495,0.63721,0.64307,65471
2023-09-12 00:00:00+00:00,0.64246,0.644,0.64085,0.64244,49941
2023-09-13 00:00:00+00:00,0.64111,0.64342,0.638,0.642,72064
2023-09-14 00:00:00+00:00,0.64141,0.64598,0.64133,0.64384,82253
2023-09-15 00:00:00+00:00,0.64396,0.64735,0.64242,0.64282,57795
2023-09-18 00:00:00+00:00,0.64341,0.64491,0.64167,0.64354,47733
2023-09-19 00:00:00+00:00,0.6431,0.64739,0.64263,0.6452,50668
2023-09-20 00:00:00+00:00,0.64505,0.65112,0.64395,0.64471,66160
2023-09-21 00:00:00+00:00,0.64352,0.64558,0.63855,0.64142,63400
2023-09-22 00:00:00+00:00,0.64112,0.64652,0.64038,0.64401,49729
2023-09-25 00:00:00+00:00,0.64372,0.64467,0.64043,0.6422,35224
2023-09-26 00:00:00+00:00,0.64082,0.64305,0.63874,0.63957,43486
2023-09-27 00:00:00+00:00,0.63919,0.64092,0.63312,0.63512,46903
2023-09-28 00:00:00+00:00,0.63522,0.64323,0.63447,0.64256,57963
2023-09-29 00:00:00+00:00,0.64264,0.6501,0.64075,0.64297,56810
2023-10-02 00:00:00+00:00,0.64225,0.64451,0.63615,0.63629,49693
2023-10-03 00:00:00+00:00,0.63628,0.63672,0.62855,0.63003,69603
2023-10-04 00:00:00+00:00,0.63013,0.63423,0.62864,0.63234,67556
2023-10-05 00:00:00+00:00,0.63213,0.63777,0.63183,0.63686,71074
2023-10-06 00:00:00+00:00,0.63686,0.64003,0.63122,0.63835,90725
2023-10-09 00:00:00+00:00,0.63524,0.64147,0.63428,0.64105,69862
2023-10-10 00:00:00+00:00,0.6407,0.6433,0.63901,0.643,81749
2023-10-11 00:00:00+00:00,0.64304,0.64453,0.6388,0.64125,80045
2023-10-12 00:00:00+00:00,0.63992,0.6431,0.6307,0.63137,81034
2023-10-13 00:00:00+00:00,0.63137,0.63344,0.62864,0.62958,73193
2023-10-16 00:00:00+00:00,0.62878,0.63447,0.62878,0.63407,49230
2023-10-17 00:00:00+00:00,0.63425,0.63794,0.63299,0.63646,67149
2023-10-18 00:00:00+00:00,0.63627,0.6393,0.63277,0.63357,57763
2023-10-19 00:00:00+00:00,0.63358,0.63563,0.62956,0.63272,79056
2023-10-20 00:00:00+00:00,0.63274,0.63288,0.62969,0.63115,53855
2023-10-23 00:00:00+00:00,0.63129,0.63484,0.62886,0.63344,50453
2023-10-24 00:00:00+00:00,0.63358,0.63788,0.63286,0.63534,57394
2023-10-25 00:00:00+00:00,0.63463,0.63994,0.63049,0.63084,62752
2023-10-26 00:00:00+00:00,0.63083,0.63303,0.62699,0.63203,71251
2023-10-27 00:00:00+00:00,0.63199,0.63677,0.63177,0.63333,57083
2023-10-30 00:00:00+00:00,0.63363,0.63835,0.63319,0.63687,43225
2023-10-31 00:00:00+00:00,0.63693,0.63737,0.63142,0.6336,58778
2023-11-01 00:00:00+00:00,0.63363,0.63991,0.63177,0.63978,72610
2023-11-02 00:00:00+00:00,0.63979,0.64555,0.63966,0.64332,51211
2023-11-03 00:00:00+00:00,0.64331,0.6518,0.64194,0.65121,60854
2023-11-06 00:00:00+00:00,0.65049,0.65225,0.64847,0.64875,39318
2023-11-07 00:00:00+00:00,0.64877,0.65015,0.64035,0.64348,38525
2023-11-08 00:00:00+00:00,0.64231,0.6449,0.6397,0.64007,35074
2023-11-09 00:00:00+00:00,0.64006,0.64281,0.6363,0.63649,42647
2023-11-10 00:00:00+00:00,0.63647,0.63683,0.63383,0.63596,40047
2023-11-13 00:00:00+00:00,0.63495,0.6391,0.63446,0.63756,36113
2023-11-14 00:00:00+00:00,0.63683,0.65121,0.63601,0.65059,57868
2023-11-15 00:00:00+00:00,0.65043,0.65424,0.64829,0.65068,61255
2023-11-16 00:00:00+00:00,0.65003,0.65164,0.64604,0.64661,51252
2023-11-17 00:00:00+00:00,0.64622,0.65155,0.64522,0.65138,40896
2023-11-20 00:00:00+00:00,0.65038,0.65644,0.65005,0.6555,42778
2023-11-21 00:00:00+00:00,0.65524,0.65892,0.6544,0.65546,47111
2023-11-22 00:00:00+00:00,0.6558,0.65693,0.6521,0.65408,45125
2023-11-23 00:00:00+00:00,0.6535,0.65741,0.6531,0.65552,17998
2023-11-24 00:00:00+00:00,0.65482,0.65906,0.65482,0.65808,18716
2023-11-27 00:00:00+00:00,0.6578,0.66136,0.65665,0.66061,24131
2023-11-28 00:00:00+00:00,0.66058,0.66653,0.65962,0.66469,28754
2023-11-29 00:00:00+00:00,0.66475,0.66758,0.66054,0.66156,32782
2023-11-30 00:00:00+00:00,0.66086,0.66501,0.65707,0.66037,48912
2023-12-01 00:00:00+00:00,0.66017,0.66754,0.65995,0.6675,40904
2023-12-04 00:00:00+00:00,0.66627,0.66898,0.66047,0.66183,39248
2023-12-05 00:00:00+00:00,0.66178,0.66216,0.65441,0.65504,45220
2023-12-06 00:00:00+00:00,0.65443,0.6597,0.65406,0.65472,35695
2023-12-07 00:00:00+00:00,0.65464,0.66195,0.65254,0.65951,43619
2023-12-08 00:00:00+00:00,0.6593,0.66195,0.65581,0.65725,44829
2023-12-11 00:00:00+00:00,0.65665,0.65826,0.65499,0.65675,33911
2023-12-12 00:00:00+00:00,0.65675,0.66121,0.65397,0.65582,32491
2023-12-13 00:00:00+00:00,0.65567,0.6673,0.65413,0.666,37434
2023-12-14 00:00:00+00:00,0.66581,0.67282,0.66517,0.66973,52676
2023-12-15 00:00:00+00:00,0.66927,0.67283,0.66631,0.67,66425
2023-12-18 00:00:00+00:00,0.6697,0.67352,0.66901,0.6705,56272
2023-12-19 00:00:00+00:00,0.67028,0.67745,0.67004,0.6761,60200
2023-12-20 00:00:00+00:00,0.67623,0.67789,0.67231,0.67296,65100
2023-12-21 00:00:00+00:00,0.6729,0.68029,0.67149,0.68007,67061
2023-12-22 00:00:00+00:00,0.68008,0.68248,0.6773,0.67956,65790
2023-12-25 00:00:00+00:00,0.6792,0.67927,0.67792,0.67883,109
2023-12-26 00:00:00+00:00,0.68018,0.68267,0.6787,0.68233,31910
2023-12-27 00:00:00+00:00,0.68234,0.68515,0.68153,0.68454,45330
2023-12-28 00:00:00+00:00,0.68434,0.6871,0.68239,0.68272,56336
2023-12-29 00:00:00+00:00,0.68234,0.6846,0.67811,0.68069,55669
2024-01-02 00:00:00+00:00,0.68069,0.68388,0.67563,0.67598,71840
2024-01-03 00:00:00+00:00,0.67609,0.67703,0.6702,0.67306,79597
2024-01-04 00:00:00+00:00,0.67277,0.67597,0.66964,0.67059,66129
2024-01-05 00:00:00+00:00,0.67066,0.67479,0.66404,0.67131,81371
2024-01-08 00:00:00+00:00,0.67141,0.67344,0.66773,0.67193,63111
2024-01-09 00:00:00+00:00,0.67188,0.67343,0.66769,0.66861,64617
2024-01-10 00:00:00+00:00,0.6679,0.67128,0.66782,0.66987,58486
2024-01-11 00:00:00+00:00,0.66973,0.67254,0.6647,0.66865,75967
2024-01-12 00:00:00+00:00,0.66756,0.67287,0.66704,0.6684,72501
2024-01-15 00:00:00+00:00,0.66779,0.67044,0.66501,0.66599,46515
2024-01-16 00:00:00+00:00,0.66594,0.66615,0.6576,0.65839,76488
2024-01-17 00:00:00+00:00,0.65839,0.65943,0.65248,0.65519,71118
2024-01-18 00:00:00+00:00,0.65519,0.65745,0.65251,0.65726,66504
2024-01-19 00:00:00+00:00,0.6569,0.66015,0.65552,0.65946,61130
2024-01-22 00:00:00+00:00,0.65831,0.66135,0.65662,0.65695,62142
2024-01-23 00:00:00+00:00,0.65698,0.66123,0.65515,0.65789,59596
2024-01-24 00:00:00+00:00,0.65792,0.6621,0.65657,0.65757,68315
2024-01-25 00:00:00+00:00,0.65753,0.66097,0.65659,0.65839,69171
2024-01-26 00:00:00+00:00,0.65823,0.66095,0.65745,0.65748,54106
2024-01-29 00:00:00+00:00,0.6573,0.66156,0.65695,0.66103,48827
2024-01-30 00:00:00+00:00,0.66097,0.66242,0.65748,0.66018,64817
2024-01-31 00:00:00+00:00,0.6602,0.66224,0.65513,0.65675,95257
2024-02-01 00:00:00+00:00,0.65654,0.65787,0.6508,0.65717,78378
2024-02-02 00:00:00+00:00,0.65705,0.66101,0.65021,0.65102,65556
2024-02-05 00:00:00+00:00,0.65103,0.652,0.64686,0.64825,64571
2024-02-06 00:00:00+00:00,0.6481,0.65248,0.64777,0.65225,68293
2024-02-07 00:00:00+00:00,0.65225,0.654,0.65155,0.65195,63408
2024-02-08 00:00:00+00:00,0.65196,0.65317,0.64803,0.6491,54887
2024-02-09 00:00:00+00:00,0.64909,0.65342,0.64871,0.65214,49334
2024-02-12 00:00:00+00:00,0.65165,0.65428,0.65044,0.6529,41800
2024-02-13 00:00:00+00:00,0.65304,0.65383,0.64425,0.64533,59270
2024-02-14 00:00:00+00:00,0.64509,0.64953,0.6446,0.64875,60229
2024-02-15 00:00:00+00:00,0.64882,0.65293,0.64772,0.65242,58984
2024-02-16 00:00:00+00:00,0.6524,0.65445,0.64963,0.65278,58889
2024-02-19 00:00:00+00:00,0.65244,0.65516,0.65244,0.65392,38875
2024-02-20 00:00:00+00:00,0.65394,0.65789,0.6521,0.65483,55558
2024-02-21 00:00:00+00:00,0.65476,0.65728,0.65329,0.65506,58319
2024-02-22 00:00:00+00:00,0.65499,0.65948,0.65401,0.65567,60480
2024-02-23 00:00:00+00:00,0.65566,0.65803,0.65489,0.65629,51048
2024-02-26 00:00:00+00:00,0.6565,0.65666,0.65306,0.65376,48888
2024-02-27 00:00:00+00:00,0.65394,0.65577,0.65245,0.65418,50784
2024-02-28 00:00:00+00:00,0.6543,0.65493,0.64881,0.64921,58478
2024-02-29 00:00:00+00:00,0.64946,0.65309,0.64867,0.64947,68936
2024-03-01 00:00:00+00:00,0.64963,0.65336,0.6489,0.65241,61719
2024-03-04 00:00:00+00:00,0.65201,0.6535,0.65061,0.65081,59221
2024-03-05 00:00:00+00:00,0.65113,0.65207,0.64772,0.64989,59593
2024-03-06 00:00:00+00:00,0.64958,0.65812,0.64922,0.65622,65692
2024-03-07 00:00:00+00:00,0.65628,0.66244,0.65598,0.66176,72009
2024-03-08 00:00:00+00:00,0.66193,0.66675,0.66128,0.66229,78176
2024-03-11 00:00:00+00:00,0.6623,0.66264,0.65965,0.66102,69510
2024-03-12 00:00:00+00:00,0.66102,0.66387,0.65842,0.6605,54268
2024-03-13 00:00:00+00:00,0.66051,0.6635,0.65999,0.66198,28267
2024-03-14 00:00:00+00:00,0.66201,0.66315,0.65692,0.6579,36432
2024-03-15 00:00:00+00:00,0.6579,0.65812,0.65519,0.65589,29214
2024-03-18 00:00:00+00:00,0.65582,0.65737,0.655,0.65559,25381
2024-03-19 00:00:00+00:00,0.65559,0.65637,0.65039,0.65304,33986
2024-03-20 00:00:00+00:00,0.65303,0.65869,0.65115,0.65792,32421
2024-03-21 00:00:00+00:00,0.65792,0.66344,0.6561,0.65686,35410
2024-03-22 00:00:00+00:00,0.65686,0.65766,0.65101,0.65129,32418
2024-03-25 00:00:00+00:00,0.65125,0.65468,0.65098,0.65383,26936
2024-03-26 00:00:00+00:00,0.65383,0.6559,0.65302,0.65315,25444
2024-03-27 00:00:00+00:00,0.65326,0.65383,0.65111,0.65305,26868
2024-03-28 00:00:00+00:00,0.65306,0.65406,0.64852,0.65127,29803
2024-03-29 00:00:00+00:00,0.65127,0.65327,0.65026,0.6514,8510
2024-04-01 00:00:00+00:00,0.6518,0.65386,0.64806,0.64885,19000
2024-04-02 00:00:00+00:00,0.64887,0.65238,0.64753,0.65173,27792
2024-04-03 00:00:00+00:00,0.65173,0.65696,0.64996,0.65637,30535
2024-04-04 00:00:00+00:00,0.65637,0.66188,0.65544,0.65873,27230
2024-04-05 00:00:00+00:00,0.6587,0.6592,0.65491,0.65783,36043
2024-04-08 00:00:00+00:00,0.65709,0.66098,0.65593,0.66035,33205
2024-04-09 00:00:00+00:00,0.66027,0.66441,0.6598,0.66279,31642
2024-04-10 00:00:00+00:00,0.66278,0.6631,0.64986,0.6512,43126
2024-04-11 00:00:00+00:00,0.65118,0.65528,0.65017,0.65372,46501
2024-04-12 00:00:00+00:00,0.65374,0.6543,0.64559,0.64616,42633
2024-04-15 00:00:00+00:00,0.647,0.6493,0.64375,0.64414,47693
2024-04-16 00:00:00+00:00,0.64395,0.6444,0.63891,0.64009,51922
2024-04-17 00:00:00+00:00,0.6401,0.6446,0.63962,0.64343,46253
2024-04-18 00:00:00+00:00,0.64317,0.64562,0.64163,0.64209,49144
2024-04-19 00:00:00+00:00,0.64187,0.64327,0.63619,0.64166,71667
2024-04-22 00:00:00+00:00,0.64076,0.64548,0.64045,0.64489,28945
2024-04-23 00:00:00+00:00,0.64489,0.64899,0.6441,0.64863,28571
2024-04-24 00:00:00+00:00,0.64841,0.65293,0.64712,0.64971,28751
2024-04-25 00:00:00+00:00,0.64964,0.65389,0.64847,0.65179,29943
2024-04-26 00:00:00+00:00,0.65179,0.65538,0.65135,0.65326,31614
2024-04-29 00:00:00+00:00,0.6524,0.65864,0.65165,0.65657,35208
2024-04-30 00:00:00+00:00,0.65656,0.65672,0.64711,0.64721,31773
2024-05-01 00:00:00+00:00,0.64728,0.65399,0.64651,0.65223,32486
2024-05-02 00:00:00+00:00,0.65219,0.65731,0.65128,0.65646,39532
2024-05-03 00:00:00+00:00,0.65614,0.66485,0.65596,0.66088,39255
2024-05-06 00:00:00+00:00,0.6616,0.66381,0.66025,0.66248,22855
2024-05-07 00:00:00+00:00,0.66246,0.66435,0.65866,0.6597,27822
2024-05-08 00:00:00+00:00,0.65967,0.65985,0.65577,0.65786,24719
2024-05-09 00:00:00+00:00,0.65786,0.66206,0.65652,0.66193,26508
2024-05-10 00:00:00+00:00,0.66191,0.66226,0.65961,0.66034,26623
2024-05-13 00:00:00+00:00,0.6601,0.66286,0.65854,0.66072,23790
2024-05-14 00:00:00+00:00,0.6607,0.66275,0.6579,0.66261,25093
2024-05-15 00:00:00+00:00,0.66229,0.66949,0.66184,0.66928,30254
2024-05-16 00:00:00+00:00,0.66909,0.67137,0.6654,0.66776,31187
2024-05-17 00:00:00+00:00,0.66765,0.67009,0.66487,0.66928,23774
2024-05-20 00:00:00+00:00,0.6693,0.67092,0.66617,0.6667,26048
2024-05-21 00:00:00+00:00,0.66671,0.66789,0.66464,0.66648,27488
2024-05-22 00:00:00+00:00,0.66624,0.6685,0.66078,0.66192,30083
2024-05-23 00:00:00+00:00,0.66186,0.6653,0.65977,0.66056,35896
2024-05-24 00:00:00+00:00,0.66057,0.66364,0.65919,0.66273,28073
2024-05-27 00:00:00+00:00,0.6625,0.66599,0.66214,0.66497,16771
2024-05-28 00:00:00+00:00,0.66524,0.66797,0.66425,0.66491,28078
2024-05-29 00:00:00+00:00,0.66488,0.66656,0.66088,0.66095,33048
2024-05-30 00:00:00+00:00,0.66063,0.66477,0.65908,0.66323,35957
2024-05-31 00:00:00+00:00,0.66285,0.66727,0.66216,0.66527,37531
2024-06-03 00:00:00+00:00,0.6643,0.66951,0.66326,0.6689,35952
2024-06-04 00:00:00+00:00,0.66887,0.66985,0.66305,0.66488,39983
2024-06-05 00:00:00+00:00,0.66454,0.66643,0.6626,0.6647,32390
2024-06-06 00:00:00+00:00,0.66443,0.66834,0.66334,0.66656,35073
2024-06-07 00:00:00+00:00,0.6659,0.6681,0.65785,0.65789,39198
2024-06-10 00:00:00+00:00,0.65774,0.66108,0.65753,0.66093,31297
2024-06-11 00:00:00+00:00,0.6606,0.66134,0.65885,0.66056,33675
2024-06-12 00:00:00+00:00,0.66051,0.67043,0.65969,0.66631,40889
2024-06-13 00:00:00+00:00,0.6663,0.6675,0.6626,0.66349,36323
2024-06-14 00:00:00+00:00,0.66348,0.66414,0.65913,0.66148,40609
2024-06-17 00:00:00+00:00,0.6608,0.66178,0.65851,0.66126,29075
2024-06-18 00:00:00+00:00,0.66102,0.66577,0.65998,0.66557,34844
2024-06-19 00:00:00+00:00,0.66556,0.66774,0.66507,0.66708,20532
2024-06-20 00:00:00+00:00,0.66682,0.6679,0.66474,0.66553,31529
2024-06-21 00:00:00+00:00,0.66553,0.66694,0.66313,0.66395,33330
2024-06-24 00:00:00+00:00,0.6638,0.66675,0.66259,0.66553,31241
2024-06-25 00:00:00+00:00,0.66565,0.66724,0.6635,0.66463,30162
2024-06-26 00:00:00+00:00,0.66451,0.66885,0.66331,0.66471,34965
2024-06-27 00:00:00+00:00,0.66468,0.66723,0.66398,0.66464,33164
2024-06-28 00:00:00+00:00,0.6643,0.66844,0.66199,0.66691,36432
2024-07-01 00:00:00+00:00,0.668,0.66888,0.66437,0.66596,34046
2024-07-02 00:00:00+00:00,0.66581,0.666,0.6634,0.66494,13789
2024-07-03 00:00:00+00:00,0.66659,0.67335,0.66629,0.67024,27684
2024-07-04 00:00:00+00:00,0.67016,0.67314,0.67011,0.67254,17700
2024-07-05 00:00:00+00:00,0.67228,0.67526,0.6709,0.67479,32593
2024-07-08 00:00:00+00:00,0.674,0.67608,0.67309,0.67363,29168
2024-07-09 00:00:00+00:00,0.67342,0.67474,0.67237,0.67406,28924
2024-07-10 00:00:00+00:00,0.67405,0.67518,0.6732,0.67467,26512
2024-07-11 00:00:00+00:00,0.67469,0.67984,0.67424,0.67589,37419
2024-07-12 00:00:00+00:00,0.67588,0.67935,0.67537,0.67835,36637
2024-07-15 00:00:00+00:00,0.67686,0.67885,0.67523,0.67588,37974
2024-07-16 00:00:00+00:00,0.67586,0.67641,0.67144,0.67331,35411
2024-07-17 00:00:00+00:00,0.67316,0.67545,0.67207,0.67287,41171
2024-07-18 00:00:00+00:00,0.67278,0.67433,0.66974,0.67055,42732
2024-07-19 00:00:00+00:00,0.6703,0.67084,0.668,0.66834,38551
2024-07-22 00:00:00+00:00,0.6689,0.67021,0.66311,0.66418,35812
2024-07-23 00:00:00+00:00,0.66422,0.66457,0.66109,0.66142,32192
2024-07-24 00:00:00+00:00,0.66142,0.66166,0.65775,0.65807,38881
2024-07-25 00:00:00+00:00,0.65774,0.65821,0.65135,0.65374,49566
2024-07-26 00:00:00+00:00,0.6537,0.65682,0.6532,0.65465,34791
2024-07-29 00:00:00+00:00,0.6549,0.65681,0.65239,0.65483,31785
2024-07-30 00:00:00+00:00,0.65483,0.65621,0.65289,0.65374,34096
2024-07-31 00:00:00+00:00,0.65358,0.65555,0.64795,0.65407,48477
2024-08-01 00:00:00+00:00,0.65398,0.65597,0.64886,0.65007,46589
2024-08-02 00:00:00+00:00,0.65007,0.65471,0.64864,0.65109,53805
2024-08-05 00:00:00+00:00,0.65054,0.65185,0.63489,0.64957,75149
2024-08-06 00:00:00+00:00,0.64956,0.65415,0.64724,0.65211,71081
2024-08-07 00:00:00+00:00,0.65207,0.65744,0.65071,0.65184,60437
2024-08-08 00:00:00+00:00,0.6517,0.65936,0.65071,0.65914,51317
2024-08-09 00:00:00+00:00,0.65872,0.66049,0.65662,0.65705,38559
2024-08-12 00:00:00+00:00,0.6568,0.66045,0.65646,0.65845,31453
2024-08-13 00:00:00+00:00,0.65831,0.66375,0.65786,0.66273,31469
2024-08-14 00:00:00+00:00,0.66267,0.66426,0.65947,0.65993,37934
2024-08-15 00:00:00+00:00,0.65987,0.66341,0.65684,0.66121,33702
2024-08-16 00:00:00+00:00,0.66118,0.66708,0.66069,0.66684,27309
2024-08-19 00:00:00+00:00,0.66682,0.67331,0.66381,0.67282,31116
2024-08-20 00:00:00+00:00,0.67286,0.67489,0.67127,0.67444,30231
2024-08-21 00:00:00+00:00,0.67437,0.67604,0.67305,0.67412,31850
2024-08-22 00:00:00+00:00,0.6742,0.67523,0.66968,0.67041,32196
2024-08-23 00:00:00+00:00,0.67012,0.67981,0.66991,0.67951,32310
2024-08-26 00:00:00+00:00,0.6787,0.67961,0.67663,0.67709,31868
2024-08-27 00:00:00+00:00,0.67706,0.6795,0.67612,0.67909,30390
2024-08-28 00:00:00+00:00,0.67918,0.68124,0.6764,0.67838,36660
2024-08-29 00:00:00+00:00,0.6783,0.68234,0.67759,0.67972,36827
2024-08-30 00:00:00+00:00,0.67965,0.6816,0.67511,0.67634,32368
2024-09-02 00:00:00+00:00,0.6765,0.67944,0.67567,0.6789,22977
2024-09-03 00:00:00+00:00,0.67878,0.67918,0.67076,0.67102,37383
2024-09-04 00:00:00+00:00,0.67104,0.67488,0.66853,0.67232,37856
2024-09-05 00:00:00+00:00,0.67235,0.67412,0.67101,0.67393,35421
2024-09-06 00:00:00+00:00,0.67397,0.67667,0.66594,0.66684,43180
2024-09-09 00:00:00+00:00,0.66638,0.66884,0.66474,0.66596,31875
2024-09-10 00:00:00+00:00,0.66603,0.66761,0.66406,0.66516,31915
2024-09-11 00:00:00+00:00,0.66503,0.66754,0.66217,0.66728,40263
2024-09-12 00:00:00+00:00,0.66736,0.67249,0.66562,0.67216,34551
2024-09-13 00:00:00+00:00,0.67218,0.67322,0.66919,0.67031,31939
2024-09-16 00:00:00+00:00,0.66959,0.67532,0.66959,0.67505,27290
2024-09-17 00:00:00+00:00,0.6748,0.67682,0.6741,0.67544,32600
2024-09-18 00:00:00+00:00,0.67546,0.68199,0.67418,0.6763,37674
2024-09-19 00:00:00+00:00,0.67631,0.68386,0.67372,0.68136,47446
2024-09-20 00:00:00+00:00,0.68116,0.68284,0.67826,0.68055,37884
2024-09-23 00:00:00+00:00,0.67991,0.68532,0.67954,0.68373,34420
2024-09-24 00:00:00+00:00,0.68371,0.68929,0.68138,0.6891,38998
2024-09-25 00:00:00+00:00,0.68915,0.69077,0.68176,0.68216,39269
2024-09-26 00:00:00+00:00,0.68221,0.69044,0.68185,0.68943,40572
2024-09-27 00:00:00+00:00,0.68924,0.69369,0.68677,0.69007,41452
2024-09-30 00:00:00+00:00,0.6902,0.69418,0.68953,0.69125,41094
2024-10-01 00:00:00+00:00,0.69116,0.69341,0.68561,0.68823,45620
2024-10-02 00:00:00+00:00,0.688,0.69153,0.68711,0.68838,40752
2024-10-03 00:00:00+00:00,0.6881,0.68883,0.68297,0.68391,41150
2024-10-04 00:00:00+00:00,0.68395,0.68517,0.67852,0.6792,39169
2024-10-07 00:00:00+00:00,0.6782,0.68097,0.67429,0.67561,41651
2024-10-08 00:00:00+00:00,0.67551,0.6769,0.67146,0.67406,46134
2024-10-09 00:00:00+00:00,0.67397,0.67613,0.67075,0.67198,40586
2024-10-10 00:00:00+00:00,0.67202,0.67424,0.67001,0.6734,43051
2024-10-11 00:00:00+00:00,0.67337,0.67588,0.67245,0.67497,28106
2024-10-14 00:00:00+00:00,0.6739,0.67474,0.67018,0.67247,37225
2024-10-15 00:00:00+00:00,0.67224,0.67323,0.66977,0.67021,34346
2024-10-16 00:00:00+00:00,0.66992,0.67047,0.6658,0.66656,34517
2024-10-17 00:00:00+00:00,0.66628,0.671,0.66517,0.66953,34974
2024-10-18 00:00:00+00:00,0.66928,0.6719,0.66915,0.67056,31320
2024-10-21 00:00:00+00:00,0.6705,0.67229,0.66527,0.66583,29693
2024-10-22 00:00:00+00:00,0.66596,0.66944,0.66504,0.66806,32343
2024-10-23 00:00:00+00:00,0.66793,0.66911,0.66137,0.66326,33868
2024-10-24 00:00:00+00:00,0.6628,0.66609,0.66207,0.66392,32576
2024-10-25 00:00:00+00:00,0.66402,0.66464,0.66008,0.66031,29327
2024-10-28 00:00:00+00:00,0.66107,0.66107,0.65792,0.65819,28935
2024-10-29 00:00:00+00:00,0.65817,0.65843,0.65447,0.6558,34331
2024-10-30 00:00:00+00:00,0.65579,0.65955,0.65366,0.65714,35464
2024-10-31 00:00:00+00:00,0.65713,0.65838,0.65392,0.6579,37529
2024-11-01 00:00:00+00:00,0.65809,0.65909,0.65534,0.65583,35147
2024-11-04 00:00:00+00:00,0.66067,0.66186,0.65793,0.65835,38276
2024-11-05 00:00:00+00:00,0.65839,0.66411,0.65778,0.66359,32697
2024-11-06 00:00:00+00:00,0.66354,0.66443,0.65121,0.65656,72490
2024-11-07 00:00:00+00:00,0.65613,0.66873,0.65607,0.66722,50172
2024-11-08 00:00:00+00:00,0.66716,0.66797,0.65579,0.65798,47882
2024-11-11 00:00:00+00:00,0.65774,0.65979,0.65624,0.65743,37945
2024-11-12 00:00:00+00:00,0.65729,0.65811,0.65138,0.65314,44282
2024-11-13 00:00:00+00:00,0.65315,0.65455,0.64797,0.64848,45490
2024-11-14 00:00:00+00:00,0.64845,0.64967,0.64403,0.64534,49214
2024-11-15 00:00:00+00:00,0.64483,0.64809,0.64425,0.64608,46591
2024-11-18 00:00:00+00:00,0.64579,0.65107,0.64476,0.6507,41997
2024-11-19 00:00:00+00:00,0.65068,0.65336,0.6482,0.65307,47043
2024-11-20 00:00:00+00:00,0.65286,0.65441,0.6484,0.65043,38677
2024-11-21 00:00:00+00:00,0.6504,0.65321,0.64969,0.65093,42378
2024-11-22 00:00:00+00:00,0.65103,0.65211,0.6471,0.64998,47678
2024-11-25 00:00:00+00:00,0.6534,0.65494,0.6487,0.65031,42489
2024-11-26 00:00:00+00:00,0.65002,0.6507,0.64334,0.64733,51700
2024-11-27 00:00:00+00:00,0.64738,0.65003,0.64573,0.64963,46370
2024-11-28 00:00:00+00:00,0.64922,0.6509,0.64769,0.64981,27927
2024-11-29 00:00:00+00:00,0.64962,0.65276,0.64797,0.65093,41261
2024-12-02 00:00:00+00:00,0.65105,0.65133,0.64426,0.64727,45991
2024-12-03 00:00:00+00:00,0.64694,0.65042,0.64549,0.64811,41325
2024-12-04 00:00:00+00:00,0.6481,0.64879,0.63989,0.64254,45269
2024-12-05 00:00:00+00:00,0.6428,0.64544,0.64211,0.64477,36435
2024-12-06 00:00:00+00:00,0.64475,0.64554,0.63722,0.63853,41411
2024-12-09 00:00:00+00:00,0.63866,0.6471,0.63794,0.64354,35965
2024-12-10 00:00:00+00:00,0.64355,0.64412,0.63649,0.63727,39046
2024-12-11 00:00:00+00:00,0.63746,0.63887,0.63363,0.63636,42844
2024-12-12 00:00:00+00:00,0.63631,0.6429,0.63606,0.63639,44636
2024-12-13 00:00:00+00:00,0.6365,0.63832,0.63514,0.63594,37269
2024-12-16 00:00:00+00:00,0.6351,0.63824,0.63448,0.63665,32469
2024-12-17 00:00:00+00:00,0.63656,0.63775,0.6331,0.63331,32878
2024-12-18 00:00:00+00:00,0.63321,0.63388,0.62107,0.62137,39597
2024-12-19 00:00:00+00:00,0.62092,0.62648,0.61987,0.62337,48197
2024-12-20 00:00:00+00:00,0.62334,0.6274,0.62146,0.6249,43485
2024-12-23 00:00:00+00:00,0.6253,0.62645,0.62184,0.62437,33233
2024-12-24 00:00:00+00:00,0.62385,0.62486,0.62181,0.62302,22437
2024-12-25 00:00:00+00:00,0.62343,0.62343,0.62302,0.62309,20
2024-12-26 00:00:00+00:00,0.6241,0.62538,0.62153,0.62168,24488
2024-12-27 00:00:00+00:00,0.62154,0.62255,0.62002,0.62133,30124
2024-12-30 00:00:00+00:00,0.62126,0.62463,0.62014,0.62163,31432
2024-12-31 00:00:00+00:00,0.6218,0.62312,0.61786,0.61837,30512
2025-01-01 00:00:00+00:00,0.61768,0.61768,0.61768,0.61768,1
2025-01-02 00:00:00+00:00,0.61853,0.62223,0.61717,0.61987,40987
2025-01-03 00:00:00+00:00,0.61977,0.62247,0.61913,0.62137,34145
2025-01-06 00:00:00+00:00,0.62092,0.63017,0.62034,0.62412,42863
2025-01-07 00:00:00+00:00,0.62441,0.62877,0.62256,0.62263,33069
2025-01-08 00:00:00+00:00,0.6224,0.62417,0.61871,0.62105,42418
2025-01-09 00:00:00+00:00,0.62123,0.62159,0.61715,0.61948,30526
2025-01-10 00:00:00+00:00,0.61961,0.62056,0.6139,0.61427,43434
2025-01-13 00:00:00+00:00,0.61421,0.61768,0.61306,0.61733,41397
2025-01-14 00:00:00+00:00,0.61713,0.62069,0.61657,0.61933,43491
2025-01-15 00:00:00+00:00,0.61938,0.62462,0.61808,0.62261,35568
2025-01-16 00:00:00+00:00,0.62213,0.62455,0.61891,0.62121,40413
2025-01-17 00:00:00+00:00,0.6206,0.62269,0.61641,0.61903,35703
2025-01-20 00:00:00+00:00,0.6198,0.62862,0.61891,0.62696,36449
2025-01-21 00:00:00+00:00,0.62717,0.62884,0.62078,0.62696,46148
2025-01-22 00:00:00+00:00,0.62707,0.62951,0.62527,0.62695,40078
2025-01-23 00:00:00+00:00,0.62691,0.62993,0.62547,0.62837,38375
2025-01-24 00:00:00+00:00,0.62827,0.63302,0.62783,0.63112,41904
2025-01-27 00:00:00+00:00,0.62931,0.63089,0.62745,0.62913,46460
2025-01-28 00:00:00+00:00,0.62896,0.62944,0.6237,0.62513,40223
2025-01-29 00:00:00+00:00,0.62515,0.62554,0.62097,0.62231,39955
2025-01-30 00:00:00+00:00,0.62208,0.6243,0.61987,0.6206,35520
2025-01-31 00:00:00+00:00,0.61993,0.62624,0.61988,0.621,44973
2025-02-03 00:00:00+00:00,0.61502,0.62369,0.60874,0.62245,65835
2025-02-04 00:00:00+00:00,0.62215,0.62617,0.61704,0.62476,44943
2025-02-05 00:00:00+00:00,0.62473,0.62965,0.62399,0.62834,38039
2025-02-06 00:00:00+00:00,0.62838,0.62878,0.62549,0.62813,32416
2025-02-07 00:00:00+00:00,0.6276,0.63004,0.62529,0.62715,39049
2025-02-10 00:00:00+00:00,0.62318,0.6287,0.62316,0.62759,33930
2025-02-11 00:00:00+00:00,0.62768,0.63014,0.62601,0.62937,31688
2025-02-12 00:00:00+00:00,0.62895,0.63091,0.62347,0.62785,41417
2025-02-13 00:00:00+00:00,0.62781,0.63224,0.62544,0.63159,43874
2025-02-14 00:00:00+00:00,0.63157,0.63674,0.631,0.63481,37570
2025-02-17 00:00:00+00:00,0.63232,0.63734,0.63232,0.63543,29307
2025-02-18 00:00:00+00:00,0.63556,0.63673,0.63343,0.63521,33020
2025-02-19 00:00:00+00:00,0.63515,0.63697,0.63364,0.63431,35074
2025-02-20 00:00:00+00:00,0.63344,0.64036,0.63275,0.6398,42135
2025-02-21 00:00:00+00:00,0.63973,0.64081,0.63513,0.63541,40830
2025-02-24 00:00:00+00:00,0.63606,0.63918,0.6344,0.63479,49436
2025-02-25 00:00:00+00:00,0.63451,0.63561,0.6322,0.6341,49326
2025-02-26 00:00:00+00:00,0.63416,0.63534,0.6295,0.63038,48153
2025-02-27 00:00:00+00:00,0.63017,0.63142,0.6231,0.62347,54151
2025-02-28 00:00:00+00:00,0.62303,0.6238,0.61923,0.62047,49923
2025-03-03 00:00:00+00:00,0.62094,0.62544,0.62037,0.62234,61055
2025-03-04 00:00:00+00:00,0.62171,0.62718,0.61868,0.62703,76275
2025-03-05 00:00:00+00:00,0.62689,0.63423,0.62337,0.63333,69775
2025-03-06 00:00:00+00:00,0.63339,0.63637,0.6321,0.63318,68136
2025-03-07 00:00:00+00:00,0.63316,0.63377,0.62821,0.63054,63721
2025-03-10 00:00:00+00:00,0.63027,0.63309,0.62642,0.62764,64277
2025-03-11 00:00:00+00:00,0.6276,0.63113,0.62585,0.62934,68836
2025-03-12 00:00:00+00:00,0.62941,0.63223,0.62762,0.63182,54962
2025-03-13 00:00:00+00:00,0.63199,0.63332,0.62691,0.62822,51113
2025-03-14 00:00:00+00:00,0.62812,0.63305,0.62776,0.63232,46651
2025-03-17 00:00:00+00:00,0.63261,0.63908,0.63209,0.63817,39575
2025-03-18 00:00:00+00:00,0.63816,0.63907,0.63438,0.6358,34694
2025-03-19 00:00:00+00:00,0.63582,0.63662,0.63209,0.63564,41782
2025-03-20 00:00:00+00:00,0.63559,0.63634,0.6271,0.62961,42811
2025-03-21 00:00:00+00:00,0.6297,0.63057,0.62577,0.62697,35675
2025-03-24 00:00:00+00:00,0.62705,0.63045,0.6267,0.6281,43066
2025-03-25 00:00:00+00:00,0.6281,0.63246,0.62777,0.63019,42498
2025-03-26 00:00:00+00:00,0.63019,0.63298,0.62776,0.62897,51229
2025-03-27 00:00:00+00:00,0.62892,0.63176,0.62785,0.62993,53020
2025-03-28 00:00:00+00:00,0.62978,0.63114,0.62799,0.62848,46189
2025-03-31 00:00:00+00:00,0.62907,0.62997,0.6218,0.62464,59072
2025-04-01 00:00:00+00:00,0.62463,0.62824,0.62311,0.62761,57412
2025-04-02 00:00:00+00:00,0.62691,0.634,0.62568,0.62925,52667
2025-04-03 00:00:00+00:00,0.62928,0.63881,0.62254,0.63269,105909
2025-04-04 00:00:00+00:00,0.63266,0.63311,0.59859,0.60367,126637
2025-04-07 00:00:00+00:00,0.5996,0.6127,0.59319,0.59776,174097
2025-04-08 00:00:00+00:00,0.59766,0.60846,0.5946,0.59528,129940
2025-04-09 00:00:00+00:00,0.59526,0.6175,0.59138,0.61489,149238
2025-04-10 00:00:00+00:00,0.61493,0.62486,0.61151,0.62188,142196
2025-04-11 00:00:00+00:00,0.62194,0.62994,0.61803,0.6289,152164
2025-04-14 00:00:00+00:00,0.6302,0.6342,0.62745,0.63184,94944
2025-04-15 00:00:00+00:00,0.6319,0.63824,0.63152,0.63426,79221
2025-04-16 00:00:00+00:00,0.63421,0.63907,0.63218,0.6368,80621
2025-04-17 00:00:00+00:00,0.6367,0.63932,0.63324,0.63826,68792
2025-04-18 00:00:00+00:00,0.63825,0.63931,0.63659,0.63724,204502
2025-04-21 00:00:00+00:00,0.63696,0.6437,0.63636,0.64113,56435
2025-04-22 00:00:00+00:00,0.64105,0.64383,0.63604,0.63648,68653
2025-04-23 00:00:00+00:00,0.63596,0.64343,0.63485,0.63582,79912
2025-04-24 00:00:00+00:00,0.63539,0.64123,0.6343,0.64035,60994
2025-04-25 00:00:00+00:00,0.64034,0.642,0.63739,0.63919,58034
2025-04-28 00:00:00+00:00,0.6391,0.64342,0.6367,0.64297,56329
2025-04-29 00:00:00+00:00,0.64241,0.64489,0.63754,0.63811,53703
2025-04-30 00:00:00+00:00,0.63816,0.6417,0.63552,0.64008,59015
2025-05-01 00:00:00+00:00,0.63997,0.64264,0.63649,0.63812,52573
2025-05-02 00:00:00+00:00,0.63809,0.6469,0.63681,0.64411,63535
2025-05-05 00:00:00+00:00,0.64474,0.6493,0.64336,0.64673,52101
2025-05-06 00:00:00+00:00,0.64685,0.65006,0.64371,0.64931,52075
2025-05-07 00:00:00+00:00,0.64936,0.6514,0.64205,0.64227,65015
2025-05-08 00:00:00+00:00,0.64222,0.64637,0.63943,0.63991,60814
2025-05-09 00:00:00+00:00,0.63969,0.64317,0.63702,0.64089,44632
2025-05-12 00:00:00+00:00,0.6417,0.646,0.6356,0.63702,68615
2025-05-13 00:00:00+00:00,0.63645,0.64779,0.63556,0.64692,53219
2025-05-14 00:00:00+00:00,0.64642,0.65001,0.64217,0.64265,57939
2025-05-15 00:00:00+00:00,0.64254,0.64568,0.63898,0.64039,51775
2025-05-16 00:00:00+00:00,0.64041,0.64353,0.6387,0.64004,44803
2025-05-19 00:00:00+00:00,0.63957,0.64643,0.6395,0.64557,47406
2025-05-20 00:00:00+00:00,0.64553,0.64581,0.6391,0.64217,46847
2025-05-21 00:00:00+00:00,0.6422,0.64685,0.64135,0.6433,57329
2025-05-22 00:00:00+00:00,0.64341,0.64577,0.64066,0.64092,52779
2025-05-23 00:00:00+00:00,0.6408,0.64986,0.64076,0.64926,51652
2025-05-26 00:00:00+00:00,0.64865,0.65365,0.64816,0.64839,33611
2025-05-27 00:00:00+00:00,0.64813,0.64946,0.6434,0.64408,44970
2025-05-28 00:00:00+00:00,0.64385,0.64526,0.64091,0.64247,50845
2025-05-29 00:00:00+00:00,0.64132,0.64594,0.64066,0.64392,62951
2025-05-30 00:00:00+00:00,0.6432,0.64517,0.64068,0.64283,56676
2025-06-02 00:00:00+00:00,0.64307,0.64996,0.64303,0.6494,49904
2025-06-03 00:00:00+00:00,0.64936,0.64991,0.64463,0.64611,45409
2025-06-04 00:00:00+00:00,0.64604,0.65041,0.64468,0.64902,46300
2025-06-05 00:00:00+00:00,0.6487,0.65371,0.64833,0.6504,54301
2025-06-06 00:00:00+00:00,0.65037,0.65163,0.64787,0.64923,50335
2025-06-09 00:00:00+00:00,0.6497,0.65332,0.64927,0.65153,37711
2025-06-10 00:00:00+00:00,0.6509,0.65323,0.64891,0.65205,49703
2025-06-11 00:00:00+00:00,0.65171,0.6545,0.64952,0.64986,49831
2025-06-12 00:00:00+00:00,0.64983,0.65328,0.64765,0.65318,54926
2025-06-13 00:00:00+00:00,0.65313,0.65328,0.64555,0.64834,75636
2025-06-16 00:00:00+00:00,0.64818,0.65512,0.64658,0.6522,54449
2025-06-17 00:00:00+00:00,0.65209,0.65429,0.64653,0.64731,61970
2025-06-18 00:00:00+00:00,0.64764,0.65367,0.64658,0.65068,62045
2025-06-19 00:00:00+00:00,0.65036,0.65101,0.64449,0.6478,46688
2025-06-20 00:00:00+00:00,0.64778,0.64948,0.64468,0.6447,49338
2025-06-23 00:00:00+00:00,0.64223,0.64626,0.63719,0.64576,69348
2025-06-24 00:00:00+00:00,0.64514,0.65184,0.64485,0.64869,59634
2025-06-25 00:00:00+00:00,0.64871,0.65143,0.64807,0.65114,48414
2025-06-26 00:00:00+00:00,0.65071,0.6563,0.65027,0.65446,61536
2025-06-27 00:00:00+00:00,0.65414,0.65603,0.65076,0.6531,53831
2025-06-30 00:00:00+00:00,0.65343,0.65822,0.65222,0.65778,51296
2025-07-01 00:00:00+00:00,0.65718,0.65894,0.65531,0.6581,47845
2025-07-02 00:00:00+00:00,0.65805,0.6588,0.65427,0.65825,53933
2025-07-03 00:00:00+00:00,0.65808,0.65871,0.65363,0.65703,27715
2025-07-04 00:00:00+00:00,0.65658,0.65776,0.65442,0.65443,44646
2025-07-07 00:00:00+00:00,0.65524,0.65562,0.64847,0.64891,52941
2025-07-08 00:00:00+00:00,0.6489,0.65567,0.64875,0.65286,57963
2025-07-09 00:00:00+00:00,0.65291,0.65471,0.65089,0.65345,54849
2025-07-10 00:00:00+00:00,0.65351,0.65907,0.65268,0.65868,43785
2025-07-11 00:00:00+00:00,0.65724,0.65942,0.65557,0.65728,57164
2025-07-14 00:00:00+00:00,0.6562,0.65868,0.65419,0.65434,45957
2025-07-15 00:00:00+00:00,0.65432,0.6575,0.6507,0.65135,47787
2025-07-16 00:00:00+00:00,0.6512,0.65535,0.64946,0.65265,54889
2025-07-17 00:00:00+00:00,0.65252,0.653,0.64538,0.64868,47320
2025-07-18 00:00:00+00:00,0.64855,0.654,0.64767,0.65015,41593
2025-07-21 00:00:00+00:00,0.65044,0.65367,0.64972,0.65235,39079
2025-07-22 00:00:00+00:00,0.65234,0.65571,0.65033,0.65528,40802
2025-07-23 00:00:00+00:00,0.65517,0.66023,0.65359,0.66003,48954
2025-07-24 00:00:00+00:00,0.65972,0.66242,0.65853,0.65888,44652
2025-07-25 00:00:00+00:00,0.65881,0.65979,0.65503,0.65646,45515
2025-07-28 00:00:00+00:00,0.65724,0.65849,0.65122,0.65194,47931
2025-07-29 00:00:00+00:00,0.65178,0.65292,0.64953,0.65074,44862
2025-07-30 00:00:00+00:00,0.65031,0.65281,0.64252,0.64321,57293
2025-07-31 00:00:00+00:00,0.64302,0.64755,0.64232,0.64245,54808
2025-08-01 00:00:00+00:00,0.64207,0.64924,0.64181,0.64647,68733
2025-08-04 00:00:00+00:00,0.64651,0.64894,0.64591,0.64682,34900
2025-08-05 00:00:00+00:00,0.64623,0.64791,0.64495,0.64717,35004
2025-08-06 00:00:00+00:00,0.64634,0.6508,0.64593,0.65025,33197
2025-08-07 00:00:00+00:00,0.64967,0.65405,0.64887,0.65222,48960
2025-08-08 00:00:00+00:00,0.65112,0.65341,0.65031,0.65171,37711
2025-08-11 00:00:00+00:00,0.65188,0.65278,0.65005,0.65125,36881
2025-08-12 00:00:00+00:00,0.65068,0.65397,0.64811,0.65286,51160
2025-08-13 00:00:00+00:00,0.65247,0.65619,0.65157,0.65449,34779
2025-08-14 00:00:00+00:00,0.65393,0.6568,0.64819,0.64951,45856
2025-08-15 00:00:00+00:00,0.64869,0.6522,0.64833,0.65046,38890
2025-08-18 00:00:00+00:00,0.65075,0.65234,0.64808,0.64905,32032
2025-08-19 00:00:00+00:00,0.64817,0.64966,0.64489,0.64531,41157
2025-08-20 00:00:00+00:00,0.6448,0.64552,0.64228,0.64329,42472
2025-08-21 00:00:00+00:00,0.64279,0.6436,0.64138,0.64199,43141
2025-08-22 00:00:00+00:00,0.64079,0.65002,0.64079,0.64867,46533
2025-08-25 00:00:00+00:00,0.64865,0.65043,0.64709,0.64826,36443
2025-08-26 00:00:00+00:00,0.6477,0.64999,0.64694,0.6493,43972
2025-08-27 00:00:00+00:00,0.64869,0.65122,0.64617,0.6505,40491
2025-08-28 00:00:00+00:00,0.65023,0.65369,0.65001,0.65317,37147
2025-08-29 00:00:00+00:00,0.65248,0.65479,0.65222,0.65343,41506
2025-09-01 00:00:00+00:00,0.65438,0.65592,0.65343,0.65528,29509
2025-09-02 00:00:00+00:00,0.65453,0.65577,0.64825,0.652,51503
2025-09-03 00:00:00+00:00,0.65122,0.65536,0.65015,0.65428,46495
2025-09-04 00:00:00+00:00,0.65358,0.6549,0.65012,0.65168,35251
2025-09-05 00:00:00+00:00,0.6509,0.65884,0.65022,0.65518,34516
2025-09-08 00:00:00+00:00,0.65497,0.65985,0.65453,0.65913,29262
2025-09-09 00:00:00+00:00,0.65822,0.66196,0.65771,0.65835,30637
2025-09-10 00:00:00+00:00,0.65752,0.66354,0.65752,0.66127,32326
2025-09-11 00:00:00+00:00,0.66133,0.66646,0.659,0.666,34075
2025-09-12 00:00:00+00:00,0.66558,0.66685,0.66306,0.66466,29589
2025-09-15 00:00:00+00:00,0.66263,0.66746,0.66263,0.66695,28077
2025-09-16 00:00:00+00:00,0.6659,0.66881,0.6657,0.66842,32133
2025-09-17 00:00:00+00:00,0.66802,0.67066,0.66411,0.66519,37188
2025-09-18 00:00:00+00:00,0.66491,0.66597,0.66069,0.66117,40176
2025-09-19 00:00:00+00:00,0.66102,0.66193,0.65857,0.65887,33596
2025-09-22 00:00:00+00:00,0.65832,0.66024,0.65747,0.65987,27117
2025-09-23 00:00:00+00:00,0.65959,0.66153,0.65809,0.65982,30613
2025-09-24 00:00:00+00:00,0.65927,0.66277,0.65746,0.6582,31810
2025-09-25 00:00:00+00:00,0.65795,0.66036,0.65257,0.65395,34768
2025-09-26 00:00:00+00:00,0.65331,0.65511,0.65204,0.65445,32284
2025-09-29 00:00:00+00:00,0.65456,0.65809,0.65425,0.65763,27206
2025-09-30 00:00:00+00:00,0.65758,0.66282,0.65708,0.66119,36292
2025-10-01 00:00:00+00:00,0.66117,0.66287,0.6589,0.66126,39703
2025-10-02 00:00:00+00:00,0.66106,0.66243,0.65768,0.65956,29843
2025-10-03 00:00:00+00:00,0.65927,0.6614,0.65887,0.65998,28346
2025-10-06 00:00:00+00:00,0.65778,0.66203,0.65765,0.66169,34267
2025-10-07 00:00:00+00:00,0.66134,0.66241,0.6578,0.65801,31511
2025-10-08 00:00:00+00:00,0.65806,0.65885,0.65563,0.65855,31605
2025-10-09 00:00:00+00:00,0.65797,0.66121,0.65398,0.6554,39514
2025-10-10 00:00:00+00:00,0.65533,0.65725,0.64694,0.64721,44761
2025-10-13 00:00:00+00:00,0.65088,0.65324,0.6491,0.65141,38554
2025-10-14 00:00:00+00:00,0.65117,0.65208,0.64402,0.64855,46071
2025-10-15 00:00:00+00:00,0.64837,0.65232,0.6478,0.65116,39581
2025-10-16 00:00:00+00:00,0.65007,0.65155,0.64709,0.64834,44023
2025-10-17 00:00:00+00:00,0.6483,0.65021,0.64434,0.64921,47505
2025-10-20 00:00:00+00:00,0.64874,0.65211,0.64844,0.65122,29696
2025-10-21 00:00:00+00:00,0.65082,0.65247,0.64726,0.6487,35684
2025-10-22 00:00:00+00:00,0.64865,0.65119,0.64781,0.64877,37790
2025-10-23 00:00:00+00:00,0.64862,0.65174,0.64785,0.65124,26268
2025-10-24 00:00:00+00:00,0.65053,0.65287,0.64926,0.65119,30184
2025-10-27 00:00:00+00:00,0.65361,0.65593,0.6528,0.65546,28872
2025-10-28 00:00:00+00:00,0.65546,0.65905,0.65442,0.65805,26886
2025-10-29 00:00:00+00:00,0.65811,0.66174,0.65569,0.65715,42639
2025-10-30 00:00:00+00:00,0.65713,0.65971,0.65325,0.65526,43914
2025-10-31 00:00:00+00:00,0.65526,0.65599,0.65329,0.65419,30682
2025-11-03 00:00:00+00:00,0.65415,0.65621,0.65174,0.65377,27831
2025-11-04 00:00:00+00:00,0.65336,0.65395,0.64807,0.64883,36494
2025-11-05 00:00:00+00:00,0.64881,0.65126,0.64583,0.6506,32673
2025-11-06 00:00:00+00:00,0.65029,0.65184,0.6463,0.64788,36079
2025-11-07 00:00:00+00:00,0.64766,0.64985,0.64672,0.64905,39378
2025-11-10 00:00:00+00:00,0.64952,0.65399,0.64896,0.65356,27082
2025-11-11 00:00:00+00:00,0.65319,0.65379,0.65146,0.65262,27449
2025-11-12 00:00:00+00:00,0.65194,0.655,0.65155,0.65404,27898
2025-11-13 00:00:00+00:00,0.6539,0.658,0.65236,0.65291,41670
2025-11-14 00:00:00+00:00,0.65259,0.65512,0.65035,0.65332,45904
2025-11-17 00:00:00+00:00,0.65303,0.65372,0.64818,0.64931,36341
2025-11-18 00:00:00+00:00,0.64914,0.65181,0.64645,0.65071,45440
2025-11-19 00:00:00+00:00,0.65043,0.65114,0.64509,0.64783,42507
2025-11-20 00:00:00+00:00,0.64734,0.65024,0.64359,0.64391,48964
2025-11-21 00:00:00+00:00,0.64395,0.64606,0.64212,0.6454,52762
2025-11-24 00:00:00+00:00,0.64503,0.64682,0.64421,0.64637,32729
2025-11-25 00:00:00+00:00,0.64595,0.64755,0.6436,0.64682,38412
2025-11-26 00:00:00+00:00,0.64653,0.65209,0.64638,0.65175,38112
2025-11-27 00:00:00+00:00,0.65155,0.65395,0.65151,0.65335,20599
2025-11-28 00:00:00+00:00,0.65304,0.65589,0.65196,0.65432,110335
2025-12-01 00:00:00+00:00,0.65374,0.65664,0.65362,0.6543,38133
2025-12-02 00:00:00+00:00,0.65419,0.65706,0.65362,0.65649,29226
2025-12-03 00:00:00+00:00,0.65578,0.66019,0.6552,0.66008,30636
2025-12-04 00:00:00+00:00,0.65963,0.66239,0.65955,0.66091,37116
2025-12-05 00:00:00+00:00,0.66089,0.66487,0.6605,0.66375,28273
2025-12-08 00:00:00+00:00,0.66314,0.66486,0.66136,0.66233,29301
2025-12-09 00:00:00+00:00,0.66192,0.66542,0.66079,0.66419,33317
2025-12-10 00:00:00+00:00,0.66332,0.66856,0.66285,0.66747,38369
2025-12-11 00:00:00+00:00,0.66715,0.66786,0.66262,0.66634,40093
2025-12-12 00:00:00+00:00,0.6663,0.66769,0.66323,0.66487,36937
2025-12-15 00:00:00+00:00,0.66372,0.66564,0.66318,0.66398,37527
2025-12-16 00:00:00+00:00,0.66382,0.66609,0.66177,0.66318,43666
2025-12-17 00:00:00+00:00,0.66292,0.66346,0.65989,0.6604,39177
2025-12-18 00:00:00+00:00,0.66007,0.66306,0.65922,0.66118,39186
2025-12-19 00:00:00+00:00,0.66094,0.66249,0.66,0.66081,30748
2025-12-22 00:00:00+00:00,0.66062,0.66602,0.6605,0.66571,26524
2025-12-23 00:00:00+00:00,0.66535,0.67019,0.66528,0.67009,30063
2025-12-24 00:00:00+00:00,0.66975,0.67173,0.66968,0.67037,31069
2025-12-26 00:00:00+00:00,0.66981,0.67245,0.66947,0.67107,31538
2025-12-29 00:00:00+00:00,0.66953,0.6727,0.66828,0.66928,35555
2025-12-30 00:00:00+00:00,0.66919,0.67176,0.66876,0.66955,28095
2025-12-31 00:00:00+00:00,0.66911,0.6701,0.66596,0.66722,31040
2026-01-02 00:00:00+00:00,0.66696,0.67069,0.66604,0.66909,33562
2026-01-05 00:00:00+00:00,0.66764,0.67188,0.66629,0.67138,40069
2026-01-06 00:00:00+00:00,0.67118,0.67415,0.67029,0.6738,31335
2026-01-07 00:00:00+00:00,0.67352,0.67662,0.67167,0.672,31887
2026-01-08 00:00:00+00:00,0.67196,0.67251,0.66816,0.66982,28884
2026-01-09 00:00:00+00:00,0.66977,0.67038,0.66634,0.66833,31657
2026-01-12 00:00:00+00:00,0.66756,0.67224,0.66746,0.67093,26588
2026-01-13 00:00:00+00:00,0.67085,0.67275,0.66729,0.668,29040
2026-01-14 00:00:00+00:00,0.66804,0.67025,0.66726,0.6682,31403
2026-01-15 00:00:00+00:00,0.66785,0.67095,0.66674,0.66982,28053
2026-01-16 00:00:00+00:00,0.66952,0.67098,0.66712,0.66789,23554
2026-01-19 00:00:00+00:00,0.6672,0.67174,0.66683,0.67131,23569
2026-01-20 00:00:00+00:00,0.67076,0.67469,0.6706,0.67362,38670
2026-01-21 00:00:00+00:00,0.67315,0.67778,0.6727,0.67614,38210
2026-01-22 00:00:00+00:00,0.67579,0.68442,0.6753,0.68401,30351
2026-01-23 00:00:00+00:00,0.68386,0.68985,0.68336,0.68924,30131
2026-01-26 00:00:00+00:00,0.69203,0.69409,0.69053,0.69156,38561
2026-01-27 00:00:00+00:00,0.69096,0.70163,0.69015,0.70111,39138
2026-01-28 00:00:00+00:00,0.70087,0.70427,0.69763,0.70399,52314
2026-01-29 00:00:00+00:00,0.70297,0.70939,0.69692,0.70486,65690
2026-01-30 00:00:00+00:00,0.70438,0.70553,0.69397,0.69583,77717
2026-02-02 00:00:00+00:00,0.69464,0.69709,0.69082,0.6947,77116
2026-02-03 00:00:00+00:00,0.69478,0.70505,0.69428,0.70214,58914
2026-02-04 00:00:00+00:00,0.70142,0.7043,0.69708,0.69973,54087
2026-02-05 00:00:00+00:00,0.69901,0.7007,0.69264,0.6927,64134
2026-02-06 00:00:00+00:00,0.69234,0.7025,0.68972,0.7011,47154
2026-02-09 00:00:00+00:00,0.70073,0.70986,0.70023,0.70926,39936
2026-02-10 00:00:00+00:00,0.70894,0.70938,0.70637,0.70739,35159
2026-02-11 00:00:00+00:00,0.70728,0.71424,0.70612,0.71265,48573
2026-02-12 00:00:00+00:00,0.71223,0.71472,0.70758,0.70901,49392
2026-02-13 00:00:00+00:00,0.70861,0.70974,0.70435,0.70677,53577
2026-02-16 00:00:00+00:00,0.70545,0.70969,0.70545,0.70712,22113
2026-02-17 00:00:00+00:00,0.70668,0.70896,0.70282,0.70849,46194
2026-02-18 00:00:00+00:00,0.70704,0.70876,0.70343,0.7042,31832
2026-02-19 00:00:00+00:00,0.70411,0.70802,0.70235,0.70572,40608
2026-02-20 00:00:00+00:00,0.70528,0.70938,0.70146,0.7079,54376
2026-02-23 00:00:00+00:00,0.70721,0.71116,0.70478,0.70546,42503
2026-02-24 00:00:00+00:00,0.70485,0.7073,0.7026,0.7057,34787
2026-02-25 00:00:00+00:00,0.70564,0.71256,0.70563,0.71228,34586
2026-02-26 00:00:00+00:00,0.71164,0.71366,0.70671,0.71089,39251
2026-02-27 00:00:00+00:00,0.71043,0.71323,0.70857,0.71134,41854
2026-03-02 00:00:00+00:00,0.70324,0.71167,0.70314,0.70934,77437
2026-03-03 00:00:00+00:00,0.70865,0.71227,0.69437,0.70333,99214
2026-03-04 00:00:00+00:00,0.70366,0.70834,0.69838,0.70753,90985
2026-03-05 00:00:00+00:00,0.70735,0.70891,0.69739,0.7006,86114
2026-03-06 00:00:00+00:00,0.7005,0.70472,0.69769,0.70297,177705
2026-03-09 00:00:00+00:00,0.69849,0.70788,0.69561,0.70758,343998
2026-03-10 00:00:00+00:00,0.70759,0.71686,0.70532,0.7114,358117
2026-03-11 00:00:00+00:00,0.7114,0.71875,0.71124,0.71503,297489
2026-03-12 00:00:00+00:00,0.71504,0.7161,0.70721,0.70727,292192
2026-03-13 00:00:00+00:00,0.70727,0.70925,0.69787,0.69787,291715
2026-03-16 00:00:00+00:00,0.69961,0.70827,0.69855,0.70671,241947
2026-03-17 00:00:00+00:00,0.70671,0.71182,0.70488,0.70997,150227
2026-03-18 00:00:00+00:00,0.70996,0.71233,0.70177,0.70316,109406
2026-03-19 00:00:00+00:00,0.70316,0.71088,0.69993,0.70851,176797
2026-03-20 00:00:00+00:00,0.70851,0.7097,0.70051,0.70204,137548
2026-03-23 00:00:00+00:00,0.69944,0.70623,0.69106,0.70028,236905
2026-03-24 00:00:00+00:00,0.70028,0.70241,0.69381,0.69934,200014
2026-03-25 00:00:00+00:00,0.69934,0.70034,0.69426,0.69458,130880
2026-03-26 00:00:00+00:00,0.6945,0.69566,0.68751,0.68877,110922
2026-03-27 00:00:00+00:00,0.68878,0.69119,0.68642,0.68651,105880
2026-03-30 00:00:00+00:00,0.68597,0.68742,0.68331,0.68522,106049
2026-03-31 00:00:00+00:00,0.68487,0.69033,0.68337,0.68993,145357
2026-04-01 00:00:00+00:00,0.68964,0.69632,0.6887,0.69276,118333
2026-04-02 00:00:00+00:00,0.69212,0.69407,0.68597,0.69095,130025
2026-04-03 00:00:00+00:00,0.68805,0.69156,0.68801,0.68945,30796
2026-04-06 00:00:00+00:00,0.6878,0.69379,0.68757,0.69172,83370
2026-04-07 00:00:00+00:00,0.69146,0.69781,0.6898,0.69756,109326
2026-04-08 00:00:00+00:00,0.69756,0.70843,0.69603,0.70431,149971
2026-04-09 00:00:00+00:00,0.70297,0.70947,0.7022,0.70823,86131
2026-04-10 00:00:00+00:00,0.70743,0.70937,0.70518,0.70645,68370
2026-04-13 00:00:00+00:00,0.69838,0.71004,0.69828,0.70935,74374
2026-04-14 00:00:00+00:00,0.70935,0.71478,0.7077,0.71255,62102
2026-04-15 00:00:00+00:00,0.7121,0.71776,0.70998,0.71697,62355
2026-04-16 00:00:00+00:00,0.71532,0.71971,0.7152,0.71615,66239
2026-04-17 00:00:00+00:00,0.71584,0.72218,0.71504,0.71691,76465
2026-04-20 00:00:00+00:00,0.71206,0.71797,0.71158,0.71775,73234
2026-04-21 00:00:00+00:00,0.71755,0.71859,0.71299,0.71526,79621
2026-04-22 00:00:00+00:00,0.71485,0.71762,0.71446,0.71607,64105
2026-04-23 00:00:00+00:00,0.71493,0.71663,0.71109,0.71272,105287
2026-04-24 00:00:00+00:00,0.71257,0.71553,0.71143,0.71488,72067
2026-04-27 00:00:00+00:00,0.71315,0.71998,0.71305,0.71848,56788
2026-04-28 00:00:00+00:00,0.71749,0.71943,0.71508,0.71814,75788
2026-04-29 00:00:00+00:00,0.71683,0.71893,0.71015,0.71149,83472
2026-04-30 00:00:00+00:00,0.71018,0.72029,0.71018,0.72003,102374
2026-05-01 00:00:00+00:00,0.71982,0.72278,0.71833,0.7196,71903
2026-05-04 00:00:00+00:00,0.72001,0.722,0.71532,0.71654,89313
2026-05-05 00:00:00+00:00,0.71647,0.71976,0.71356,0.71819,62824
2026-05-06 00:00:00+00:00,0.71794,0.72774,0.716,0.72367,99953
2026-05-07 00:00:00+00:00,0.7225,0.72483,0.72249,0.72406,13679
